asset_id,clip_path,source_type,source_site_id,source_recording_id,start_s,end_s,duration_s,primary_weather,has_rain,has_wind,has_thunder,rain_intensity,wind_intensity,thunder_intensity,mixed_weather,layer_d_role,layer_d_use,analysis_use,analysis_label_quality,human_audit_status,human_weather_label,human_notes,clap_rain_score,clap_wind_score,clap_thunder_score,clap_top_label,contamination_label,env_bucket,quality_flags,run_id
site_mvp002_site257_1401640_003387_003402,acoustic_ai/layers/layer_b/attempts/lucas__smoke_1__curated_assets/data/weather/site_mvp_002/rain_primary/rain_primary__rain__site257_1401640_003387_003402.wav,site,257,1401640,3387.0,3402.0,15.0,rain,true,false,false,heavy,none,none,false,rain_primary,primary,site_ready_pool,site_policy_v03_provisional,site_ready;light_rain_audit001,rain,light rain audit001: changed rain intensity from light to heavy,0.410855,0.187865,0.273617,rain,human_or_machine,wind_env_prior,site_ready;server_a_promoted;local_staging,site_mvp_002_rain_expansion
site_mvp002_site257_1313196_000778_000793,acoustic_ai/layers/layer_b/attempts/lucas__smoke_1__curated_assets/data/weather/site_mvp_002/rain_primary/rain_primary__rain__site257_1313196_000778_000793.wav,site,257,1313196,778.0,793.0,15.0,rain,true,false,false,medium,none,none,false,rain_primary,primary,site_ready_pool,site_policy_v03_provisional,site_ready,rain,clear_rain_target_score,0.366741,0.074902,0.075428,rain,human_or_machine,wind_env_prior,site_ready;server_a_promoted;local_staging,site_mvp_002_rain_expansion
site_mvp002_site257_1313196_000202_000217,acoustic_ai/layers/layer_b/attempts/lucas__smoke_1__curated_assets/data/weather/site_mvp_002/rain_primary/rain_primary__rain__site257_1313196_000202_000217.wav,site,257,1313196,202.0,217.0,15.0,rain,true,false,false,medium,none,none,false,rain_primary,primary,site_ready_pool,site_policy_v03_provisional,site_ready,rain,clear_rain_target_score,0.342934,0.076268,0.108331,rain,bird_or_insect,wind_env_prior,site_ready;server_a_promoted;local_staging,site_mvp_002_rain_expansion
site_mvp002_site257_1313196_001630_001645,acoustic_ai/layers/layer_b/attempts/lucas__smoke_1__curated_assets/data/weather/site_mvp_002/rain_primary/rain_primary__rain__site257_1313196_001630_001645.wav,site,257,1313196,1630.0,1645.0,15.0,rain,true,false,false,medium,none,none,false,rain_primary,primary,site_ready_pool,site_policy_v03_provisional,site_ready,rain,clear_rain_target_score,0.352952,0.101963,0.135588,rain,bird_or_insect,wind_env_prior,site_ready;server_a_promoted;local_staging,site_mvp_002_rain_expansion
site_mvp002_site257_1313196_001218_001233,acoustic_ai/layers/layer_b/attempts/lucas__smoke_1__curated_assets/data/weather/site_mvp_002/rain_primary/rain_primary__rain__site257_1313196_001218_001233.wav,site,257,1313196,1218.0,1233.0,15.0,rain,true,false,false,medium,none,none,false,rain_primary,primary,site_ready_pool,site_policy_v03_provisional,site_ready,rain,clear_rain_target_score,0.333615,0.089894,0.089269,rain,human_or_machine,wind_env_prior,site_ready;server_a_promoted;local_staging,site_mvp_002_rain_expansion
site_mvp002_site257_214665_001923_001938,acoustic_ai/layers/layer_b/attempts/lucas__smoke_1__curated_assets/data/weather/site_mvp_002/rain_primary/rain_primary__rain__site257_214665_001923_001938.wav,site,257,214665,1923.0,1938.0,15.0,rain,true,false,false,light,none,none,false,rain_primary,primary,site_ready_pool,site_policy_v03_provisional,site_ready,rain,clear_rain_target_score,0.35807,0.186144,0.118117,rain,human_or_machine,wind_env_prior,site_ready;server_a_promoted;local_staging,site_mvp_002_rain_expansion
site_mvp002_site257_1313184_006689_006704,acoustic_ai/layers/layer_b/attempts/lucas__smoke_1__curated_assets/data/weather/site_mvp_002/rain_wind_mixed/rain_wind_mixed__rain_wind__site257_1313184_006689_006704.wav,site,257,1313184,6689.0,6704.0,15.0,rain+wind,true,true,false,medium,medium,none,true,rain_wind_mixed,primary,site_ready_pool,site_policy_v03_provisional,site_ready,rain+wind,usable_rain_with_wind_overlap,0.35162,0.383307,0.323979,wind,bird_or_insect,storm_env_prior,site_ready;server_a_promoted;local_staging,site_mvp_002_rain_expansion
site_mvp002_site257_1539525_006050_006065,acoustic_ai/layers/layer_b/attempts/lucas__smoke_1__curated_assets/data/weather/site_mvp_002/rain_wind_mixed/rain_wind_mixed__rain_wind__site257_1539525_006050_006065.wav,site,257,1539525,6050.0,6065.0,15.0,rain+wind,true,true,false,medium,medium,none,true,rain_wind_mixed,primary,site_ready_pool,site_policy_v03_provisional,site_ready,rain+wind,usable_rain_with_wind_overlap,0.410573,0.433329,0.274216,wind,human_or_machine,rain_env_prior,site_ready;server_a_promoted;local_staging,site_mvp_002_rain_expansion
site_mvp002_site257_216095_006349_006364,acoustic_ai/layers/layer_b/attempts/lucas__smoke_1__curated_assets/data/weather/site_mvp_002/rain_wind_mixed/rain_wind_mixed__rain_wind__site257_216095_006349_006364.wav,site,257,216095,6349.0,6364.0,15.0,rain+wind,true,true,false,medium,medium,none,true,rain_wind_mixed,primary,site_ready_pool,site_policy_v03_provisional,site_ready,rain+wind,usable_rain_with_wind_overlap,0.343928,0.359122,0.255096,wind,human_or_machine,wind_env_prior,site_ready;server_a_promoted;local_staging,site_mvp_002_rain_expansion
site_mvp002_site257_214659_006775_006790,acoustic_ai/layers/layer_b/attempts/lucas__smoke_1__curated_assets/data/weather/site_mvp_002/rain_wind_mixed/rain_wind_mixed__rain_wind__site257_214659_006775_006790.wav,site,257,214659,6775.0,6790.0,15.0,rain+wind,true,true,false,medium,medium,none,true,rain_wind_mixed,primary,site_ready_pool,site_policy_v03_provisional,site_ready,rain+wind,usable_rain_with_wind_overlap,0.458888,0.502697,0.450709,wind,human_or_machine,storm_env_prior,site_ready;server_a_promoted;local_staging,site_mvp_002_rain_expansion
site_mvp002_site257_214659_001523_001538,acoustic_ai/layers/layer_b/attempts/lucas__smoke_1__curated_assets/data/weather/site_mvp_002/rain_wind_mixed/rain_wind_mixed__rain_wind__site257_214659_001523_001538.wav,site,257,214659,1523.0,1538.0,15.0,rain+wind,true,true,false,medium,medium,none,true,rain_wind_mixed,primary,site_ready_pool,site_policy_v03_provisional,site_ready,rain+wind,usable_rain_with_wind_overlap,0.377466,0.528491,0.549582,thunder,human_or_machine,storm_env_prior,site_ready;server_a_promoted;local_staging,site_mvp_002_rain_expansion
site_mvp002_site257_216086_006035_006050,acoustic_ai/layers/layer_b/attempts/lucas__smoke_1__curated_assets/data/weather/site_mvp_002/rain_wind_mixed/rain_wind_mixed__rain_wind__site257_216086_006035_006050.wav,site,257,216086,6035.0,6050.0,15.0,rain+wind,true,true,false,medium,medium,none,true,rain_wind_mixed,primary,site_ready_pool,site_policy_v03_provisional,site_ready,rain+wind,usable_rain_with_wind_overlap,0.411558,0.505101,0.337817,wind,bird_or_insect,rain_env_prior,site_ready;server_a_promoted;local_staging,site_mvp_002_rain_expansion
site_mvp002_site257_216086_006050_006065,acoustic_ai/layers/layer_b/attempts/lucas__smoke_1__curated_assets/data/weather/site_mvp_002/rain_wind_mixed/rain_wind_mixed__rain_wind__site257_216086_006050_006065.wav,site,257,216086,6050.0,6065.0,15.0,rain+wind,true,true,false,medium,medium,none,true,rain_wind_mixed,primary,site_ready_pool,site_policy_v03_provisional,site_ready,rain+wind,usable_rain_with_wind_overlap,0.370992,0.533478,0.427187,wind,human_or_machine,rain_env_prior,site_ready;server_a_promoted;local_staging,site_mvp_002_rain_expansion
site_mvp002_site257_1313184_000390_000405,acoustic_ai/layers/layer_b/attempts/lucas__smoke_1__curated_assets/data/weather/site_mvp_002/wind_primary/wind_primary__wind__site257_1313184_000390_000405.wav,site,257,1313184,390.0,405.0,15.0,wind,false,true,false,none,heavy,none,false,wind_primary,primary,site_ready_pool,site_policy_v03_provisional,site_ready,wind,clear_wind_target_score,0.36141,0.567586,0.38728,wind,human_or_machine,storm_env_prior,site_ready;server_a_promoted;local_staging,site_mvp_002_rain_expansion
site_mvp002_site257_215474_002465_002480,acoustic_ai/layers/layer_b/attempts/lucas__smoke_1__curated_assets/data/weather/site_mvp_002/wind_primary/wind_primary__wind__site257_215474_002465_002480.wav,site,257,215474,2465.0,2480.0,15.0,wind,false,true,false,none,heavy,none,false,wind_primary,primary,site_ready_pool,site_policy_v03_provisional,site_ready,wind,clear_wind_target_score,0.444527,0.555687,0.378619,wind,human_or_machine,wind_env_prior,site_ready;server_a_promoted;local_staging,site_mvp_002_rain_expansion
site_mvp002_site257_216088_005471_005486,acoustic_ai/layers/layer_b/attempts/lucas__smoke_1__curated_assets/data/weather/site_mvp_002/wind_primary/wind_primary__wind__site257_216088_005471_005486.wav,site,257,216088,5471.0,5486.0,15.0,wind,false,true,false,none,medium,none,false,wind_primary,primary,site_ready_pool,site_policy_v03_provisional,site_ready,wind,clear_wind_target_score,0.34618,0.588701,0.462103,wind,human_or_machine,wind_env_prior,site_ready;server_a_promoted;local_staging,site_mvp_002_rain_expansion
site_mvp002_site257_215192_005663_005678,acoustic_ai/layers/layer_b/attempts/lucas__smoke_1__curated_assets/data/weather/site_mvp_002/wind_primary/wind_primary__wind__site257_215192_005663_005678.wav,site,257,215192,5663.0,5678.0,15.0,wind,false,true,false,none,medium,none,false,wind_primary,primary,site_ready_pool,site_policy_v03_provisional,site_ready,wind,clear_wind_target_score,0.283652,0.58344,0.376578,wind,human_or_machine,wind_env_prior,site_ready;server_a_promoted;local_staging,site_mvp_002_rain_expansion
site_mvp002_site257_215474_005303_005318,acoustic_ai/layers/layer_b/attempts/lucas__smoke_1__curated_assets/data/weather/site_mvp_002/wind_primary/wind_primary__wind__site257_215474_005303_005318.wav,site,257,215474,5303.0,5318.0,15.0,wind,false,true,false,none,heavy,none,false,wind_primary,primary,site_ready_pool,site_policy_v03_provisional,site_ready,wind,clear_wind_target_score,0.418971,0.547947,0.474317,wind,human_or_machine,wind_env_prior,site_ready;server_a_promoted;local_staging,site_mvp_002_rain_expansion
site_mvp002_site257_445592_003252_003267,acoustic_ai/layers/layer_b/attempts/lucas__smoke_1__curated_assets/data/weather/site_mvp_002/wind_primary/wind_primary__wind__site257_445592_003252_003267.wav,site,257,445592,3252.0,3267.0,15.0,wind,false,true,false,none,medium,none,false,wind_primary,primary,site_ready_pool,site_policy_v03_provisional,site_ready,wind,clear_wind_target_score,0.413732,0.572305,0.466599,wind,human_or_machine,wind_env_prior,site_ready;server_a_promoted;local_staging,site_mvp_002_rain_expansion
site_mvp002_site257_1400024_000225_000240,acoustic_ai/layers/layer_b/attempts/lucas__smoke_1__curated_assets/data/weather/site_mvp_002/wind_primary/wind_primary__wind__site257_1400024_000225_000240.wav,site,257,1400024,225.0,240.0,15.0,wind,false,true,false,none,medium,none,false,wind_primary,primary,site_ready_pool,site_policy_v03_provisional,site_ready,wind,clear_wind_target_score,0.302889,0.564506,0.328766,wind,human_or_machine,wind_env_prior,site_ready;server_a_promoted;local_staging,site_mvp_002_rain_expansion
site_mvp002_site257_215185_002576_002591,acoustic_ai/layers/layer_b/attempts/lucas__smoke_1__curated_assets/data/weather/site_mvp_002/wind_primary/wind_primary__wind__site257_215185_002576_002591.wav,site,257,215185,2576.0,2591.0,15.0,wind,false,true,false,none,medium,none,false,wind_primary,primary,site_ready_pool,site_policy_v03_provisional,site_ready,wind,clear_wind_target_score,0.354947,0.573817,0.375068,wind,human_or_machine,wind_env_prior,site_ready;server_a_promoted;local_staging,site_mvp_002_rain_expansion
site_mvp002_site257_5486_000323_000338,acoustic_ai/layers/layer_b/attempts/lucas__smoke_1__curated_assets/data/weather/site_mvp_002/wind_primary/wind_primary__wind__site257_5486_000323_000338.wav,site,257,5486,323.0,338.0,15.0,wind,false,true,false,none,heavy,none,false,wind_primary,primary,site_ready_pool,site_policy_v03_provisional,site_ready,wind,clear_wind_target_score,0.342669,0.573163,0.394378,wind,human_or_machine,wind_env_prior,site_ready;server_a_promoted;local_staging,site_mvp_002_rain_expansion
site_mvp002_site257_1313184_002222_002237,acoustic_ai/layers/layer_b/attempts/lucas__smoke_1__curated_assets/data/weather/site_mvp_002/wind_primary/wind_primary__wind__site257_1313184_002222_002237.wav,site,257,1313184,2222.0,2237.0,15.0,wind,false,true,false,none,heavy,none,false,wind_primary,primary,site_ready_pool,site_policy_v03_provisional,site_ready,wind,clear_wind_target_score,0.359808,0.517718,0.375908,wind,bird_or_insect,storm_env_prior,site_ready;server_a_promoted;local_staging,site_mvp_002_rain_expansion
site_mvp002_site257_4881_005831_005846,acoustic_ai/layers/layer_b/attempts/lucas__smoke_1__curated_assets/data/weather/site_mvp_002/wind_primary/wind_primary__wind__site257_4881_005831_005846.wav,site,257,4881,5831.0,5846.0,15.0,wind,false,true,false,none,medium,none,false,wind_primary,primary,site_ready_pool,site_policy_v03_provisional,site_ready,wind,clear_wind_target_score,0.369127,0.56873,0.399112,wind,human_or_machine,wind_env_prior,site_ready;server_a_promoted;local_staging,site_mvp_002_rain_expansion
site_mvp002_site257_215467_003974_003989,acoustic_ai/layers/layer_b/attempts/lucas__smoke_1__curated_assets/data/weather/site_mvp_002/wind_primary/wind_primary__wind__site257_215467_003974_003989.wav,site,257,215467,3974.0,3989.0,15.0,wind,false,true,false,none,medium,none,false,wind_primary,primary,site_ready_pool,site_policy_v03_provisional,site_ready,wind,clear_wind_target_score,0.323128,0.557751,0.319957,wind,human_or_machine,wind_env_prior,site_ready;server_a_promoted;local_staging,site_mvp_002_rain_expansion
site_mvp002_site257_214659_001698_001713,acoustic_ai/layers/layer_b/attempts/lucas__smoke_1__curated_assets/data/weather/site_mvp_002/wind_primary/wind_primary__wind__site257_214659_001698_001713.wav,site,257,214659,1698.0,1713.0,15.0,wind,false,true,false,none,heavy,none,false,wind_primary,primary,site_ready_pool,site_policy_v03_provisional,site_ready,wind,clear_wind_target_score,0.288228,0.550089,0.357752,wind,human_or_machine,storm_env_prior,site_ready;server_a_promoted;local_staging,site_mvp_002_rain_expansion
site_mvp002_site257_214503_003510_003525,acoustic_ai/layers/layer_b/attempts/lucas__smoke_1__curated_assets/data/weather/site_mvp_002/wind_primary/wind_primary__wind__site257_214503_003510_003525.wav,site,257,214503,3510.0,3525.0,15.0,wind,false,true,false,none,medium,none,false,wind_primary,primary,site_ready_pool,site_policy_v03_provisional,site_ready,wind,clear_wind_target_score,0.334027,0.552334,0.341853,wind,human_or_machine,wind_env_prior,site_ready;server_a_promoted;local_staging,site_mvp_002_rain_expansion
site_mvp002_site257_5486_003304_003319,acoustic_ai/layers/layer_b/attempts/lucas__smoke_1__curated_assets/data/weather/site_mvp_002/wind_primary/wind_primary__wind__site257_5486_003304_003319.wav,site,257,5486,3304.0,3319.0,15.0,wind,false,true,false,none,heavy,none,false,wind_primary,primary,site_ready_pool,site_policy_v03_provisional,site_ready,wind,clear_wind_target_score,0.313044,0.555023,0.492755,wind,human_or_machine,wind_env_prior,site_ready;server_a_promoted;local_staging,site_mvp_002_rain_expansion
site_mvp002_site257_5421_003302_003317,acoustic_ai/layers/layer_b/attempts/lucas__smoke_1__curated_assets/data/weather/site_mvp_002/wind_primary/wind_primary__wind__site257_5421_003302_003317.wav,site,257,5421,3302.0,3317.0,15.0,wind,false,true,false,none,medium,none,false,wind_primary,primary,site_ready_pool,site_policy_v03_provisional,site_ready,wind,clear_wind_target_score,0.329839,0.561538,0.36347,wind,human_or_machine,wind_env_prior,site_ready;server_a_promoted;local_staging,site_mvp_002_rain_expansion
site_mvp002_site257_215473_002356_002371,acoustic_ai/layers/layer_b/attempts/lucas__smoke_1__curated_assets/data/weather/site_mvp_002/wind_primary/wind_primary__wind__site257_215473_002356_002371.wav,site,257,215473,2356.0,2371.0,15.0,wind,false,true,false,none,heavy,none,false,wind_primary,primary,site_ready_pool,site_policy_v03_provisional,site_ready,wind,clear_wind_target_score,0.341078,0.549852,0.492966,wind,human_or_machine,wind_env_prior,site_ready;server_a_promoted;local_staging,site_mvp_002_rain_expansion
site_mvp002_site257_5493_000879_000894,acoustic_ai/layers/layer_b/attempts/lucas__smoke_1__curated_assets/data/weather/site_mvp_002/wind_primary/wind_primary__wind__site257_5493_000879_000894.wav,site,257,5493,879.0,894.0,15.0,wind,false,true,false,none,heavy,none,false,wind_primary,primary,site_ready_pool,site_policy_v03_provisional,site_ready,wind,clear_wind_target_score,0.292589,0.506528,0.425494,wind,bird_or_insect,wind_env_prior,site_ready;server_a_promoted;local_staging,site_mvp_002_rain_expansion
site_mvp002_site257_1536675_005667_005682,acoustic_ai/layers/layer_b/attempts/lucas__smoke_1__curated_assets/data/weather/site_mvp_002/wind_primary/wind_primary__wind__site257_1536675_005667_005682.wav,site,257,1536675,5667.0,5682.0,15.0,wind,false,true,false,none,medium,none,false,wind_primary,primary,site_ready_pool,site_policy_v03_provisional,site_ready,wind,clear_wind_target_score,0.354467,0.547638,0.318201,wind,human_or_machine,wind_env_prior,site_ready;server_a_promoted;local_staging,site_mvp_002_rain_expansion
site_mvp002_site257_4887_002248_002263,acoustic_ai/layers/layer_b/attempts/lucas__smoke_1__curated_assets/data/weather/site_mvp_002/wind_primary/wind_primary__wind__site257_4887_002248_002263.wav,site,257,4887,2248.0,2263.0,15.0,wind,false,true,false,none,medium,none,false,wind_primary,primary,site_ready_pool,site_policy_v03_provisional,site_ready,wind,clear_wind_target_score,0.353726,0.557935,0.326306,wind,human_or_machine,wind_env_prior,site_ready;server_a_promoted;local_staging,site_mvp_002_rain_expansion
site_mvp002_site257_1534209_002816_002831,acoustic_ai/layers/layer_b/attempts/lucas__smoke_1__curated_assets/data/weather/site_mvp_002/wind_primary/wind_primary__wind__site257_1534209_002816_002831.wav,site,257,1534209,2816.0,2831.0,15.0,wind,false,true,false,none,medium,none,false,wind_primary,primary,site_ready_pool,site_policy_v03_provisional,site_ready,wind,clear_wind_target_score,0.284582,0.535629,0.396506,wind,human_or_machine,wind_env_prior,site_ready;server_a_promoted;local_staging,site_mvp_002_rain_expansion
site_mvp002_site257_215191_006457_006472,acoustic_ai/layers/layer_b/attempts/lucas__smoke_1__curated_assets/data/weather/site_mvp_002/wind_primary/wind_primary__wind__site257_215191_006457_006472.wav,site,257,215191,6457.0,6472.0,15.0,wind,false,true,false,none,medium,none,false,wind_primary,primary,site_ready_pool,site_policy_v03_provisional,site_ready,wind,clear_wind_target_score,0.391846,0.543434,0.313542,wind,human_or_machine,wind_env_prior,site_ready;server_a_promoted;local_staging,site_mvp_002_rain_expansion
site_mvp002_site257_5486_003238_003253,acoustic_ai/layers/layer_b/attempts/lucas__smoke_1__curated_assets/data/weather/site_mvp_002/wind_primary/wind_primary__wind__site257_5486_003238_003253.wav,site,257,5486,3238.0,3253.0,15.0,wind,false,true,false,none,heavy,none,false,wind_primary,primary,site_ready_pool,site_policy_v03_provisional,site_ready,wind,clear_wind_target_score,0.335882,0.541879,0.318086,wind,human_or_machine,wind_env_prior,site_ready;server_a_promoted;local_staging,site_mvp_002_rain_expansion
site_mvp002_site257_1400016_004760_004775,acoustic_ai/layers/layer_b/attempts/lucas__smoke_1__curated_assets/data/weather/site_mvp_002/wind_primary/wind_primary__wind__site257_1400016_004760_004775.wav,site,257,1400016,4760.0,4775.0,15.0,wind,false,true,false,none,heavy,none,false,wind_primary,primary,site_ready_pool,site_policy_v03_provisional,site_ready,wind,clear_wind_target_score,0.30781,0.536025,0.354913,wind,human_or_machine,wind_env_prior,site_ready;server_a_promoted;local_staging,site_mvp_002_rain_expansion
site_mvp002_site257_215473_000973_000988,acoustic_ai/layers/layer_b/attempts/lucas__smoke_1__curated_assets/data/weather/site_mvp_002/wind_primary/wind_primary__wind__site257_215473_000973_000988.wav,site,257,215473,973.0,988.0,15.0,wind,false,true,false,none,heavy,none,false,wind_primary,primary,site_ready_pool,site_policy_v03_provisional,site_ready,wind,clear_wind_target_score,0.371736,0.548847,0.344141,wind,human_or_machine,wind_env_prior,site_ready;server_a_promoted;local_staging,site_mvp_002_rain_expansion
site_mvp002_site257_4887_000478_000493,acoustic_ai/layers/layer_b/attempts/lucas__smoke_1__curated_assets/data/weather/site_mvp_002/wind_primary/wind_primary__wind__site257_4887_000478_000493.wav,site,257,4887,478.0,493.0,15.0,wind,false,true,false,none,medium,none,false,wind_primary,primary,site_ready_pool,site_policy_v03_provisional,site_ready,wind,clear_wind_target_score,0.326845,0.538533,0.283523,wind,human_or_machine,wind_env_prior,site_ready;server_a_promoted;local_staging,site_mvp_002_rain_expansion
site_mvp002_site257_1679611_002125_002140,acoustic_ai/layers/layer_b/attempts/lucas__smoke_1__curated_assets/data/weather/site_mvp_002/wind_primary/wind_primary__wind__site257_1679611_002125_002140.wav,site,257,1679611,2125.0,2140.0,15.0,wind,false,true,false,none,medium,none,false,wind_primary,primary,site_ready_pool,site_policy_v03_provisional,site_ready,wind,clear_wind_target_score,0.326713,0.539263,0.325854,wind,human_or_machine,wind_env_prior,site_ready;server_a_promoted;local_staging,site_mvp_002_rain_expansion
site_mvp002_site257_215185_001732_001747,acoustic_ai/layers/layer_b/attempts/lucas__smoke_1__curated_assets/data/weather/site_mvp_002/wind_primary/wind_primary__wind__site257_215185_001732_001747.wav,site,257,215185,1732.0,1747.0,15.0,wind,false,true,false,none,medium,none,false,wind_primary,primary,site_ready_pool,site_policy_v03_provisional,site_ready,wind,clear_wind_target_score,0.387066,0.542201,0.450296,wind,human_or_machine,wind_env_prior,site_ready;server_a_promoted;local_staging,site_mvp_002_rain_expansion
site_mvp002_site257_215467_006489_006504,acoustic_ai/layers/layer_b/attempts/lucas__smoke_1__curated_assets/data/weather/site_mvp_002/wind_primary/wind_primary__wind__site257_215467_006489_006504.wav,site,257,215467,6489.0,6504.0,15.0,wind,false,true,false,none,medium,none,false,wind_primary,primary,site_ready_pool,site_policy_v03_provisional,site_ready,wind,clear_wind_target_score,0.290669,0.532303,0.405058,wind,human_or_machine,wind_env_prior,site_ready;server_a_promoted;local_staging,site_mvp_002_rain_expansion
site_mvp002_site257_445759_006045_006060,acoustic_ai/layers/layer_b/attempts/lucas__smoke_1__curated_assets/data/weather/site_mvp_002/wind_primary/wind_primary__wind__site257_445759_006045_006060.wav,site,257,445759,6045.0,6060.0,15.0,wind,false,true,false,none,heavy,none,false,wind_primary,primary,site_ready_pool,site_policy_v03_provisional,site_ready,wind,clear_wind_target_score,0.419703,0.519004,0.369536,wind,human_or_machine,wind_env_prior,site_ready;server_a_promoted;local_staging,site_mvp_002_rain_expansion
site_mvp002_site257_5493_002653_002668,acoustic_ai/layers/layer_b/attempts/lucas__smoke_1__curated_assets/data/weather/site_mvp_002/wind_primary/wind_primary__wind__site257_5493_002653_002668.wav,site,257,5493,2653.0,2668.0,15.0,wind,false,true,false,none,heavy,none,false,wind_primary,primary,site_ready_pool,site_policy_v03_provisional,site_ready,wind,clear_wind_target_score,0.34034,0.485629,0.276923,wind,bird_or_insect,wind_env_prior,site_ready;server_a_promoted;local_staging,site_mvp_002_rain_expansion
site_mvp002_site257_1400016_001802_001817,acoustic_ai/layers/layer_b/attempts/lucas__smoke_1__curated_assets/data/weather/site_mvp_002/wind_primary/wind_primary__wind__site257_1400016_001802_001817.wav,site,257,1400016,1802.0,1817.0,15.0,wind,false,true,false,none,heavy,none,false,wind_primary,primary,site_ready_pool,site_policy_v03_provisional,site_ready,wind,clear_wind_target_score,0.376683,0.536888,0.434004,wind,human_or_machine,wind_env_prior,site_ready;server_a_promoted;local_staging,site_mvp_002_rain_expansion
site_mvp002_site257_1400024_005131_005146,acoustic_ai/layers/layer_b/attempts/lucas__smoke_1__curated_assets/data/weather/site_mvp_002/wind_primary/wind_primary__wind__site257_1400024_005131_005146.wav,site,257,1400024,5131.0,5146.0,15.0,wind,false,true,false,none,medium,none,false,wind_primary,primary,site_ready_pool,site_policy_v03_provisional,site_ready,wind,clear_wind_target_score,0.219166,0.51663,0.403145,wind,human_or_machine,wind_env_prior,site_ready;server_a_promoted;local_staging,site_mvp_002_rain_expansion
site_mvp002_site257_1401701_005802_005817,acoustic_ai/layers/layer_b/attempts/lucas__smoke_1__curated_assets/data/weather/site_mvp_002/wind_primary/wind_primary__wind__site257_1401701_005802_005817.wav,site,257,1401701,5802.0,5817.0,15.0,wind,false,true,false,none,medium,none,false,wind_primary,primary,site_ready_pool,site_policy_v03_provisional,site_ready,wind,clear_wind_target_score,0.275216,0.524568,0.447125,wind,human_or_machine,wind_env_prior,site_ready;server_a_promoted;local_staging,site_mvp_002_rain_expansion
site_mvp002_site257_1535362_005982_005997,acoustic_ai/layers/layer_b/attempts/lucas__smoke_1__curated_assets/data/weather/site_mvp_002/wind_primary/wind_primary__wind__site257_1535362_005982_005997.wav,site,257,1535362,5982.0,5997.0,15.0,wind,false,true,false,none,medium,none,false,wind_primary,primary,site_ready_pool,site_policy_v03_provisional,site_ready,wind,clear_wind_target_score,0.386192,0.515779,0.314551,wind,human_or_machine,wind_env_prior,site_ready;server_a_promoted;local_staging,site_mvp_002_rain_expansion
site_mvp002_site257_215191_006284_006299,acoustic_ai/layers/layer_b/attempts/lucas__smoke_1__curated_assets/data/weather/site_mvp_002/wind_primary/wind_primary__wind__site257_215191_006284_006299.wav,site,257,215191,6284.0,6299.0,15.0,wind,false,true,false,none,medium,none,false,wind_primary,primary,site_ready_pool,site_policy_v03_provisional,site_ready,wind,clear_wind_target_score,0.322749,0.534283,0.331711,wind,human_or_machine,wind_env_prior,site_ready;server_a_promoted;local_staging,site_mvp_002_rain_expansion
site_mvp002_site257_1534211_002675_002690,acoustic_ai/layers/layer_b/attempts/lucas__smoke_1__curated_assets/data/weather/site_mvp_002/wind_primary/wind_primary__wind__site257_1534211_002675_002690.wav,site,257,1534211,2675.0,2690.0,15.0,wind,false,true,false,none,heavy,none,false,wind_primary,primary,site_ready_pool,site_policy_v03_provisional,site_ready,wind,clear_wind_target_score,0.298713,0.510992,0.4285,wind,bird_or_insect,wind_env_prior,site_ready;server_a_promoted;local_staging,site_mvp_002_rain_expansion
site_mvp002_site257_1679611_004279_004294,acoustic_ai/layers/layer_b/attempts/lucas__smoke_1__curated_assets/data/weather/site_mvp_002/wind_primary/wind_primary__wind__site257_1679611_004279_004294.wav,site,257,1679611,4279.0,4294.0,15.0,wind,false,true,false,none,medium,none,false,wind_primary,primary,site_ready_pool,site_policy_v03_provisional,site_ready,wind,clear_wind_target_score,0.310606,0.533765,0.368986,wind,human_or_machine,wind_env_prior,site_ready;server_a_promoted;local_staging,site_mvp_002_rain_expansion
site_mvp002_site257_1401104_001140_001155,acoustic_ai/layers/layer_b/attempts/lucas__smoke_1__curated_assets/data/weather/site_mvp_002/wind_primary/wind_primary__wind__site257_1401104_001140_001155.wav,site,257,1401104,1140.0,1155.0,15.0,wind,false,true,false,none,medium,none,false,wind_primary,primary,site_ready_pool,site_policy_v03_provisional,site_ready,wind,clear_wind_target_score,0.281853,0.516064,0.416929,wind,human_or_machine,wind_env_prior,site_ready;server_a_promoted;local_staging,site_mvp_002_rain_expansion
site_mvp002_site257_215467_002353_002368,acoustic_ai/layers/layer_b/attempts/lucas__smoke_1__curated_assets/data/weather/site_mvp_002/wind_primary/wind_primary__wind__site257_215467_002353_002368.wav,site,257,215467,2353.0,2368.0,15.0,wind,false,true,false,none,medium,none,false,wind_primary,primary,site_ready_pool,site_policy_v03_provisional,site_ready,wind,clear_wind_target_score,0.300676,0.515583,0.449578,wind,human_or_machine,wind_env_prior,site_ready;server_a_promoted;local_staging,site_mvp_002_rain_expansion
site_mvp002_site257_214836_002316_002331,acoustic_ai/layers/layer_b/attempts/lucas__smoke_1__curated_assets/data/weather/site_mvp_002/wind_primary/wind_primary__wind__site257_214836_002316_002331.wav,site,257,214836,2316.0,2331.0,15.0,wind,false,true,false,none,medium,none,false,wind_primary,primary,site_ready_pool,site_policy_v03_provisional,site_ready,wind,clear_wind_target_score,0.304322,0.526961,0.305463,wind,bird_or_insect,wind_env_prior,site_ready;server_a_promoted;local_staging,site_mvp_002_rain_expansion
site_mvp002_site257_5413_002074_002089,acoustic_ai/layers/layer_b/attempts/lucas__smoke_1__curated_assets/data/weather/site_mvp_002/wind_primary/wind_primary__wind__site257_5413_002074_002089.wav,site,257,5413,2074.0,2089.0,15.0,wind,false,true,false,none,medium,none,false,wind_primary,primary,site_ready_pool,site_policy_v03_provisional,site_ready,wind,clear_wind_target_score,0.343551,0.51477,0.404958,wind,human_or_machine,wind_env_prior,site_ready;server_a_promoted;local_staging,site_mvp_002_rain_expansion
site_mvp002_site257_216466_002726_002741,acoustic_ai/layers/layer_b/attempts/lucas__smoke_1__curated_assets/data/weather/site_mvp_002/wind_primary/wind_primary__wind__site257_216466_002726_002741.wav,site,257,216466,2726.0,2741.0,15.0,wind,false,true,false,none,heavy,none,false,wind_primary,primary,site_ready_pool,site_policy_v03_provisional,site_ready,wind,clear_wind_target_score,0.28557,0.508584,0.340742,wind,bird_or_insect,wind_env_prior,site_ready;server_a_promoted;local_staging,site_mvp_002_rain_expansion
site_mvp002_site257_1535362_004107_004122,acoustic_ai/layers/layer_b/attempts/lucas__smoke_1__curated_assets/data/weather/site_mvp_002/wind_primary/wind_primary__wind__site257_1535362_004107_004122.wav,site,257,1535362,4107.0,4122.0,15.0,wind,false,true,false,none,medium,none,false,wind_primary,primary,site_ready_pool,site_policy_v03_provisional,site_ready,wind,clear_wind_target_score,0.339436,0.518305,0.338755,wind,bird_or_insect,wind_env_prior,site_ready;server_a_promoted;local_staging,site_mvp_002_rain_expansion
site_mvp002_site257_215473_006056_006071,acoustic_ai/layers/layer_b/attempts/lucas__smoke_1__curated_assets/data/weather/site_mvp_002/wind_primary/wind_primary__wind__site257_215473_006056_006071.wav,site,257,215473,6056.0,6071.0,15.0,wind,false,true,false,none,heavy,none,false,wind_primary,primary,site_ready_pool,site_policy_v03_provisional,site_ready,wind,clear_wind_target_score,0.317496,0.519264,0.319099,wind,human_or_machine,wind_env_prior,site_ready;server_a_promoted;local_staging,site_mvp_002_rain_expansion
site_mvp002_site257_1313184_006451_006466,acoustic_ai/layers/layer_b/attempts/lucas__smoke_1__curated_assets/data/weather/site_mvp_002/wind_primary/wind_primary__wind__site257_1313184_006451_006466.wav,site,257,1313184,6451.0,6466.0,15.0,wind,false,true,false,none,heavy,none,false,wind_primary,primary,site_ready_pool,site_policy_v03_provisional,site_ready,wind,clear_wind_target_score,0.316093,0.474328,0.249282,wind,human_or_machine,storm_env_prior,site_ready;server_a_promoted;local_staging,site_mvp_002_rain_expansion
site_mvp002_site257_1401100_000997_001012,acoustic_ai/layers/layer_b/attempts/lucas__smoke_1__curated_assets/data/weather/site_mvp_002/wind_primary/wind_primary__wind__site257_1401100_000997_001012.wav,site,257,1401100,997.0,1012.0,15.0,wind,false,true,false,none,medium,none,false,wind_primary,primary,site_ready_pool,site_policy_v03_provisional,site_ready,wind,clear_wind_target_score,0.285934,0.512963,0.408277,wind,bird_or_insect,wind_env_prior,site_ready;server_a_promoted;local_staging,site_mvp_002_rain_expansion
site_mvp002_site257_5299_002749_002764,acoustic_ai/layers/layer_b/attempts/lucas__smoke_1__curated_assets/data/weather/site_mvp_002/wind_primary/wind_primary__wind__site257_5299_002749_002764.wav,site,257,5299,2749.0,2764.0,15.0,wind,false,true,false,none,light,none,false,wind_primary,primary,site_ready_pool,site_policy_v03_provisional,site_ready,wind,clear_wind_target_score,0.230602,0.499401,0.387151,wind,bird_or_insect,wind_env_prior,site_ready;server_a_promoted;local_staging,site_mvp_002_rain_expansion
site_mvp002_site257_214503_005443_005458,acoustic_ai/layers/layer_b/attempts/lucas__smoke_1__curated_assets/data/weather/site_mvp_002/wind_primary/wind_primary__wind__site257_214503_005443_005458.wav,site,257,214503,5443.0,5458.0,15.0,wind,false,true,false,none,medium,none,false,wind_primary,primary,site_ready_pool,site_policy_v03_provisional,site_ready,wind,clear_wind_target_score,0.299106,0.505293,0.338324,wind,human_or_machine,wind_env_prior,site_ready;server_a_promoted;local_staging,site_mvp_002_rain_expansion
site_mvp002_site257_214836_002435_002450,acoustic_ai/layers/layer_b/attempts/lucas__smoke_1__curated_assets/data/weather/site_mvp_002/wind_primary/wind_primary__wind__site257_214836_002435_002450.wav,site,257,214836,2435.0,2450.0,15.0,wind,false,true,false,none,medium,none,false,wind_primary,primary,site_ready_pool,site_policy_v03_provisional,site_ready,wind,clear_wind_target_score,0.241853,0.514915,0.338697,wind,human_or_machine,wind_env_prior,site_ready;server_a_promoted;local_staging,site_mvp_002_rain_expansion
site_mvp002_site257_215192_001929_001944,acoustic_ai/layers/layer_b/attempts/lucas__smoke_1__curated_assets/data/weather/site_mvp_002/wind_primary/wind_primary__wind__site257_215192_001929_001944.wav,site,257,215192,1929.0,1944.0,15.0,wind,false,true,false,none,medium,none,false,wind_primary,primary,site_ready_pool,site_policy_v03_provisional,site_ready,wind,clear_wind_target_score,0.312384,0.505231,0.346164,wind,human_or_machine,wind_env_prior,site_ready;server_a_promoted;local_staging,site_mvp_002_rain_expansion
site_mvp002_site257_445592_001567_001582,acoustic_ai/layers/layer_b/attempts/lucas__smoke_1__curated_assets/data/weather/site_mvp_002/wind_primary/wind_primary__wind__site257_445592_001567_001582.wav,site,257,445592,1567.0,1582.0,15.0,wind,false,true,false,none,medium,none,false,wind_primary,primary,site_ready_pool,site_policy_v03_provisional,site_ready,wind,clear_wind_target_score,0.261767,0.503841,0.426,wind,human_or_machine,wind_env_prior,site_ready;server_a_promoted;local_staging,site_mvp_002_rain_expansion
site_mvp002_site257_215103_005821_005836,acoustic_ai/layers/layer_b/attempts/lucas__smoke_1__curated_assets/data/weather/site_mvp_002/wind_primary/wind_primary__wind__site257_215103_005821_005836.wav,site,257,215103,5821.0,5836.0,15.0,wind,false,true,false,none,medium,none,false,wind_primary,primary,site_ready_pool,site_policy_v03_provisional,site_ready,wind,clear_wind_target_score,0.293943,0.512091,0.322802,wind,bird_or_insect,wind_env_prior,site_ready;server_a_promoted;local_staging,site_mvp_002_rain_expansion
site_mvp002_site257_1535837_002574_002589,acoustic_ai/layers/layer_b/attempts/lucas__smoke_1__curated_assets/data/weather/site_mvp_002/wind_primary/wind_primary__wind__site257_1535837_002574_002589.wav,site,257,1535837,2574.0,2589.0,15.0,wind,false,true,false,none,medium,none,false,wind_primary,primary,site_ready_pool,site_policy_v03_provisional,site_ready,wind,clear_wind_target_score,0.243364,0.50374,0.396634,wind,bird_or_insect,wind_env_prior,site_ready;server_a_promoted;local_staging,site_mvp_002_rain_expansion
site_mvp002_site257_445759_006756_006771,acoustic_ai/layers/layer_b/attempts/lucas__smoke_1__curated_assets/data/weather/site_mvp_002/wind_primary/wind_primary__wind__site257_445759_006756_006771.wav,site,257,445759,6756.0,6771.0,15.0,wind,false,true,false,none,heavy,none,false,wind_primary,primary,site_ready_pool,site_policy_v03_provisional,site_ready,wind,clear_wind_target_score,0.389424,0.480134,0.288759,wind,human_or_machine,wind_env_prior,site_ready;server_a_promoted;local_staging,site_mvp_002_rain_expansion
site_mvp002_site257_445759_000655_000670,acoustic_ai/layers/layer_b/attempts/lucas__smoke_1__curated_assets/data/weather/site_mvp_002/wind_primary/wind_primary__wind__site257_445759_000655_000670.wav,site,257,445759,655.0,670.0,15.0,wind,false,true,false,none,heavy,none,false,wind_primary,primary,site_ready_pool,site_policy_v03_provisional,site_ready,wind,clear_wind_target_score,0.376756,0.494653,0.243595,wind,bird_or_insect,wind_env_prior,site_ready;server_a_promoted;local_staging,site_mvp_002_rain_expansion
site_mvp002_site257_215191_005671_005686,acoustic_ai/layers/layer_b/attempts/lucas__smoke_1__curated_assets/data/weather/site_mvp_002/wind_primary/wind_primary__wind__site257_215191_005671_005686.wav,site,257,215191,5671.0,5686.0,15.0,wind,false,true,false,none,medium,none,false,wind_primary,primary,site_ready_pool,site_policy_v03_provisional,site_ready,wind,clear_wind_target_score,0.30371,0.506041,0.313389,wind,human_or_machine,wind_env_prior,site_ready;server_a_promoted;local_staging,site_mvp_002_rain_expansion
site_mvp002_site257_4889_006727_006742,acoustic_ai/layers/layer_b/attempts/lucas__smoke_1__curated_assets/data/weather/site_mvp_002/wind_primary/wind_primary__wind__site257_4889_006727_006742.wav,site,257,4889,6727.0,6742.0,15.0,wind,false,true,false,none,medium,none,false,wind_primary,primary,site_ready_pool,site_policy_v03_provisional,site_ready,wind,clear_wind_target_score,0.303201,0.503196,0.4414,wind,human_or_machine,wind_env_prior,site_ready;server_a_promoted;local_staging,site_mvp_002_rain_expansion
site_mvp002_site257_1400378_001105_001120,acoustic_ai/layers/layer_b/attempts/lucas__smoke_1__curated_assets/data/weather/site_mvp_002/wind_primary/wind_primary__wind__site257_1400378_001105_001120.wav,site,257,1400378,1105.0,1120.0,15.0,wind,false,true,false,none,medium,none,false,wind_primary,primary,site_ready_pool,site_policy_v03_provisional,site_ready,wind,clear_wind_target_score,0.309618,0.50122,0.353438,wind,bird_or_insect,wind_env_prior,site_ready;server_a_promoted;local_staging,site_mvp_002_rain_expansion
site_mvp002_site257_215122_002785_002800,acoustic_ai/layers/layer_b/attempts/lucas__smoke_1__curated_assets/data/weather/site_mvp_002/wind_primary/wind_primary__wind__site257_215122_002785_002800.wav,site,257,215122,2785.0,2800.0,15.0,wind,false,true,false,none,medium,none,false,wind_primary,primary,site_ready_pool,site_policy_v03_provisional,site_ready,wind,clear_wind_target_score,0.306413,0.501427,0.431377,wind,human_or_machine,wind_env_prior,site_ready;server_a_promoted;local_staging,site_mvp_002_rain_expansion
site_mvp002_site257_1313184_001227_001242,acoustic_ai/layers/layer_b/attempts/lucas__smoke_1__curated_assets/data/weather/site_mvp_002/wind_primary/wind_primary__wind__site257_1313184_001227_001242.wav,site,257,1313184,1227.0,1242.0,15.0,wind,false,true,false,none,heavy,none,false,wind_primary,primary,site_ready_pool,site_policy_v03_provisional,site_ready,wind,clear_wind_target_score,0.29061,0.437053,0.384336,wind,human_or_machine,storm_env_prior,site_ready;server_a_promoted;local_staging,site_mvp_002_rain_expansion
site_mvp002_site257_445765_000540_000555,acoustic_ai/layers/layer_b/attempts/lucas__smoke_1__curated_assets/data/weather/site_mvp_002/wind_primary/wind_primary__wind__site257_445765_000540_000555.wav,site,257,445765,540.0,555.0,15.0,wind,false,true,false,none,heavy,none,false,wind_primary,primary,site_ready_pool,site_policy_v03_provisional,site_ready,wind,clear_wind_target_score,0.240716,0.449673,0.209811,wind,bird_or_insect,wind_env_prior,site_ready;server_a_promoted;local_staging,site_mvp_002_rain_expansion
site_mvp002_site257_1402288_000752_000767,acoustic_ai/layers/layer_b/attempts/lucas__smoke_1__curated_assets/data/weather/site_mvp_002/wind_primary/wind_primary__wind__site257_1402288_000752_000767.wav,site,257,1402288,752.0,767.0,15.0,wind,false,true,false,none,heavy,none,false,wind_primary,primary,site_ready_pool,site_policy_v03_provisional,site_ready,wind,clear_wind_target_score,0.233975,0.450379,0.338687,wind,bird_or_insect,wind_env_prior,site_ready;server_a_promoted;local_staging,site_mvp_002_rain_expansion
site_mvp002_site257_445592_006342_006357,acoustic_ai/layers/layer_b/attempts/lucas__smoke_1__curated_assets/data/weather/site_mvp_002/wind_primary/wind_primary__wind__site257_445592_006342_006357.wav,site,257,445592,6342.0,6357.0,15.0,wind,false,true,false,none,medium,none,false,wind_primary,primary,site_ready_pool,site_policy_v03_provisional,site_ready,wind,clear_wind_target_score,0.241102,0.492708,0.37,wind,human_or_machine,wind_env_prior,site_ready;server_a_promoted;local_staging,site_mvp_002_rain_expansion
site_mvp002_site257_1669477_001576_001591,acoustic_ai/layers/layer_b/attempts/lucas__smoke_1__curated_assets/data/weather/site_mvp_002/wind_primary/wind_primary__wind__site257_1669477_001576_001591.wav,site,257,1669477,1576.0,1591.0,15.0,wind,false,true,false,none,medium,none,false,wind_primary,primary,site_ready_pool,site_policy_v03_provisional,site_ready,wind,clear_wind_target_score,0.275004,0.499248,0.288251,wind,bird_or_insect,wind_env_prior,site_ready;server_a_promoted;local_staging,site_mvp_002_rain_expansion
site_mvp002_site257_5421_003037_003052,acoustic_ai/layers/layer_b/attempts/lucas__smoke_1__curated_assets/data/weather/site_mvp_002/wind_primary/wind_primary__wind__site257_5421_003037_003052.wav,site,257,5421,3037.0,3052.0,15.0,wind,false,true,false,none,medium,none,false,wind_primary,primary,site_ready_pool,site_policy_v03_provisional,site_ready,wind,clear_wind_target_score,0.336057,0.499691,0.346887,wind,human_or_machine,wind_env_prior,site_ready;server_a_promoted;local_staging,site_mvp_002_rain_expansion
site_mvp002_site257_214833_007122_007137,acoustic_ai/layers/layer_b/attempts/lucas__smoke_1__curated_assets/data/weather/site_mvp_002/wind_primary/wind_primary__wind__site257_214833_007122_007137.wav,site,257,214833,7122.0,7137.0,15.0,wind,false,true,false,none,medium,none,false,wind_primary,primary,site_ready_pool,site_policy_v03_provisional,site_ready,wind,clear_wind_target_score,0.273191,0.488782,0.359859,wind,human_or_machine,wind_env_prior,site_ready;server_a_promoted;local_staging,site_mvp_002_rain_expansion
site_mvp002_site257_1535538_005360_005375,acoustic_ai/layers/layer_b/attempts/lucas__smoke_1__curated_assets/data/weather/site_mvp_002/wind_primary/wind_primary__wind__site257_1535538_005360_005375.wav,site,257,1535538,5360.0,5375.0,15.0,wind,false,true,false,none,heavy,none,false,wind_primary,primary,site_ready_pool,site_policy_v03_provisional,site_ready,wind,clear_wind_target_score,0.281066,0.495156,0.436137,wind,bird_or_insect,wind_env_prior,site_ready;server_a_promoted;local_staging,site_mvp_002_rain_expansion
site_mvp002_site257_1534211_000945_000960,acoustic_ai/layers/layer_b/attempts/lucas__smoke_1__curated_assets/data/weather/site_mvp_002/wind_primary/wind_primary__wind__site257_1534211_000945_000960.wav,site,257,1534211,945.0,960.0,15.0,wind,false,true,false,none,heavy,none,false,wind_primary,primary,site_ready_pool,site_policy_v03_provisional,site_ready,wind,clear_wind_target_score,0.255939,0.490882,0.40998,wind,bird_or_insect,wind_env_prior,site_ready;server_a_promoted;local_staging,site_mvp_002_rain_expansion
site_mvp002_site257_215109_005131_005146,acoustic_ai/layers/layer_b/attempts/lucas__smoke_1__curated_assets/data/weather/site_mvp_002/wind_primary/wind_primary__wind__site257_215109_005131_005146.wav,site,257,215109,5131.0,5146.0,15.0,wind,false,true,false,none,medium,none,false,wind_primary,primary,site_ready_pool,site_policy_v03_provisional,site_ready,wind,clear_wind_target_score,0.196226,0.493297,0.375372,wind,bird_or_insect,wind_env_prior,site_ready;server_a_promoted;local_staging,site_mvp_002_rain_expansion
site_mvp002_site257_1535362_003737_003752,acoustic_ai/layers/layer_b/attempts/lucas__smoke_1__curated_assets/data/weather/site_mvp_002/wind_primary/wind_primary__wind__site257_1535362_003737_003752.wav,site,257,1535362,3737.0,3752.0,15.0,wind,false,true,false,none,medium,none,false,wind_primary,primary,site_ready_pool,site_policy_v03_provisional,site_ready,wind,clear_wind_target_score,0.275914,0.483904,0.246217,wind,bird_or_insect,wind_env_prior,site_ready;server_a_promoted;local_staging,site_mvp_002_rain_expansion
site_mvp002_site257_1400378_001111_001126,acoustic_ai/layers/layer_b/attempts/lucas__smoke_1__curated_assets/data/weather/site_mvp_002/wind_primary/wind_primary__wind__site257_1400378_001111_001126.wav,site,257,1400378,1111.0,1126.0,15.0,wind,false,true,false,none,medium,none,false,wind_primary,primary,site_ready_pool,site_policy_v03_provisional,site_ready,wind,clear_wind_target_score,0.283184,0.475355,0.331391,wind,bird_or_insect,wind_env_prior,site_ready;server_a_promoted;local_staging,site_mvp_002_rain_expansion
site_mvp002_site257_1399612_001738_001753,acoustic_ai/layers/layer_b/attempts/lucas__smoke_1__curated_assets/data/weather/site_mvp_002/wind_primary/wind_primary__wind__site257_1399612_001738_001753.wav,site,257,1399612,1738.0,1753.0,15.0,wind,false,true,false,none,medium,none,false,wind_primary,primary,site_ready_pool,site_policy_v03_provisional,site_ready,wind,clear_wind_target_score,0.376076,0.499348,0.392062,wind,human_or_machine,wind_env_prior,site_ready;server_a_promoted;local_staging,site_mvp_002_rain_expansion
site_mvp002_site257_5495_003676_003691,acoustic_ai/layers/layer_b/attempts/lucas__smoke_1__curated_assets/data/weather/site_mvp_002/wind_primary/wind_primary__wind__site257_5495_003676_003691.wav,site,257,5495,3676.0,3691.0,15.0,wind,false,true,false,none,light,none,false,wind_primary,primary,site_ready_pool,site_policy_v03_provisional,site_ready,wind,clear_wind_target_score,0.321208,0.481047,0.424018,wind,bird_or_insect,wind_env_prior,site_ready;server_a_promoted;local_staging,site_mvp_002_rain_expansion
site_mvp002_site257_1680197_002057_002072,acoustic_ai/layers/layer_b/attempts/lucas__smoke_1__curated_assets/data/weather/site_mvp_002/wind_primary/wind_primary__wind__site257_1680197_002057_002072.wav,site,257,1680197,2057.0,2072.0,15.0,wind,false,true,false,none,heavy,none,false,wind_primary,primary,site_ready_pool,site_policy_v03_provisional,site_ready,wind,clear_wind_target_score,0.358313,0.475679,0.381839,wind,bird_or_insect,wind_env_prior,site_ready;server_a_promoted;local_staging,site_mvp_002_rain_expansion
site_mvp002_site257_1402288_001777_001792,acoustic_ai/layers/layer_b/attempts/lucas__smoke_1__curated_assets/data/weather/site_mvp_002/wind_primary/wind_primary__wind__site257_1402288_001777_001792.wav,site,257,1402288,1777.0,1792.0,15.0,wind,false,true,false,none,heavy,none,false,wind_primary,primary,site_ready_pool,site_policy_v03_provisional,site_ready,wind,clear_wind_target_score,0.235558,0.440507,0.349148,wind,bird_or_insect,wind_env_prior,site_ready;server_a_promoted;local_staging,site_mvp_002_rain_expansion
site_mvp002_site257_1401228_000906_000921,acoustic_ai/layers/layer_b/attempts/lucas__smoke_1__curated_assets/data/weather/site_mvp_002/wind_primary/wind_primary__wind__site257_1401228_000906_000921.wav,site,257,1401228,906.0,921.0,15.0,wind,false,true,false,none,medium,none,false,wind_primary,primary,site_ready_pool,site_policy_v03_provisional,site_ready,wind,clear_wind_target_score,0.240552,0.479294,0.349362,wind,bird_or_insect,wind_env_prior,site_ready;server_a_promoted;local_staging,site_mvp_002_rain_expansion
site_mvp002_site257_215103_001580_001595,acoustic_ai/layers/layer_b/attempts/lucas__smoke_1__curated_assets/data/weather/site_mvp_002/wind_primary/wind_primary__wind__site257_215103_001580_001595.wav,site,257,215103,1580.0,1595.0,15.0,wind,false,true,false,none,medium,none,false,wind_primary,primary,site_ready_pool,site_policy_v03_provisional,site_ready,wind,clear_wind_target_score,0.349782,0.493595,0.352108,wind,human_or_machine,wind_env_prior,site_ready;server_a_promoted;local_staging,site_mvp_002_rain_expansion
site_mvp002_site257_445532_000402_000417,acoustic_ai/layers/layer_b/attempts/lucas__smoke_1__curated_assets/data/weather/site_mvp_002/wind_primary/wind_primary__wind__site257_445532_000402_000417.wav,site,257,445532,402.0,417.0,15.0,wind,false,true,false,none,medium,none,false,wind_primary,primary,site_ready_pool,site_policy_v03_provisional,site_ready,wind,clear_wind_target_score,0.295004,0.46982,0.272843,wind,bird_or_insect,wind_env_prior,site_ready;server_a_promoted;local_staging,site_mvp_002_rain_expansion
site_mvp002_site257_214837_001286_001301,acoustic_ai/layers/layer_b/attempts/lucas__smoke_1__curated_assets/data/weather/site_mvp_002/wind_primary/wind_primary__wind__site257_214837_001286_001301.wav,site,257,214837,1286.0,1301.0,15.0,wind,false,true,false,none,light,none,false,wind_primary,primary,site_ready_pool,site_policy_v03_provisional,site_ready,wind,clear_wind_target_score,0.310863,0.478832,0.281845,wind,bird_or_insect,wind_env_prior,site_ready;server_a_promoted;local_staging,site_mvp_002_rain_expansion
site_mvp002_site257_1679611_002145_002160,acoustic_ai/layers/layer_b/attempts/lucas__smoke_1__curated_assets/data/weather/site_mvp_002/wind_primary/wind_primary__wind__site257_1679611_002145_002160.wav,site,257,1679611,2145.0,2160.0,15.0,wind,false,true,false,none,medium,none,false,wind_primary,primary,site_ready_pool,site_policy_v03_provisional,site_ready,wind,clear_wind_target_score,0.220158,0.466744,0.337883,wind,human_or_machine,wind_env_prior,site_ready;server_a_promoted;local_staging,site_mvp_002_rain_expansion
site_mvp002_site257_215122_005589_005604,acoustic_ai/layers/layer_b/attempts/lucas__smoke_1__curated_assets/data/weather/site_mvp_002/wind_primary/wind_primary__wind__site257_215122_005589_005604.wav,site,257,215122,5589.0,5604.0,15.0,wind,false,true,false,none,medium,none,false,wind_primary,primary,site_ready_pool,site_policy_v03_provisional,site_ready,wind,clear_wind_target_score,0.260009,0.477909,0.354291,wind,bird_or_insect,wind_env_prior,site_ready;server_a_promoted;local_staging,site_mvp_002_rain_expansion
site_mvp002_site257_445592_004519_004534,acoustic_ai/layers/layer_b/attempts/lucas__smoke_1__curated_assets/data/weather/site_mvp_002/wind_primary/wind_primary__wind__site257_445592_004519_004534.wav,site,257,445592,4519.0,4534.0,15.0,wind,false,true,false,none,medium,none,false,wind_primary,primary,site_ready_pool,site_policy_v03_provisional,site_ready,wind,clear_wind_target_score,0.254727,0.464172,0.274443,wind,human_or_machine,wind_env_prior,site_ready;server_a_promoted;local_staging,site_mvp_002_rain_expansion
site_mvp002_site257_1682477_005624_005639,acoustic_ai/layers/layer_b/attempts/lucas__smoke_1__curated_assets/data/weather/site_mvp_002/wind_primary/wind_primary__wind__site257_1682477_005624_005639.wav,site,257,1682477,5624.0,5639.0,15.0,wind,false,true,false,none,medium,none,false,wind_primary,primary,site_ready_pool,site_policy_v03_provisional,site_ready,wind,clear_wind_target_score,0.321074,0.468137,0.40355,wind,human_or_machine,wind_env_prior,site_ready;server_a_promoted;local_staging,site_mvp_002_rain_expansion
site_mvp002_site257_215122_003988_004003,acoustic_ai/layers/layer_b/attempts/lucas__smoke_1__curated_assets/data/weather/site_mvp_002/wind_primary/wind_primary__wind__site257_215122_003988_004003.wav,site,257,215122,3988.0,4003.0,15.0,wind,false,true,false,none,medium,none,false,wind_primary,primary,site_ready_pool,site_policy_v03_provisional,site_ready,wind,clear_wind_target_score,0.34171,0.467014,0.322246,wind,human_or_machine,wind_env_prior,site_ready;server_a_promoted;local_staging,site_mvp_002_rain_expansion
site_mvp002_site257_445532_002841_002856,acoustic_ai/layers/layer_b/attempts/lucas__smoke_1__curated_assets/data/weather/site_mvp_002/wind_primary/wind_primary__wind__site257_445532_002841_002856.wav,site,257,445532,2841.0,2856.0,15.0,wind,false,true,false,none,medium,none,false,wind_primary,primary,site_ready_pool,site_policy_v03_provisional,site_ready,wind,clear_wind_target_score,0.282094,0.456023,0.385679,wind,human_or_machine,wind_env_prior,site_ready;server_a_promoted;local_staging,site_mvp_002_rain_expansion
site_mvp002_site257_1401564_006213_006228,acoustic_ai/layers/layer_b/attempts/lucas__smoke_1__curated_assets/data/weather/site_mvp_002/wind_primary/wind_primary__wind__site257_1401564_006213_006228.wav,site,257,1401564,6213.0,6228.0,15.0,wind,false,true,false,none,medium,none,false,wind_primary,primary,site_ready_pool,site_policy_v03_provisional,site_ready,wind,clear_wind_target_score,0.295309,0.458634,0.351872,wind,human_or_machine,wind_env_prior,site_ready;server_a_promoted;local_staging,site_mvp_002_rain_expansion
site_mvp002_site257_445534_005193_005208,acoustic_ai/layers/layer_b/attempts/lucas__smoke_1__curated_assets/data/weather/site_mvp_002/wind_primary/wind_primary__wind__site257_445534_005193_005208.wav,site,257,445534,5193.0,5208.0,15.0,wind,false,true,false,none,medium,none,false,wind_primary,primary,site_ready_pool,site_policy_v03_provisional,site_ready,wind,clear_wind_target_score,0.349904,0.461748,0.375999,wind,human_or_machine,wind_env_prior,site_ready;server_a_promoted;local_staging,site_mvp_002_rain_expansion
site_nov2019_storm001_site257_214657_001545_001575,acoustic_ai/layers/layer_b/attempts/lucas__smoke_1__curated_assets/data/weather/site_nov2019_storm_scout_001/rain_wind_mixed/rain_wind_mixed__rain_wind__site257_214657_001545_001575.wav,site,257,214657,1545.0,1575.0,30.0,rain+wind,true,true,false,medium,medium,none,true,rain_wind_mixed,primary,site_ready_pool,site_policy_v04_human_audited,site_ready,rain+wind,nov2019 storm scout001: promote_primary; what you hear / why,0.441348,0.456173,0.4976,storm,human_or_machine,,site_ready;nov2019_storm_scout001;human_promoted,site_nov2019_storm_scout_001_manual_promote
site_nov2019_storm001_site257_214871_006056_006086,acoustic_ai/layers/layer_b/attempts/lucas__smoke_1__curated_assets/data/weather/site_nov2019_storm_scout_001/rain_wind_mixed/rain_wind_mixed__rain_wind__site257_214871_006056_006086.wav,site,257,214871,6056.0,6086.0,30.0,rain+wind,true,true,false,medium,medium,none,true,rain_wind_mixed,primary,site_ready_pool,site_policy_v04_human_audited,site_ready,rain+wind,nov2019 storm scout001: promote_primary; what you hear / why,0.478136,0.504194,0.442565,storm,human_or_machine,,site_ready;nov2019_storm_scout001;human_promoted,site_nov2019_storm_scout_001_manual_promote
site_nov2019_storm001_site257_214931_000076_000106,acoustic_ai/layers/layer_b/attempts/lucas__smoke_1__curated_assets/data/weather/site_nov2019_storm_scout_001/rain_wind_mixed/rain_wind_mixed__rain_wind__site257_214931_000076_000106.wav,site,257,214931,76.0,106.0,30.0,rain+wind,true,true,false,medium,medium,none,true,rain_wind_mixed,primary,site_ready_pool,site_policy_v04_human_audited,site_ready,rain+wind,nov2019 storm scout001: promote_primary; what you hear / why,0.413653,0.475731,0.499926,storm,human_or_machine,,site_ready;nov2019_storm_scout001;human_promoted,site_nov2019_storm_scout_001_manual_promote
site_nov2019_storm001_site257_214873_003175_003205,acoustic_ai/layers/layer_b/attempts/lucas__smoke_1__curated_assets/data/weather/site_nov2019_storm_scout_001/rain_wind_mixed/rain_wind_mixed__rain_wind__site257_214873_003175_003205.wav,site,257,214873,3175.0,3205.0,30.0,rain+wind,true,true,false,medium,medium,none,true,rain_wind_mixed,backup,site_backup_pool,site_policy_v04_human_audited,site_ready,rain+wind,nov2019 storm scout001: promote_backup; what you hear / why,0.457011,0.514823,0.404468,storm,human_or_machine,,site_ready;nov2019_storm_scout001;human_promoted,site_nov2019_storm_scout_001_manual_promote
site_nov2019_storm001_site257_214659_001558_001588,acoustic_ai/layers/layer_b/attempts/lucas__smoke_1__curated_assets/data/weather/site_nov2019_storm_scout_001/rain_wind_mixed/rain_wind_mixed__rain_wind__site257_214659_001558_001588.wav,site,257,214659,1558.0,1588.0,30.0,rain+wind,true,true,false,medium,medium,none,true,rain_wind_mixed,backup,site_backup_pool,site_policy_v04_human_audited,site_ready,rain+wind,nov2019 storm scout001: promote_backup; what you hear / why,0.444748,0.494989,0.432023,storm,human_or_machine,,site_ready;nov2019_storm_scout001;human_promoted,site_nov2019_storm_scout_001_manual_promote
site_nov2019_storm001_site257_214871_006725_006755,acoustic_ai/layers/layer_b/attempts/lucas__smoke_1__curated_assets/data/weather/site_nov2019_storm_scout_001/wind_primary/wind_primary__wind__site257_214871_006725_006755.wav,site,257,214871,6725.0,6755.0,30.0,wind,false,true,false,none,heavy,none,false,wind_primary,primary,site_ready_pool,site_policy_v04_human_audited,site_ready,wind,nov2019 storm scout001: promote_primary; what you hear / why,0.49193,0.424003,0.421076,storm,human_or_machine,,site_ready;nov2019_storm_scout001;human_promoted,site_nov2019_storm_scout_001_manual_promote
site_nov2019_storm001_site257_214873_000601_000631,acoustic_ai/layers/layer_b/attempts/lucas__smoke_1__curated_assets/data/weather/site_nov2019_storm_scout_001/wind_primary/wind_primary__wind__site257_214873_000601_000631.wav,site,257,214873,601.0,631.0,30.0,wind,false,true,false,none,heavy,none,false,wind_primary,backup,site_backup_pool,site_policy_v04_human_audited,site_ready,wind,nov2019 storm scout001: promote_backup; what you hear / why,0.403082,0.451271,0.487746,storm,human_or_machine,,site_ready;nov2019_storm_scout001;human_promoted,site_nov2019_storm_scout_001_manual_promote
site_nov2019_storm001_site257_214876_002321_002351,acoustic_ai/layers/layer_b/attempts/lucas__smoke_1__curated_assets/data/weather/site_nov2019_storm_scout_001/wind_primary/wind_primary__wind__site257_214876_002321_002351.wav,site,257,214876,2321.0,2351.0,30.0,wind,false,true,false,none,medium,none,false,wind_primary,backup,site_backup_pool,site_policy_v04_human_audited,site_ready,wind,nov2019 storm scout001: promote_backup; what you hear / why,0.382023,0.430021,0.506946,storm,human_or_machine,,site_ready;nov2019_storm_scout001;human_promoted,site_nov2019_storm_scout_001_manual_promote
site_nov2019_storm001_site257_214717_000138_000168,acoustic_ai/layers/layer_b/attempts/lucas__smoke_1__curated_assets/data/weather/site_nov2019_storm_scout_001/wind_primary/wind_primary__wind__site257_214717_000138_000168.wav,site,257,214717,138.0,168.0,30.0,wind,false,true,false,none,medium,none,false,wind_primary,backup,site_backup_pool,site_policy_v04_human_audited,site_ready,wind,nov2019 storm scout001: promote_backup; what you hear / why,0.401997,0.49657,0.457125,storm,human_or_machine,,site_ready;nov2019_storm_scout001;human_promoted,site_nov2019_storm_scout_001_manual_promote
site_nov2019_storm001_site257_214872_001700_001730,acoustic_ai/layers/layer_b/attempts/lucas__smoke_1__curated_assets/data/weather/site_nov2019_storm_scout_001/thunder_backup/thunder_backup__thunder__site257_214872_001700_001730.wav,site,257,214872,1700.0,1730.0,30.0,thunder,false,false,true,none,none,heavy,false,thunder_primary,backup,site_backup_pool,site_policy_v04_human_audited,maybe;human_maybe_review,thunder,nov2019 storm scout001: promote_backup; maybe? uncertain thunder,0.359455,0.409294,0.523259,thunder,human_or_machine,,site_ready;nov2019_storm_scout001;human_promoted;human_maybe_review,site_nov2019_storm_scout_001_manual_promote
site_nov2019_storm001_site257_214717_005213_005243,acoustic_ai/layers/layer_b/attempts/lucas__smoke_1__curated_assets/data/weather/site_nov2019_storm_scout_001/wind_primary/wind_primary__wind__site257_214717_005213_005243.wav,site,257,214717,5213.0,5243.0,30.0,wind,false,true,false,none,heavy,none,false,wind_primary,backup,site_backup_pool,site_policy_v04_human_audited,site_ready,wind,nov2019 storm scout001: promote_backup; what you hear / why,0.421784,0.449777,0.441723,storm,human_or_machine,,site_ready;nov2019_storm_scout001;human_promoted,site_nov2019_storm_scout_001_manual_promote
site_nov2019_storm001_site257_214707_000781_000811,acoustic_ai/layers/layer_b/attempts/lucas__smoke_1__curated_assets/data/weather/site_nov2019_storm_scout_001/thunder_backup/thunder_backup__thunder__site257_214707_000781_000811.wav,site,257,214707,781.0,811.0,30.0,thunder,false,false,true,none,none,medium,false,thunder_primary,backup,site_backup_pool,site_policy_v04_human_audited,maybe;human_maybe_review,thunder,nov2019 storm scout001: promote_backup; maybe? uncertain thunder,0.359109,0.457926,0.473165,storm,human_or_machine,,site_ready;nov2019_storm_scout001;human_promoted;human_maybe_review,site_nov2019_storm_scout_001_manual_promote
