filename,scene,result,notes
forest_bird_000.wav,forest_bird,PASS,clean 30s natural bird/forest ambience
forest_bird_001.wav,forest_bird,PASS,clean 30s natural bird/forest ambience
forest_bird_002.wav,forest_bird,PASS,clean 30s natural bird/forest ambience
forest_bird_003.wav,forest_bird,PASS,clean 30s natural bird/forest ambience
forest_bird_004.wav,forest_bird,PASS,clean 30s natural bird/forest ambience
forest_bird_005.wav,forest_bird,PASS,clean 30s natural bird/forest ambience
forest_bird_006.wav,forest_bird,PASS,clean 30s natural bird/forest ambience
forest_bird_007.wav,forest_bird,PASS,clean 30s natural bird/forest ambience
forest_bird_008.wav,forest_bird,PASS,clean 30s natural bird/forest ambience
forest_bird_009.wav,forest_bird,PASS,clean 30s natural bird/forest ambience
forest_bird_010.wav,forest_bird,PASS,clean 30s natural bird/forest ambience
forest_bird_011.wav,forest_bird,PASS,clean 30s natural bird/forest ambience
forest_bird_012.wav,forest_bird,PASS,clean 30s natural bird/forest ambience
forest_bird_013.wav,forest_bird,PASS,clean 30s natural bird/forest ambience
forest_bird_014.wav,forest_bird,PASS,clean 30s natural bird/forest ambience
forest_bird_015.wav,forest_bird,PASS,clean 30s natural bird/forest ambience
forest_bird_016.wav,forest_bird,PASS,clean 30s natural bird/forest ambience
forest_bird_017.wav,forest_bird,PASS,clean 30s natural bird/forest ambience
forest_bird_018.wav,forest_bird,PASS,clean 30s natural bird/forest ambience
forest_bird_019.wav,forest_bird,PASS,clean 30s natural bird/forest ambience
forest_bird_020.wav,forest_bird,PASS,clean 30s natural bird/forest ambience
forest_bird_021.wav,forest_bird,PASS,clean 30s natural bird/forest ambience
forest_bird_022.wav,forest_bird,PASS,clean 30s natural bird/forest ambience
forest_bird_023.wav,forest_bird,PASS,clean 30s natural bird/forest ambience
forest_bird_024.wav,forest_bird,PASS,clean 30s natural bird/forest ambience
forest_bird_025.wav,forest_bird,PASS,clean 30s natural bird/forest ambience
forest_bird_026.wav,forest_bird,PASS,clean 30s natural bird/forest ambience
forest_bird_027.wav,forest_bird,PASS,clean 30s natural bird/forest ambience
forest_bird_028.wav,forest_bird,PASS,clean 30s natural bird/forest ambience
forest_bird_029.wav,forest_bird,PASS,clean 30s natural bird/forest ambience
forest_bird_030.wav,forest_bird,PASS,clean 30s natural bird/forest ambience
forest_bird_031.wav,forest_bird,PASS,clean 30s natural bird/forest ambience
forest_bird_032.wav,forest_bird,PASS,clean 30s natural bird/forest ambience
forest_bird_033.wav,forest_bird,PASS,clean 30s natural bird/forest ambience
forest_bird_034.wav,forest_bird,PASS,clean 30s natural bird/forest ambience
forest_bird_035.wav,forest_bird,PASS,clean 30s natural bird/forest ambience
forest_bird_036.wav,forest_bird,PASS,clean 30s natural bird/forest ambience
forest_bird_037.wav,forest_bird,PASS,clean 30s natural bird/forest ambience
forest_bird_038.wav,forest_bird,PASS,clean 30s natural bird/forest ambience
forest_bird_039.wav,forest_bird,PASS,clean 30s natural bird/forest ambience
forest_bird_040.wav,forest_bird,PASS,clean 30s natural bird/forest ambience
forest_bird_041.wav,forest_bird,PASS,clean 30s natural bird/forest ambience
forest_bird_042.wav,forest_bird,PASS,clean 30s natural bird/forest ambience
forest_bird_043.wav,forest_bird,PASS,clean 30s natural bird/forest ambience
forest_bird_044.wav,forest_bird,PASS,clean 30s natural bird/forest ambience
forest_bird_045.wav,forest_bird,PASS,clean 30s natural bird/forest ambience
forest_bird_046.wav,forest_bird,PASS,clean 30s natural bird/forest ambience
forest_bird_047.wav,forest_bird,PASS,clean 30s natural bird/forest ambience
forest_bird_048.wav,forest_bird,PASS,clean 30s natural bird/forest ambience
forest_bird_049.wav,forest_bird,PASS,clean 30s natural bird/forest ambience
