count,recording_id,recorded_date_utc,sample_bin,sample_local_date,temperature_c,humidity_pct,wind_speed_ms,wind_direction_deg,precipitation_mm,solar_radiation_wm2,cloud_clearness_index,surface_pressure_kpa,temp_max_c,temp_min_c,precipitation_daily_mm,wind_max_ms,days_since_rain,sunrise_utc,sunset_utc,daylight_hours,hour_utc,hour_local,month,day_of_year,season
1,5300,2019-08-13T20:00:00.000Z,dawn,2019-08-14,2.43,81.56,1.59,94.7,0.0,0.0,-999.0,101.4,18.1,2.13,0.0,2.74,37,20:51,07:50,-13.0,20,6,8,226,winter
2,5299,2019-08-13T22:00:00.000Z,morning,2019-08-14,6.95,62.29,2.58,93.1,0.0,288.73,0.7,101.53,18.1,2.13,0.0,2.74,37,20:51,07:50,-13.0,22,8,8,226,winter
3,5293,2019-08-14T04:00:00.000Z,afternoon,2019-08-14,20.4,22.19,0.42,355.9,0.0,598.1,0.78,101.12,20.4,2.43,0.0,2.62,37,20:51,07:50,-13.0,4,14,8,226,winter
4,5296,2019-08-14T12:00:00.000Z,night,2019-08-14,8.97,45.08,1.39,126.8,0.0,0.0,-999.0,101.25,20.4,2.43,0.0,2.62,37,20:51,07:50,-13.0,12,22,8,226,winter
5,5495,2019-08-17T20:00:00.000Z,dawn,2019-08-18,9.52,38.0,2.95,36.3,0.0,0.0,-999.0,100.22,26.42,8.3,0.0,2.24,41,20:47,07:53,-12.9,20,6,8,230,winter
6,5489,2019-08-17T22:00:00.000Z,morning,2019-08-18,14.43,28.08,4.24,27.2,0.0,294.48,0.68,100.23,26.42,8.3,0.0,2.24,41,20:47,07:53,-12.9,22,8,8,230,winter
7,5493,2019-08-18T04:00:00.000Z,afternoon,2019-08-18,30.33,12.77,6.43,319.2,0.0,596.88,0.76,99.57,30.33,9.52,0.0,7.07,41,20:47,07:53,-12.9,4,14,8,230,winter
8,5486,2019-08-18T12:00:00.000Z,night,2019-08-18,14.75,43.12,4.99,225.6,0.0,0.0,-999.0,100.31,30.33,9.52,0.0,7.07,41,20:47,07:53,-12.9,12,22,8,230,winter
9,5381,2019-08-31T20:00:00.000Z,dawn,2019-09-01,7.38,75.5,1.42,44.7,0.0,6.43,0.34,100.71,23.57,6.23,0.0,3.37,55,20:31,08:00,-12.51,20,6,9,244,spring
10,5380,2019-08-31T22:00:00.000Z,morning,2019-09-01,13.91,53.29,2.41,36.4,0.0,368.38,0.71,100.87,23.57,6.23,0.0,3.37,55,20:31,08:00,-12.51,22,8,9,244,spring
11,5384,2019-09-01T04:00:00.000Z,afternoon,2019-09-01,26.1,16.55,1.85,258.4,0.0,630.2,0.74,100.58,26.1,7.38,0.0,2.51,55,20:31,08:00,-12.51,4,14,9,244,spring
12,5392,2019-09-01T12:00:00.000Z,night,2019-09-01,15.03,32.72,1.37,226.2,0.0,0.0,-999.0,100.76,26.1,7.38,0.0,2.51,55,20:31,08:00,-12.51,12,22,9,244,spring
13,5418,2019-09-22T20:00:00.000Z,dawn,2019-09-23,9.3,46.08,1.74,207.5,0.0,49.65,0.49,101.36,25.74,13.5,0.0,4.61,77,20:04,08:12,-11.87,20,6,9,266,spring
14,5425,2019-09-22T22:00:00.000Z,morning,2019-09-23,16.39,29.25,4.1,208.1,0.0,501.8,0.76,101.48,25.74,13.5,0.0,4.61,77,20:04,08:12,-11.87,22,8,9,266,spring
15,5413,2019-09-23T04:00:00.000Z,afternoon,2019-09-23,24.27,18.18,4.82,218.7,0.0,759.25,0.8,101.11,24.27,9.12,0.0,4.95,77,20:04,08:12,-11.87,4,14,9,266,spring
16,5421,2019-09-23T12:00:00.000Z,night,2019-09-23,13.07,26.51,2.8,175.9,0.0,0.0,-999.0,101.45,24.27,9.12,0.0,4.95,77,20:04,08:12,-11.87,12,22,9,266,spring
17,4881,2019-10-03T20:00:00.000Z,dawn,2019-10-04,17.74,33.1,2.1,336.1,0.0,86.1,0.52,100.77,33.95,16.77,0.0,4.1,88,19:51,08:18,-11.54,20,6,10,277,spring
18,4887,2019-10-03T22:00:00.000Z,morning,2019-10-04,25.09,22.02,2.53,323.4,0.0,550.0,0.75,100.84,33.95,16.77,0.0,4.1,88,19:51,08:18,-11.54,22,8,10,277,spring
19,4889,2019-10-04T04:00:00.000Z,afternoon,2019-10-04,36.36,11.15,2.95,225.7,0.0,771.33,0.77,100.42,36.36,17.14,0.0,3.46,88,19:51,08:18,-11.54,4,14,10,277,spring
20,4883,2019-10-04T12:00:00.000Z,night,2019-10-04,23.74,22.54,1.48,134.2,0.0,0.0,-999.0,100.53,36.36,17.14,0.0,3.46,88,19:51,08:18,-11.54,12,22,10,277,spring
21,214503,2019-10-21T20:00:00.000Z,dawn,2019-10-22,16.58,37.02,2.26,97.1,0.0,158.7,0.59,100.88,30.95,9.95,0.0,4.26,90,19:31,08:30,-11.01,20,6,10,295,spring
22,214510,2019-10-21T22:00:00.000Z,morning,2019-10-22,24.42,24.73,3.37,78.0,0.0,629.08,0.76,100.94,30.95,9.95,0.0,4.26,90,19:31,08:30,-11.01,22,8,10,295,spring
23,214508,2019-10-22T04:00:00.000Z,afternoon,2019-10-22,33.92,13.04,1.92,83.1,0.0,825.42,0.78,100.49,33.92,14.91,0.0,3.54,90,19:31,08:30,-11.01,4,14,10,295,spring
24,214518,2019-10-22T12:00:00.000Z,night,2019-10-22,23.72,24.78,1.83,80.6,0.0,0.0,-999.0,100.6,33.92,14.91,0.0,3.54,90,19:31,08:30,-11.01,12,22,10,295,spring
25,214654,2019-11-02T20:00:00.000Z,dawn,2019-11-03,22.56,55.53,4.88,20.5,0.0,30.73,0.1,99.68,33.99,21.53,5.02,7.79,0,19:20,08:39,-10.68,20,6,11,307,spring
26,214655,2019-11-02T22:00:00.000Z,morning,2019-11-03,24.91,51.58,7.1,347.4,81.37,97.12,0.11,99.88,33.99,21.53,5.02,7.79,0,19:20,08:39,-10.68,22,8,11,307,spring
27,214659,2019-11-03T04:00:00.000Z,afternoon,2019-11-03,22.3,84.44,4.79,251.5,220.58,71.0,0.06,99.88,24.91,17.71,77.69,7.1,0,19:20,08:39,-10.68,4,14,11,307,spring
28,214665,2019-11-03T12:00:00.000Z,night,2019-11-03,17.71,91.18,0.82,205.9,0.0,0.0,-999.0,100.26,24.91,17.71,77.69,7.1,0,19:20,08:39,-10.68,12,22,11,307,spring
29,214833,2019-11-17T20:00:00.000Z,dawn,2019-11-18,15.17,36.54,2.91,144.5,0.0,236.75,0.65,100.47,30.28,14.74,0.0,5.89,14,19:11,08:51,-10.32,20,6,11,322,spring
30,214836,2019-11-17T22:00:00.000Z,morning,2019-11-18,23.85,18.16,2.65,128.9,0.0,698.83,0.77,100.57,30.28,14.74,0.0,5.89,14,19:11,08:51,-10.32,22,8,11,322,spring
31,214837,2019-11-18T04:00:00.000Z,afternoon,2019-11-18,32.8,11.19,2.47,179.8,0.0,898.28,0.79,100.12,32.84,12.55,0.0,2.91,14,19:11,08:51,-10.32,4,14,11,322,spring
32,214835,2019-11-18T12:00:00.000Z,night,2019-11-18,21.36,33.56,1.34,193.4,0.0,0.0,-999.0,100.15,32.84,12.55,0.0,2.91,14,19:11,08:51,-10.32,12,22,11,322,spring
33,215111,2019-12-10T20:00:00.000Z,dawn,2019-12-11,26.93,24.45,4.48,169.8,0.0,228.52,0.62,99.84,45.15,22.87,0.0,4.84,37,19:08,09:10,-9.97,20,6,12,345,summer
34,215103,2019-12-10T22:00:00.000Z,morning,2019-12-11,33.76,17.24,5.29,145.6,0.0,695.95,0.76,99.88,45.15,22.87,0.0,4.84,37,19:08,09:10,-9.97,22,8,12,345,summer
35,215109,2019-12-11T04:00:00.000Z,afternoon,2019-12-11,42.37,8.19,4.12,217.2,0.0,972.17,0.82,99.47,42.37,25.39,0.0,5.7,37,19:08,09:10,-9.97,4,14,12,345,summer
36,215122,2019-12-11T12:00:00.000Z,night,2019-12-11,28.04,14.14,4.34,193.3,0.0,0.0,-999.0,99.77,42.37,25.39,0.0,5.7,37,19:08,09:10,-9.97,12,22,12,345,summer
37,215192,2019-12-16T20:00:00.000Z,dawn,2019-12-17,24.57,29.41,4.28,115.7,0.0,221.75,0.61,100.02,41.26,23.11,0.0,5.98,43,19:10,09:14,-9.94,20,6,12,351,summer
38,215185,2019-12-16T22:00:00.000Z,morning,2019-12-17,30.85,26.09,4.58,103.8,0.0,674.25,0.75,100.09,41.26,23.11,0.0,5.98,43,19:10,09:14,-9.94,22,8,12,351,summer
39,215191,2019-12-17T04:00:00.000Z,afternoon,2019-12-17,41.26,11.4,4.61,131.0,0.0,916.38,0.76,99.75,41.26,22.62,0.0,4.84,43,19:10,09:14,-9.94,4,14,12,351,summer
40,215190,2019-12-17T12:00:00.000Z,night,2019-12-17,30.33,20.1,3.23,104.2,0.0,0.0,-999.0,99.96,41.26,22.62,0.0,4.84,43,19:10,09:14,-9.94,12,22,12,351,summer
41,215467,2020-01-09T20:00:00.000Z,dawn,2020-01-10,33.36,21.87,4.05,28.6,0.0,143.38,0.49,99.42,46.92,30.25,0.0,3.62,67,19:26,09:21,-10.07,20,6,1,10,summer
42,215474,2020-01-09T22:00:00.000Z,morning,2020-01-10,39.46,16.96,6.5,349.5,0.0,596.42,0.7,99.41,46.92,30.25,0.0,3.62,67,19:26,09:21,-10.07,22,8,1,10,summer
43,215469,2020-01-10T04:00:00.000Z,afternoon,2020-01-10,47.62,10.41,4.81,301.9,0.0,744.28,0.61,99.01,47.62,30.72,0.0,8.53,67,19:26,09:21,-10.07,4,14,1,10,summer
44,215473,2020-01-10T12:00:00.000Z,night,2020-01-10,38.68,17.65,5.25,237.0,0.0,0.0,-999.0,99.17,47.62,30.72,0.0,8.53,67,19:26,09:21,-10.07,12,22,1,10,summer
45,215683,2020-01-27T20:00:00.000Z,dawn,2020-01-28,28.97,57.69,1.36,59.1,0.01,108.6,0.47,99.84,41.36,26.43,0.49,4.45,4,19:41,09:17,-10.41,20,6,1,28,summer
46,215684,2020-01-27T22:00:00.000Z,morning,2020-01-28,33.9,37.87,1.86,349.5,0.04,545.03,0.69,99.91,41.36,26.43,0.49,4.45,4,19:41,09:17,-10.41,22,8,1,28,summer
47,215688,2020-01-28T04:00:00.000Z,afternoon,2020-01-28,40.64,24.09,1.05,146.3,4.01,692.0,0.57,99.48,40.64,27.75,3.24,2.01,4,19:41,09:17,-10.41,4,14,1,28,summer
48,215689,2020-01-28T12:00:00.000Z,night,2020-01-28,33.71,46.34,0.56,82.9,0.95,0.0,-999.0,99.69,40.64,27.75,3.24,2.01,4,19:41,09:17,-10.41,12,22,1,28,summer
49,215730,2020-01-31T20:00:00.000Z,dawn,2020-02-01,32.69,33.23,4.09,349.7,0.0,87.78,0.42,99.82,44.88,31.59,0.0,4.72,3,19:45,09:15,-10.5,20,6,2,32,summer
50,215727,2020-01-31T22:00:00.000Z,morning,2020-02-01,38.07,23.48,5.22,332.5,0.0,451.58,0.58,99.9,44.88,31.59,0.0,4.72,3,19:45,09:15,-10.5,22,8,2,32,summer
51,215729,2020-02-01T04:00:00.000Z,afternoon,2020-02-01,44.34,18.33,2.96,358.5,0.0,708.05,0.58,99.44,44.34,31.28,0.0,5.44,3,19:45,09:15,-10.5,4,14,2,32,summer
52,215748,2020-02-01T12:00:00.000Z,night,2020-02-01,36.56,27.22,2.9,351.3,0.02,0.0,-999.0,99.53,44.34,31.28,0.0,5.44,3,19:45,09:15,-10.5,12,22,2,32,summer
53,215903,2020-02-14T20:00:00.000Z,dawn,2020-02-15,25.19,64.28,1.85,44.3,0.0,56.4,0.38,99.23,36.74,22.34,0.19,4.22,5,19:57,09:04,-10.87,20,6,2,46,summer
54,215898,2020-02-14T22:00:00.000Z,morning,2020-02-15,32.99,37.2,1.14,291.6,0.0,474.58,0.65,99.3,36.74,22.34,0.19,4.22,5,19:57,09:04,-10.87,22,8,2,46,summer
55,215905,2020-02-15T04:00:00.000Z,afternoon,2020-02-15,40.14,21.41,4.16,215.7,0.0,803.8,0.68,98.97,40.14,23.74,0.0,4.24,5,19:57,09:04,-10.87,4,14,2,46,summer
56,215918,2020-02-15T12:00:00.000Z,night,2020-02-15,31.17,38.6,3.66,177.8,0.0,0.0,-999.0,99.32,40.14,23.74,0.0,4.24,5,19:57,09:04,-10.87,12,22,2,46,summer
57,216086,2020-03-01T20:00:00.000Z,dawn,2020-03-02,23.71,30.12,1.04,56.0,0.01,23.1,0.24,99.55,38.81,18.6,0.0,3.29,7,20:08,08:48,-11.34,20,6,3,62,autumn
58,216088,2020-03-01T22:00:00.000Z,morning,2020-03-02,30.69,23.77,2.63,352.6,0.03,266.77,0.39,99.66,38.81,18.6,0.0,3.29,7,20:08,08:48,-11.34,22,8,3,62,autumn
59,216095,2020-03-02T04:00:00.000Z,afternoon,2020-03-02,25.99,52.39,3.76,163.4,1.13,187.02,0.17,99.9,33.84,22.36,1.69,5.09,7,20:08,08:48,-11.34,4,14,3,62,autumn
60,216096,2020-03-02T12:00:00.000Z,night,2020-03-02,22.54,59.12,0.89,109.0,0.96,0.0,-999.0,99.76,33.84,22.36,1.69,5.09,7,20:08,08:48,-11.34,12,22,3,62,autumn
61,216292,2020-03-20T20:00:00.000Z,dawn,2020-03-21,16.17,68.84,1.39,136.2,0.0,19.15,0.38,100.52,36.09,17.55,0.0,3.56,11,20:21,08:26,-11.92,20,6,3,81,autumn
62,216293,2020-03-20T22:00:00.000Z,morning,2020-03-21,22.46,43.64,2.47,145.5,0.0,436.42,0.72,100.65,36.09,17.55,0.0,3.56,11,20:21,08:26,-11.92,22,8,3,81,autumn
63,216301,2020-03-21T04:00:00.000Z,afternoon,2020-03-21,33.06,20.96,2.68,214.8,0.0,775.75,0.77,100.36,33.06,16.06,0.0,3.17,11,20:21,08:26,-11.92,4,14,3,81,autumn
64,216302,2020-03-21T12:00:00.000Z,night,2020-03-21,21.08,50.5,2.05,173.6,0.0,0.0,-999.0,100.54,33.06,16.06,0.0,3.17,11,20:21,08:26,-11.92,12,22,3,81,autumn
65,216466,2020-04-03T20:00:00.000Z,dawn,2020-04-04,14.24,84.86,4.18,235.3,0.0,8.2,0.3,99.4,26.35,19.86,28.54,7.53,0,20:29,08:09,-12.34,20,6,4,95,autumn
66,216464,2020-04-03T22:00:00.000Z,morning,2020-04-04,16.61,69.73,5.69,227.6,0.0,377.52,0.68,99.67,26.35,19.86,28.54,7.53,0,20:29,08:09,-12.34,22,8,4,95,autumn
67,216470,2020-04-04T04:00:00.000Z,afternoon,2020-04-04,23.23,35.05,5.06,246.4,0.0,659.35,0.72,99.65,23.23,13.27,0.36,5.71,0,20:29,08:09,-12.34,4,14,4,95,autumn
68,216473,2020-04-04T12:00:00.000Z,night,2020-04-04,13.89,72.83,1.39,193.7,0.0,0.0,-999.0,100.19,23.23,13.27,0.36,5.71,0,20:29,08:09,-12.34,12,22,4,95,autumn
69,216595,2020-04-14T20:00:00.000Z,dawn,2020-04-15,12.26,91.58,2.28,71.6,0.0,4.65,0.33,100.86,27.79,9.05,0.0,3.0,4,20:36,07:56,-12.66,20,6,4,106,autumn
70,216594,2020-04-14T22:00:00.000Z,morning,2020-04-15,16.62,74.32,2.94,64.7,0.0,352.45,0.7,100.96,27.79,9.05,0.0,3.0,4,20:36,07:56,-12.66,22,8,4,106,autumn
71,216601,2020-04-15T04:00:00.000Z,afternoon,2020-04-15,31.07,28.2,2.99,18.9,0.0,631.22,0.75,100.45,31.07,12.26,0.0,4.6,4,20:36,07:56,-12.66,4,14,4,106,autumn
72,216610,2020-04-15T12:00:00.000Z,night,2020-04-15,19.06,62.69,2.03,34.8,0.0,0.0,-999.0,100.46,31.07,12.26,0.0,4.6,4,20:36,07:56,-12.66,12,22,4,106,autumn
73,445525,2020-08-30T20:00:00.000Z,dawn,2020-08-31,7.74,90.48,3.18,171.1,0.0,5.62,0.3,100.74,27.9,7.67,0.0,6.17,16,20:32,08:00,-12.52,20,6,8,244,winter
74,445529,2020-08-30T22:00:00.000Z,morning,2020-08-31,12.36,73.22,3.87,173.0,0.0,365.33,0.71,100.9,27.9,7.67,0.0,6.17,16,20:32,08:00,-12.52,22,8,8,244,winter
75,445532,2020-08-31T04:00:00.000Z,afternoon,2020-08-31,22.63,31.52,4.72,222.1,0.0,670.05,0.79,100.69,22.72,7.74,0.0,4.77,16,20:32,08:00,-12.52,4,14,8,244,winter
76,445534,2020-08-31T12:00:00.000Z,night,2020-08-31,9.51,55.03,2.71,172.4,0.0,0.0,-999.0,100.95,22.72,7.74,0.0,4.77,16,20:32,08:00,-12.52,12,22,8,244,winter
77,445574,2020-09-03T20:00:00.000Z,dawn,2020-09-04,13.75,69.65,0.75,317.2,0.0,7.6,0.27,100.35,30.97,13.83,0.0,7.0,20,20:27,08:02,-12.41,20,6,9,248,spring
78,445580,2020-09-03T22:00:00.000Z,morning,2020-09-04,18.86,48.85,1.74,334.5,0.0,349.6,0.65,100.42,30.97,13.83,0.0,7.0,20,20:27,08:02,-12.41,22,8,9,248,spring
79,445582,2020-09-04T04:00:00.000Z,afternoon,2020-09-04,29.4,23.86,5.65,285.4,0.0,551.25,0.63,100.04,29.57,13.75,0.0,5.72,20,20:27,08:02,-12.41,4,14,9,248,spring
80,445592,2020-09-04T12:00:00.000Z,night,2020-09-04,15.57,55.88,2.3,199.1,0.0,0.0,-999.0,100.38,29.57,13.75,0.0,5.72,20,20:27,08:02,-12.41,12,22,9,248,spring
81,445759,2020-09-18T20:00:00.000Z,dawn,2020-09-19,18.71,58.81,5.45,57.2,0.0,9.05,0.11,100.44,32.48,16.97,0.0,6.26,35,20:08,08:10,-11.96,20,6,9,263,spring
82,445765,2020-09-18T22:00:00.000Z,morning,2020-09-19,20.85,57.36,7.04,13.6,0.0,124.43,0.19,100.72,32.48,16.97,0.0,6.26,35,20:08,08:10,-11.96,22,8,9,263,spring
83,445755,2021-03-12T03:53:30.000Z,afternoon,2021-03-12,34.82,27.9,2.57,242.6,0.0,906.17,0.77,99.87,34.94,22.21,0.23,2.63,0,20:15,08:37,-11.64,3,13,3,71,autumn
84,1313384,2023-04-08T20:00:00.000Z,dawn,2023-04-09,12.96,64.45,2.89,218.8,0.0,7.72,0.36,100.03,26.39,15.16,0.0,6.34,10,20:32,08:04,-12.47,20,6,4,99,autumn
85,1312975,2023-04-08T23:55:13.000Z,morning,2023-04-09,19.0,45.69,5.54,218.5,0.0,575.8,0.75,100.18,26.39,15.16,0.0,6.34,10,20:32,08:04,-12.47,23,9,4,99,autumn
86,1313392,2023-04-09T04:00:00.000Z,afternoon,2023-04-09,24.27,27.36,6.34,229.5,0.0,680.72,0.77,99.82,24.27,12.96,0.0,6.37,10,20:32,08:04,-12.47,4,14,4,99,autumn
87,1313390,2023-04-09T13:03:10.000Z,night,2023-04-09,13.96,46.37,1.71,200.2,0.0,0.0,-999.0,100.06,24.27,12.96,0.0,6.37,10,20:32,08:04,-12.47,13,23,4,99,autumn
88,1313184,2023-04-28T20:06:08.000Z,dawn,2023-04-29,14.53,81.07,6.01,216.4,5.88,0.0,-999.0,99.85,32.19,19.92,0.06,4.88,30,20:44,07:43,-13.02,20,6,4,119,autumn
89,1313196,2023-04-28T23:30:31.000Z,morning,2023-04-29,15.08,75.14,2.89,161.3,1.07,197.38,0.29,99.91,32.19,19.92,0.06,4.88,30,20:44,07:43,-13.02,23,9,4,119,autumn
90,1313190,2023-04-29T04:00:00.000Z,afternoon,2023-04-29,19.55,51.39,3.44,206.2,24.75,348.17,0.46,99.65,20.82,11.14,8.71,8.03,30,20:44,07:43,-13.02,4,14,4,119,autumn
91,1313667,2023-04-29T12:00:00.000Z,night,2023-04-29,11.68,82.43,0.87,185.3,0.0,0.0,-999.0,100.04,20.82,11.14,8.71,8.03,30,20:44,07:43,-13.02,12,22,4,119,autumn
92,1313285,2023-05-09T20:00:00.000Z,dawn,2023-05-10,5.52,90.76,1.85,158.1,0.0,0.0,-999.0,101.25,21.14,4.4,0.0,4.79,10,20:51,07:34,-13.28,20,6,5,130,autumn
93,1313283,2023-05-09T22:00:00.000Z,morning,2023-05-10,9.12,73.38,2.85,156.9,0.0,282.48,0.69,101.35,21.14,4.4,0.0,4.79,10,20:51,07:34,-13.28,22,8,5,130,autumn
94,1313284,2023-05-10T02:48:19.000Z,afternoon,2023-05-10,20.56,29.33,3.38,120.2,0.0,697.42,0.79,101.13,21.95,5.52,0.0,3.86,10,20:51,07:34,-13.28,2,12,5,130,autumn
95,1313286,2023-05-10T12:33:52.000Z,night,2023-05-10,10.9,53.11,1.4,116.4,0.0,0.0,-999.0,101.17,21.95,5.52,0.0,3.86,10,20:51,07:34,-13.28,12,22,5,130,autumn
96,1313484,2023-05-22T19:26:11.000Z,dawn,2023-05-23,5.31,62.6,1.3,122.1,0.0,0.0,-999.0,101.43,20.25,5.05,0.0,2.21,8,20:59,07:27,-13.54,19,5,5,143,autumn
97,1313476,2023-05-22T22:00:00.000Z,morning,2023-05-23,9.18,51.32,2.67,101.0,0.0,250.23,0.7,101.6,20.25,5.05,0.0,2.21,8,20:59,07:27,-13.54,22,8,5,143,autumn
98,1313480,2023-05-23T04:00:00.000Z,afternoon,2023-05-23,22.82,18.65,0.38,108.4,0.0,499.95,0.77,101.29,22.82,4.89,0.0,2.67,8,20:59,07:27,-13.54,4,14,5,143,autumn
99,1313475,2023-05-23T13:57:41.000Z,night,2023-05-23,10.9,40.67,1.32,157.3,0.0,0.0,-999.0,101.41,22.82,4.89,0.0,2.67,8,20:59,07:27,-13.54,13,23,5,143,autumn
100,1313802,2023-06-12T20:00:00.000Z,dawn,2023-06-13,8.89,65.46,1.35,353.2,0.0,0.0,-999.0,100.08,25.85,10.84,0.0,4.8,6,21:10,07:23,-13.78,20,6,6,164,winter
101,1313796,2023-06-12T23:58:00.000Z,morning,2023-06-13,16.15,41.19,3.04,318.9,0.0,333.33,0.65,100.18,25.85,10.84,0.0,4.8,6,21:10,07:23,-13.78,23,9,6,164,winter
102,1313804,2023-06-13T04:00:00.000Z,afternoon,2023-06-13,23.18,26.84,5.81,265.3,0.0,369.05,0.6,99.97,23.56,8.89,0.0,5.81,6,21:10,07:23,-13.78,4,14,6,164,winter
103,1313809,2023-06-13T12:00:00.000Z,night,2023-06-13,10.56,57.31,2.09,236.7,0.0,0.0,-999.0,100.4,23.56,8.89,0.0,5.81,6,21:10,07:23,-13.78,12,22,6,164,winter
104,1313828,2023-06-14T20:00:00.000Z,dawn,2023-06-15,8.02,68.65,0.42,72.0,0.0,0.0,-999.0,100.68,18.55,5.58,0.03,4.08,8,21:10,07:23,-13.79,20,6,6,166,winter
105,1313825,2023-06-14T23:31:38.000Z,morning,2023-06-15,12.53,51.61,0.36,17.9,0.0,330.95,0.65,100.79,18.55,5.58,0.03,4.08,8,21:10,07:23,-13.79,23,9,6,166,winter
106,1313831,2023-06-15T02:00:00.000Z,afternoon,2023-06-15,18.59,33.29,1.56,232.8,0.0,582.75,0.75,100.66,18.99,7.76,0.0,2.11,8,21:10,07:23,-13.79,2,12,6,166,winter
107,1313833,2023-06-15T12:00:00.000Z,night,2023-06-15,9.25,59.9,1.21,155.6,0.0,0.0,-999.0,100.75,18.99,7.76,0.0,2.11,8,21:10,07:23,-13.79,12,22,6,166,winter
108,1314116,2023-07-02T20:00:00.000Z,dawn,2023-07-03,7.28,85.89,2.72,76.4,0.0,0.0,-999.0,101.21,14.96,5.97,0.0,4.45,4,21:13,07:28,-13.76,20,6,7,184,winter
109,1314118,2023-07-02T22:00:00.000Z,morning,2023-07-03,8.5,82.01,3.25,61.7,0.0,63.65,0.22,101.28,14.96,5.97,0.0,4.45,4,21:13,07:28,-13.76,22,8,7,184,winter
110,1314119,2023-07-03T02:00:00.000Z,afternoon,2023-07-03,15.42,69.02,3.82,60.6,12.78,222.75,0.29,101.04,16.68,6.79,3.74,5.09,4,21:13,07:28,-13.76,2,12,7,184,winter
111,1314130,2023-07-03T12:00:00.000Z,night,2023-07-03,12.32,90.8,4.67,67.6,8.74,0.0,-999.0,100.64,16.68,6.79,3.74,5.09,4,21:13,07:28,-13.76,12,22,7,184,winter
112,1399601,2023-09-11T20:00:00.000Z,dawn,2023-09-12,7.77,53.68,1.76,116.0,0.0,18.42,0.36,101.58,24.9,6.65,0.0,3.79,25,20:18,08:06,-12.19,20,6,9,255,spring
113,1399606,2023-09-11T22:00:00.000Z,morning,2023-09-12,14.04,35.22,2.38,117.2,0.0,419.05,0.71,101.71,24.9,6.65,0.0,3.79,25,20:18,08:06,-12.19,22,8,9,255,spring
114,1399612,2023-09-12T03:26:00.000Z,afternoon,2023-09-12,26.96,15.22,2.04,141.2,0.0,808.83,0.78,101.42,27.26,7.77,0.0,3.13,25,20:18,08:06,-12.19,3,13,9,255,spring
115,1399626,2023-09-12T12:00:00.000Z,night,2023-09-12,15.82,29.15,1.33,165.6,0.0,0.0,-999.0,101.44,27.26,7.77,0.0,3.13,25,20:18,08:06,-12.19,12,22,9,255,spring
116,1400010,2023-09-27T20:00:00.000Z,dawn,2023-09-28,12.82,54.3,2.62,175.0,0.0,61.38,0.48,101.13,34.15,16.62,0.0,6.34,41,19:58,08:15,-11.72,20,6,9,271,spring
117,1400016,2023-09-27T22:32:42.000Z,morning,2023-09-28,19.7,30.41,3.91,164.1,0.0,516.15,0.74,101.26,34.15,16.62,0.0,6.34,41,19:58,08:15,-11.72,22,8,9,271,spring
118,1400024,2023-09-28T04:00:00.000Z,afternoon,2023-09-28,30.79,10.53,4.19,167.6,0.0,757.83,0.78,100.83,30.79,12.82,0.0,4.3,41,19:58,08:15,-11.72,4,14,9,271,spring
119,1400040,2023-09-28T12:00:00.000Z,night,2023-09-28,19.91,30.44,2.38,144.0,0.0,0.0,-999.0,101.08,30.79,12.82,0.0,4.3,41,19:58,08:15,-11.72,12,22,9,271,spring
120,1401300,2023-10-05T20:00:00.000Z,dawn,2023-10-06,10.13,52.03,1.82,153.2,0.0,96.3,0.54,101.25,22.62,10.12,0.0,4.86,1,19:48,08:20,-11.48,20,6,10,279,spring
121,1400378,2023-10-05T23:39:44.000Z,morning,2023-10-06,20.09,33.23,4.13,160.2,0.0,739.28,0.77,101.39,22.62,10.12,0.0,4.86,1,19:48,08:20,-11.48,23,9,10,279,spring
122,1401311,2023-10-06T04:00:00.000Z,afternoon,2023-10-06,26.21,24.93,4.31,191.1,0.0,522.88,0.52,100.93,26.21,9.09,0.0,4.88,1,19:48,08:20,-11.48,4,14,10,279,spring
123,1401305,2023-10-06T12:00:00.000Z,night,2023-10-06,17.81,48.54,3.33,169.1,0.0,0.0,-999.0,101.19,26.21,9.09,0.0,4.88,1,19:48,08:20,-11.48,12,22,10,279,spring
124,1401563,2023-10-22T20:00:00.000Z,dawn,2023-10-23,14.29,44.32,2.25,145.3,0.0,169.2,0.62,100.32,29.28,17.18,0.0,5.25,18,19:29,08:31,-10.98,20,6,10,296,spring
125,1401564,2023-10-22T22:00:00.000Z,morning,2023-10-23,21.26,31.83,2.7,142.4,0.0,637.2,0.77,100.42,29.28,17.18,0.0,5.25,18,19:29,08:31,-10.98,22,8,10,296,spring
126,1401567,2023-10-23T04:00:00.000Z,afternoon,2023-10-23,30.57,12.69,1.95,207.5,0.0,841.67,0.79,99.99,30.67,12.62,0.0,3.23,18,19:29,08:31,-10.98,4,14,10,296,spring
127,1401569,2023-10-23T12:00:00.000Z,night,2023-10-23,19.58,22.41,1.26,191.5,0.0,0.0,-999.0,100.09,30.67,12.62,0.0,3.23,18,19:29,08:31,-10.98,12,22,10,296,spring
128,1401105,2023-11-02T18:00:00.000Z,dawn,2023-11-03,18.24,29.41,1.11,216.6,0.0,0.0,-999.0,100.08,32.64,12.72,0.0,3.64,29,19:20,08:39,-10.68,18,4,11,307,spring
129,1401100,2023-11-02T23:41:46.000Z,morning,2023-11-03,29.04,15.2,2.63,216.7,0.0,846.25,0.78,100.21,32.64,12.72,0.0,3.64,29,19:20,08:39,-10.68,23,9,11,307,spring
130,1401104,2023-11-03T02:30:38.000Z,afternoon,2023-11-03,33.28,11.6,3.07,220.6,0.0,1040.45,0.79,99.96,34.39,16.54,0.0,4.37,29,19:20,08:39,-10.68,2,12,11,307,spring
131,1401113,2023-11-03T12:00:00.000Z,night,2023-11-03,23.69,22.48,4.04,204.6,0.0,0.0,-999.0,99.96,34.39,16.54,0.0,4.37,29,19:20,08:39,-10.68,12,22,11,307,spring
132,1401599,2023-11-20T20:00:00.000Z,dawn,2023-11-21,20.61,72.43,3.47,112.0,0.0,149.1,0.4,100.34,35.84,20.17,0.34,5.5,1,19:09,08:54,-10.26,20,6,11,325,spring
133,1401603,2023-11-20T22:07:50.000Z,morning,2023-11-21,27.17,45.73,2.14,118.7,0.0,393.23,0.43,100.34,35.84,20.17,0.34,5.5,1,19:09,08:54,-10.26,22,8,11,325,spring
134,1401607,2023-11-21T04:00:00.000Z,afternoon,2023-11-21,37.03,19.79,2.19,211.9,0.0,528.2,0.46,99.88,37.03,19.25,0.0,4.09,1,19:09,08:54,-10.26,4,14,11,325,spring
135,1401611,2023-11-21T12:00:00.000Z,night,2023-11-21,28.1,37.39,2.78,70.5,0.0,0.0,-999.0,100.09,37.03,19.25,0.0,4.09,1,19:09,08:54,-10.26,12,22,11,325,spring
136,1400482,2023-12-12T19:53:48.000Z,dawn,2023-12-13,25.4,54.05,3.21,28.5,0.0,24.4,0.28,99.6,39.89,23.55,0.0,6.29,5,19:09,09:11,-9.96,19,5,12,347,summer
137,1401632,2023-12-12T22:00:00.000Z,morning,2023-12-13,35.19,33.74,5.96,330.5,0.0,621.67,0.68,99.72,39.89,23.55,0.0,6.29,5,19:09,09:11,-9.96,22,8,12,347,summer
138,1401633,2023-12-13T02:00:00.000Z,afternoon,2023-12-13,40.23,26.2,4.83,337.1,0.48,810.88,0.58,99.48,40.23,25.16,0.23,5.96,5,19:09,09:11,-9.96,2,12,12,347,summer
139,1401640,2023-12-13T12:00:00.000Z,night,2023-12-13,27.93,64.38,3.2,354.3,0.42,0.0,-999.0,99.65,40.23,25.16,0.23,5.96,5,19:09,09:11,-9.96,12,22,12,347,summer
140,1402284,2023-12-24T20:00:00.000Z,dawn,2023-12-25,21.01,39.89,5.34,234.1,0.0,205.07,0.6,99.06,39.05,20.22,0.01,5.2,1,19:14,09:18,-9.93,20,6,12,359,summer
141,1402285,2023-12-24T22:00:00.000Z,morning,2023-12-25,25.0,30.92,5.33,249.6,0.0,662.5,0.74,99.17,39.05,20.22,0.01,5.2,1,19:14,09:18,-9.93,22,8,12,359,summer
142,1402288,2023-12-25T04:00:00.000Z,afternoon,2023-12-25,32.05,12.05,6.75,271.1,0.0,968.28,0.8,99.0,32.05,20.64,0.0,6.91,1,19:14,09:18,-9.93,4,14,12,359,summer
143,1402286,2023-12-25T12:00:00.000Z,night,2023-12-25,21.76,26.76,3.16,245.9,0.0,0.0,-999.0,99.32,32.05,20.64,0.0,6.91,1,19:14,09:18,-9.93,12,22,12,359,summer
144,1401151,2024-01-01T19:09:00.000Z,dawn,2024-01-02,26.7,54.07,3.4,26.9,0.3,14.02,0.27,99.96,39.71,23.5,0.04,7.69,9,19:19,09:21,-9.98,19,5,1,2,summer
145,1402652,2024-01-01T22:00:00.000Z,morning,2024-01-02,30.32,45.49,6.0,22.1,2.25,536.9,0.62,100.0,39.71,23.5,0.04,7.69,9,19:19,09:21,-9.98,22,8,1,2,summer
146,1402653,2024-01-02T04:00:00.000Z,afternoon,2024-01-02,37.39,23.12,5.17,16.8,0.0,880.4,0.72,99.65,37.39,26.7,0.32,6.4,9,19:19,09:21,-9.98,4,14,1,2,summer
147,1402659,2024-01-02T12:00:00.000Z,night,2024-01-02,29.87,33.74,4.3,45.8,0.0,0.0,-999.0,99.82,37.39,26.7,0.32,6.4,9,19:19,09:21,-9.98,12,22,1,2,summer
148,1401404,2024-01-16T20:27:49.000Z,dawn,2024-01-17,24.93,79.59,3.81,45.1,0.31,31.65,0.12,99.17,35.75,21.5,4.13,6.4,0,19:31,09:21,-10.18,20,6,1,17,summer
149,1401402,2024-01-16T23:11:41.000Z,morning,2024-01-17,29.85,55.94,4.6,356.3,1.8,209.07,0.2,99.21,35.75,21.5,4.13,6.4,0,19:31,09:21,-10.18,23,9,1,17,summer
150,1401415,2024-01-17T04:00:00.000Z,afternoon,2024-01-17,37.48,33.57,4.29,284.2,16.69,293.58,0.24,98.79,37.55,23.75,3.57,4.96,0,19:31,09:21,-10.18,4,14,1,17,summer
151,1401410,2024-01-17T12:00:00.000Z,night,2024-01-17,25.1,80.77,3.32,180.5,0.1,0.0,-999.0,99.26,37.55,23.75,3.57,4.96,0,19:31,09:21,-10.18,12,22,1,17,summer
152,1402116,2024-02-06T18:00:00.000Z,dawn,2024-02-07,18.79,46.69,4.28,169.0,0.0,0.0,-999.0,100.09,34.29,21.02,0.05,6.48,1,19:50,09:11,-10.66,18,4,2,38,summer
153,1402117,2024-02-06T22:00:00.000Z,morning,2024-02-07,24.21,37.07,5.82,156.4,0.0,545.55,0.72,100.3,34.29,21.02,0.05,6.48,1,19:50,09:11,-10.66,22,8,2,38,summer
154,1401228,2024-02-07T03:44:31.000Z,afternoon,2024-02-07,33.26,35.29,5.13,153.8,0.0,1012.25,0.77,100.01,33.69,18.74,0.0,5.82,1,19:50,09:11,-10.66,3,13,2,38,summer
155,1402123,2024-02-07T12:00:00.000Z,night,2024-02-07,22.68,67.57,4.09,125.7,0.0,0.0,-999.0,100.25,33.69,18.74,0.0,5.82,1,19:50,09:11,-10.66,12,22,2,38,summer
156,1401692,2024-02-15T19:12:36.000Z,dawn,2024-02-16,24.82,82.64,2.08,49.1,0.13,0.0,-999.0,100.25,36.18,22.54,4.53,4.21,0,19:57,09:03,-10.9,19,5,2,47,summer
157,1401247,2024-02-15T23:33:29.000Z,morning,2024-02-16,30.45,50.51,4.31,21.5,13.03,680.8,0.7,100.41,36.18,22.54,4.53,4.21,0,19:57,09:03,-10.9,23,9,2,47,summer
158,1401701,2024-02-16T04:00:00.000Z,afternoon,2024-02-16,35.69,35.02,2.29,87.3,0.12,678.05,0.58,100.05,35.69,24.82,2.46,4.6,0,19:57,09:03,-10.9,4,14,2,47,summer
159,1401711,2024-02-16T12:00:00.000Z,night,2024-02-16,27.62,55.79,2.08,91.9,0.0,0.0,-999.0,100.31,35.69,24.82,2.46,4.6,0,19:57,09:03,-10.9,12,22,2,47,summer
160,1402571,2024-03-05T18:00:00.000Z,dawn,2024-03-06,26.62,51.56,3.29,21.4,0.0,0.0,-999.0,100.14,38.95,18.97,0.0,4.06,4,20:11,08:43,-11.46,18,4,3,66,autumn
161,1402574,2024-03-05T22:00:00.000Z,morning,2024-03-06,30.68,42.81,6.01,3.0,0.0,449.95,0.68,100.44,38.95,18.97,0.0,4.06,4,20:11,08:43,-11.46,22,8,3,66,autumn
162,1402577,2024-03-06T02:00:00.000Z,afternoon,2024-03-06,38.44,24.12,3.45,32.0,0.0,805.2,0.64,100.23,39.01,26.0,0.0,6.01,4,20:11,08:43,-11.46,2,12,3,66,autumn
163,1402582,2024-03-06T12:00:00.000Z,night,2024-03-06,30.67,30.85,3.35,38.3,0.0,0.0,-999.0,100.25,39.01,26.0,0.0,6.01,4,20:11,08:43,-11.46,12,22,3,66,autumn
164,1535766,2024-03-25T20:00:00.000Z,dawn,2024-03-26,16.05,56.43,2.03,124.2,0.0,14.5,0.35,100.46,25.05,18.04,0.0,4.34,1,20:24,08:20,-12.07,20,6,3,86,autumn
165,1535731,2024-03-25T22:00:00.000Z,morning,2024-03-26,21.7,32.64,3.36,117.6,0.0,415.35,0.71,100.58,25.05,18.04,0.0,4.34,1,20:24,08:20,-12.07,22,8,3,86,autumn
166,1535770,2024-03-26T04:00:00.000Z,afternoon,2024-03-26,32.74,17.86,3.84,161.8,0.0,757.4,0.78,100.18,32.74,16.05,0.0,3.97,1,20:24,08:20,-12.07,4,14,3,86,autumn
167,1535772,2024-03-26T12:02:07.000Z,night,2024-03-26,20.1,43.06,1.97,134.6,0.0,0.0,-999.0,100.45,32.74,16.05,0.0,3.97,1,20:24,08:20,-12.07,12,22,3,86,autumn
168,1535548,2024-04-09T19:32:40.000Z,dawn,2024-04-10,9.07,69.99,2.74,198.3,0.0,0.0,-999.0,100.56,24.44,12.16,0.0,6.45,4,20:33,08:02,-12.52,19,5,4,101,autumn
169,1535538,2024-04-09T22:00:00.000Z,morning,2024-04-10,13.84,51.84,4.42,181.8,0.0,383.15,0.73,100.76,24.44,12.16,0.0,6.45,4,20:33,08:02,-12.52,22,8,4,101,autumn
170,1536130,2024-04-10T04:00:00.000Z,afternoon,2024-04-10,23.97,23.48,4.69,191.6,0.0,687.33,0.79,100.35,23.97,8.76,0.0,4.74,4,20:33,08:02,-12.52,4,14,4,101,autumn
171,1535532,2024-04-10T12:00:00.000Z,night,2024-04-10,13.33,52.46,2.7,189.1,0.0,0.0,-999.0,100.61,23.97,8.76,0.0,4.74,4,20:33,08:02,-12.52,12,22,4,101,autumn
172,1534205,2024-04-22T18:00:00.000Z,dawn,2024-04-23,13.28,66.58,1.93,75.6,0.0,0.0,-999.0,100.85,28.4,12.51,0.0,4.77,3,20:41,07:48,-12.88,18,4,4,114,autumn
173,1534209,2024-04-22T22:00:00.000Z,morning,2024-04-23,17.89,60.59,3.6,48.0,0.0,328.88,0.7,100.97,28.4,12.51,0.0,4.77,3,20:41,07:48,-12.88,22,8,4,114,autumn
174,1536463,2024-04-23T04:00:00.000Z,afternoon,2024-04-23,29.86,27.22,2.91,10.9,0.0,594.47,0.75,100.49,29.86,12.64,0.0,5.05,3,20:41,07:48,-12.88,4,14,4,114,autumn
175,1539712,2024-04-23T12:00:00.000Z,night,2024-04-23,19.21,52.33,1.57,16.2,0.0,0.0,-999.0,100.57,29.86,12.64,0.0,5.05,3,20:41,07:48,-12.88,12,22,4,114,autumn
176,1536524,2024-05-12T20:00:00.000Z,dawn,2024-05-13,10.77,98.93,1.13,143.6,0.0,0.0,-999.0,100.82,20.35,10.37,0.21,2.31,1,20:54,07:32,-13.37,20,6,5,134,autumn
177,1536531,2024-05-12T23:19:48.000Z,morning,2024-05-13,17.88,62.67,2.54,159.3,0.0,433.33,0.72,100.97,20.35,10.37,0.21,2.31,1,20:54,07:32,-13.37,23,9,5,134,autumn
178,1535281,2024-05-13T04:00:00.000Z,afternoon,2024-05-13,23.63,41.14,3.43,158.8,0.0,504.0,0.73,100.75,23.63,10.77,0.0,3.54,1,20:54,07:32,-13.37,4,14,5,134,autumn
179,1536532,2024-05-13T12:00:00.000Z,night,2024-05-13,13.61,78.02,1.4,152.3,0.0,0.0,-999.0,101.06,23.63,10.77,0.0,3.54,1,20:54,07:32,-13.37,12,22,5,134,autumn
180,1535269,2024-05-15T18:00:00.000Z,dawn,2024-05-16,11.24,81.31,2.17,101.7,0.0,0.0,-999.0,101.11,23.52,10.42,0.0,3.19,4,20:55,07:30,-13.43,18,4,5,137,autumn
181,1536554,2024-05-15T22:00:00.000Z,morning,2024-05-16,13.03,77.99,3.42,88.2,0.0,243.18,0.64,101.3,23.52,10.42,0.0,3.19,4,20:55,07:30,-13.43,22,8,5,137,autumn
182,1536559,2024-05-16T04:27:15.000Z,afternoon,2024-05-16,25.27,36.37,3.02,78.5,0.0,436.9,0.65,100.96,25.27,10.4,0.0,3.68,4,20:55,07:30,-13.43,4,14,5,137,autumn
183,1536563,2024-05-16T12:00:00.000Z,night,2024-05-16,15.0,74.66,1.47,104.1,0.0,0.0,-999.0,101.14,25.27,10.4,0.0,3.68,4,20:55,07:30,-13.43,12,22,5,137,autumn
184,1536798,2024-06-11T20:00:00.000Z,dawn,2024-06-12,7.92,72.39,2.38,232.2,0.0,0.0,-999.0,100.4,22.0,6.33,0.0,4.32,11,21:09,07:23,-13.78,20,6,6,164,winter
185,1535172,2024-06-11T22:00:00.000Z,morning,2024-06-12,10.18,68.69,3.24,215.5,0.0,194.82,0.64,100.54,22.0,6.33,0.0,4.32,11,21:09,07:23,-13.78,22,8,6,164,winter
186,1536797,2024-06-12T04:00:00.000Z,afternoon,2024-06-12,20.12,39.39,5.33,216.0,0.0,449.9,0.74,100.43,20.12,7.87,0.0,5.55,11,21:09,07:23,-13.78,4,14,6,164,winter
187,1536811,2024-06-12T12:57:42.000Z,night,2024-06-12,9.03,78.89,2.44,177.4,0.0,0.0,-999.0,100.81,20.12,7.87,0.0,5.55,11,21:09,07:23,-13.78,12,22,6,164,winter
188,1539111,2024-06-28T20:00:00.000Z,dawn,2024-06-29,7.87,84.13,2.48,36.3,0.0,0.0,-999.0,100.62,20.12,4.1,0.0,3.04,12,21:13,07:26,-13.78,20,6,6,181,winter
189,1539107,2024-06-28T23:04:50.000Z,morning,2024-06-29,13.56,68.04,3.08,26.2,0.0,220.43,0.44,100.65,20.12,4.1,0.0,3.04,12,21:13,07:26,-13.78,23,9,6,181,winter
190,1534156,2024-06-29T04:00:00.000Z,afternoon,2024-06-29,25.71,39.75,4.51,325.9,0.0,215.3,0.35,100.21,25.71,7.87,0.01,5.04,12,21:13,07:26,-13.78,4,14,6,181,winter
191,1534143,2024-06-29T12:04:29.000Z,night,2024-06-29,17.37,67.74,3.8,339.2,0.0,0.0,-999.0,100.04,25.71,7.87,0.01,5.04,12,21:13,07:26,-13.78,12,22,6,181,winter
192,1539512,2024-07-08T20:00:00.000Z,dawn,2024-07-09,5.73,100.0,1.29,212.9,0.0,0.0,-999.0,100.84,18.19,11.05,13.08,5.51,0,21:12,07:31,-13.69,20,6,7,191,winter
193,1539515,2024-07-08T23:18:18.000Z,morning,2024-07-09,10.94,80.66,2.06,222.0,0.0,300.73,0.59,101.03,18.19,11.05,13.08,5.51,0,21:12,07:31,-13.69,23,9,7,191,winter
194,1539520,2024-07-09T03:12:53.000Z,afternoon,2024-07-09,17.68,49.72,3.38,216.9,0.07,397.75,0.53,100.83,17.77,5.73,0.13,3.45,0,21:12,07:31,-13.69,3,13,7,191,winter
195,1539525,2024-07-09T12:00:00.000Z,night,2024-07-09,8.98,94.45,1.36,191.5,0.35,0.0,-999.0,101.11,17.77,5.73,0.13,3.45,0,21:12,07:31,-13.69,12,22,7,191,winter
196,1539171,2024-07-17T20:00:00.000Z,dawn,2024-07-18,6.18,97.58,1.78,230.5,0.03,0.0,-999.0,100.49,13.21,6.1,0.14,5.12,9,21:09,07:35,-13.57,20,6,7,200,winter
197,1539179,2024-07-17T23:13:00.000Z,morning,2024-07-18,10.54,77.9,3.18,227.4,0.03,259.2,0.49,100.71,13.21,6.1,0.14,5.12,9,21:09,07:35,-13.57,23,9,7,200,winter
198,1539163,2024-07-18T04:00:00.000Z,afternoon,2024-07-18,16.13,48.25,3.42,228.0,0.0,310.95,0.47,100.41,16.13,6.18,0.01,3.64,9,21:09,07:35,-13.57,4,14,7,200,winter
199,1539208,2024-07-18T12:00:00.000Z,night,2024-07-18,8.32,89.25,1.17,218.0,0.0,0.0,-999.0,100.83,16.13,6.18,0.01,3.64,9,21:09,07:35,-13.57,12,22,7,200,winter
200,1535637,2024-08-06T19:45:36.000Z,dawn,2024-08-07,4.63,98.21,1.6,126.9,0.0,0.0,-999.0,101.18,16.98,6.59,0.09,2.64,1,20:56,07:47,-13.16,19,5,8,220,winter
201,1535982,2024-08-06T22:00:00.000Z,morning,2024-08-07,7.88,78.3,2.86,111.1,0.0,248.4,0.65,101.35,16.98,6.59,0.09,2.64,1,20:56,07:47,-13.16,22,8,8,220,winter
202,1535985,2024-08-07T02:58:17.000Z,afternoon,2024-08-07,17.68,41.29,2.57,99.2,0.0,697.95,0.77,101.24,18.5,4.15,0.0,3.37,1,20:56,07:47,-13.16,2,12,8,220,winter
203,1535645,2024-08-07T12:00:00.000Z,night,2024-08-07,7.79,77.78,1.35,98.1,0.0,0.0,-999.0,101.24,18.5,4.15,0.0,3.37,1,20:56,07:47,-13.16,12,22,8,220,winter
204,1535697,2024-08-16T19:53:19.000Z,dawn,2024-08-17,9.05,72.43,2.73,230.7,0.01,0.0,-999.0,99.94,25.65,10.95,0.11,4.04,2,20:47,07:53,-12.91,19,5,8,230,winter
205,1534162,2024-08-16T22:00:00.000Z,morning,2024-08-17,12.13,70.45,3.68,224.7,0.0,296.15,0.68,100.23,25.65,10.95,0.11,4.04,2,20:47,07:53,-12.91,22,8,8,230,winter
206,1535837,2024-08-17T03:12:50.000Z,afternoon,2024-08-17,20.02,33.89,5.19,259.3,0.0,687.78,0.76,100.04,20.15,8.39,0.01,5.19,2,20:47,07:53,-12.91,3,13,8,230,winter
207,1539719,2024-08-17T12:00:00.000Z,night,2024-08-17,10.55,65.26,2.3,251.7,0.0,0.0,-999.0,100.18,20.15,8.39,0.01,5.19,2,20:47,07:53,-12.91,12,22,8,230,winter
208,1536284,2024-09-08T20:00:00.000Z,dawn,2024-09-09,15.28,65.61,0.75,115.2,0.0,7.1,0.16,100.69,23.75,15.62,0.0,5.1,25,20:21,08:05,-12.26,20,6,9,253,spring
209,1534195,2024-09-08T22:00:00.000Z,morning,2024-09-09,17.54,52.24,1.47,117.6,0.0,243.65,0.42,100.82,23.75,15.62,0.0,5.1,25,20:21,08:05,-12.26,22,8,9,253,spring
210,1536325,2024-09-09T04:00:00.000Z,afternoon,2024-09-09,27.25,20.34,2.51,209.3,0.0,683.42,0.76,100.51,27.25,14.1,0.0,2.81,25,20:21,08:05,-12.26,4,14,9,253,spring
211,1535454,2024-09-09T12:00:00.000Z,night,2024-09-09,14.95,52.07,1.9,167.6,0.0,0.0,-999.0,100.83,27.25,14.1,0.0,2.81,25,20:21,08:05,-12.26,12,22,9,253,spring
212,1535362,2024-09-23T20:00:00.000Z,dawn,2024-09-24,16.23,30.8,3.1,31.9,0.0,24.42,0.22,100.39,30.79,10.61,0.0,2.23,40,20:02,08:13,-11.81,20,6,9,268,spring
213,1536675,2024-09-23T22:00:00.000Z,morning,2024-09-24,19.09,25.52,3.93,35.1,0.0,259.42,0.39,100.47,30.79,10.61,0.0,2.23,40,20:02,08:13,-11.81,22,8,9,268,spring
214,1534211,2024-09-24T04:00:00.000Z,afternoon,2024-09-24,33.12,10.73,5.38,346.8,0.0,368.52,0.38,99.99,33.12,16.18,0.01,6.31,40,20:02,08:13,-11.81,4,14,9,268,spring
215,1677486,2024-09-24T12:00:00.000Z,night,2024-09-24,21.2,31.21,1.31,343.6,0.0,0.0,-999.0,100.1,33.12,16.18,0.01,6.31,40,20:02,08:13,-11.81,12,22,9,268,spring
216,1678484,2024-10-13T20:17:47.000Z,dawn,2024-10-14,20.56,69.75,2.8,351.4,0.0,88.32,0.37,100.23,32.72,15.35,0.0,5.63,9,19:38,08:25,-11.22,20,6,10,288,spring
217,1677131,2024-10-13T22:00:00.000Z,morning,2024-10-14,25.47,50.27,3.96,334.9,0.0,423.1,0.53,100.36,32.72,15.35,0.0,5.63,9,19:38,08:25,-11.22,22,8,10,288,spring
218,1682413,2024-10-14T04:00:00.000Z,afternoon,2024-10-14,31.89,25.91,3.59,305.9,0.03,482.23,0.47,99.98,32.05,20.56,0.01,3.96,9,19:38,08:25,-11.22,4,14,10,288,spring
219,1678513,2024-10-14T13:31:48.000Z,night,2024-10-14,22.49,59.96,3.51,7.9,0.0,0.0,-999.0,100.18,32.05,20.56,0.01,3.96,9,19:38,08:25,-11.22,13,23,10,288,spring
220,1677090,2024-10-25T20:00:00.000Z,dawn,2024-10-26,13.81,49.1,2.98,119.1,0.0,163.62,0.56,100.57,27.45,10.86,0.0,4.98,7,19:26,08:34,-10.87,20,6,10,300,spring
221,1678750,2024-10-25T22:00:00.000Z,morning,2024-10-26,20.8,28.42,3.68,97.2,0.0,634.53,0.75,100.61,27.45,10.86,0.0,4.98,7,19:26,08:34,-10.87,22,8,10,300,spring
222,1681319,2024-10-26T03:15:18.000Z,afternoon,2024-10-26,30.12,14.86,0.49,162.3,0.0,486.4,0.4,100.31,30.12,12.17,0.0,3.68,7,19:26,08:34,-10.87,3,13,10,300,spring
223,1677392,2024-10-26T12:00:00.000Z,night,2024-10-26,19.95,29.31,1.35,130.2,0.0,0.0,-999.0,100.29,30.12,12.17,0.0,3.68,7,19:26,08:34,-10.87,12,22,10,300,spring
224,1682477,2024-11-09T20:00:00.000Z,dawn,2024-11-10,21.71,24.92,3.57,128.3,0.0,125.47,0.36,100.46,35.72,16.06,0.0,4.83,22,19:14,08:45,-10.48,20,6,11,315,spring
225,1668395,2024-11-09T22:00:00.000Z,morning,2024-11-10,25.36,18.13,4.3,127.1,0.0,535.9,0.6,100.54,35.72,16.06,0.0,4.83,22,19:14,08:45,-10.48,22,8,11,315,spring
226,1678704,2024-11-10T04:00:00.000Z,afternoon,2024-11-10,32.61,14.46,1.02,161.7,0.0,791.83,0.71,100.29,33.03,21.37,0.0,4.3,22,19:14,08:45,-10.48,4,14,11,315,spring
227,1682291,2024-11-10T12:00:00.000Z,night,2024-11-10,25.78,27.34,1.62,146.6,0.0,0.0,-999.0,100.28,33.03,21.37,0.0,4.3,22,19:14,08:45,-10.48,12,22,11,315,spring
228,1668454,2024-11-20T20:00:00.000Z,dawn,2024-11-21,20.22,73.59,4.43,70.6,0.0,224.95,0.61,100.7,33.28,18.23,0.0,6.68,33,19:09,08:55,-10.24,20,6,11,326,spring
229,1668453,2024-11-20T22:00:00.000Z,morning,2024-11-21,25.94,47.57,5.94,55.4,0.0,671.65,0.74,100.78,33.28,18.23,0.0,6.68,33,19:09,08:55,-10.24,22,8,11,326,spring
230,1668481,2024-11-21T04:00:00.000Z,afternoon,2024-11-21,33.01,27.95,5.76,60.7,0.0,758.25,0.66,100.39,33.01,18.68,0.0,6.33,33,19:09,08:55,-10.24,4,14,11,326,spring
231,1679156,2024-11-21T12:00:00.000Z,night,2024-11-21,24.78,47.24,1.96,36.3,0.0,0.0,-999.0,100.6,33.01,18.68,0.0,6.33,33,19:09,08:55,-10.24,12,22,11,326,spring
232,1678918,2024-12-11T19:58:31.000Z,dawn,2024-12-12,17.13,55.63,2.16,129.0,0.0,38.25,0.44,99.43,35.58,20.03,0.0,4.69,4,19:09,09:11,-9.96,19,5,12,347,summer
233,1678929,2024-12-11T22:00:00.000Z,morning,2024-12-12,28.81,21.68,3.53,110.6,0.0,701.2,0.77,99.52,35.58,20.03,0.0,4.69,4,19:09,09:11,-9.96,22,8,12,347,summer
234,1679348,2024-12-12T04:00:00.000Z,afternoon,2024-12-12,36.56,14.02,1.43,191.7,0.0,945.72,0.79,99.18,36.56,17.13,0.0,3.53,4,19:09,09:11,-9.96,4,14,12,347,summer
235,1679357,2024-12-12T12:00:00.000Z,night,2024-12-12,25.22,38.35,1.09,166.2,0.0,0.0,-999.0,99.32,36.56,17.13,0.0,3.53,4,19:09,09:11,-9.96,12,22,12,347,summer
236,1669291,2024-12-16T20:00:00.000Z,dawn,2024-12-17,26.83,65.57,4.56,10.7,0.0,208.0,0.58,99.42,41.59,25.63,0.0,5.37,9,19:10,09:14,-9.94,20,6,12,352,summer
237,1676791,2024-12-16T22:00:00.000Z,morning,2024-12-17,32.87,43.25,4.17,3.6,0.0,646.83,0.72,99.47,41.59,25.63,0.0,5.37,9,19:10,09:14,-9.94,22,8,12,352,summer
238,1682297,2024-12-17T02:00:00.000Z,afternoon,2024-12-17,40.55,21.71,0.59,43.6,0.45,1060.22,0.76,99.26,41.55,25.0,0.12,5.98,9,19:10,09:14,-9.94,2,12,12,352,summer
239,1677542,2024-12-17T12:00:00.000Z,night,2024-12-17,31.88,35.49,3.83,177.6,0.01,0.0,-999.0,99.36,41.55,25.0,0.12,5.98,9,19:10,09:14,-9.94,12,22,12,352,summer
240,1677668,2024-12-31T20:00:00.000Z,dawn,2025-01-01,27.08,27.41,4.4,147.1,0.02,184.73,0.57,99.75,39.6,24.72,0.0,4.04,24,19:19,09:20,-9.98,20,6,1,1,summer
241,1679216,2024-12-31T22:00:00.000Z,morning,2025-01-01,32.86,22.71,4.33,133.3,0.02,639.88,0.73,99.81,39.6,24.72,0.0,4.04,24,19:19,09:20,-9.98,22,8,1,1,summer
242,1679219,2025-01-01T04:00:00.000Z,afternoon,2025-01-01,40.08,10.81,4.46,190.1,0.06,948.33,0.78,99.41,40.08,25.93,0.25,5.38,24,19:19,09:20,-9.98,4,14,1,1,summer
243,1681922,2025-01-01T12:00:00.000Z,night,2025-01-01,28.17,22.36,2.79,167.8,0.0,0.0,-999.0,99.64,40.08,25.93,0.25,5.38,24,19:19,09:20,-9.98,12,22,1,1,summer
244,1680188,2025-01-21T20:00:00.000Z,dawn,2025-01-22,28.23,30.87,4.84,346.1,0.0,102.12,0.42,99.25,39.68,25.78,0.0,4.34,14,19:37,09:19,-10.29,20,6,1,22,summer
245,1676619,2025-01-21T22:00:00.000Z,morning,2025-01-22,36.92,17.41,5.6,326.9,0.0,484.15,0.6,99.26,39.68,25.78,0.0,4.34,14,19:37,09:19,-10.29,22,8,1,22,summer
246,1680197,2025-01-22T02:00:00.000Z,afternoon,2025-01-22,44.99,10.23,5.44,275.9,0.0,1064.47,0.77,98.92,45.5,26.54,0.0,6.62,14,19:37,09:19,-10.29,2,12,1,22,summer
247,1676615,2025-01-22T12:00:00.000Z,night,2025-01-22,32.25,23.77,4.41,189.8,0.0,0.0,-999.0,99.15,45.5,26.54,0.0,6.62,14,19:37,09:19,-10.29,12,22,1,22,summer
248,1679394,2025-02-12T20:00:11.000Z,dawn,2025-02-13,25.75,68.26,4.58,96.5,0.0,70.97,0.46,99.12,40.31,26.16,0.02,5.63,2,19:56,09:05,-10.84,20,6,2,44,summer
249,1676521,2025-02-12T23:37:00.000Z,morning,2025-02-13,35.28,36.43,2.97,69.9,0.0,726.5,0.74,99.14,40.31,26.16,0.02,5.63,2,19:56,09:05,-10.84,23,9,2,44,summer
250,1670984,2025-02-13T03:25:17.000Z,afternoon,2025-02-13,42.43,19.88,2.26,233.6,0.0,944.05,0.73,98.78,42.78,24.97,0.02,5.21,2,19:56,09:05,-10.84,3,13,2,44,summer
251,1679511,2025-02-13T12:00:00.000Z,night,2025-02-13,32.68,34.83,1.6,99.0,0.04,0.0,-999.0,98.87,42.78,24.97,0.02,5.21,2,19:56,09:05,-10.84,12,22,2,44,summer
252,1676441,2025-02-18T20:19:46.000Z,dawn,2025-02-19,18.68,32.94,2.98,154.6,0.0,66.6,0.51,99.93,34.8,16.09,0.0,3.96,8,20:00,09:00,-11.01,20,6,2,50,summer
253,1669477,2025-02-18T22:00:00.000Z,morning,2025-02-19,26.84,17.93,3.27,150.3,0.0,541.7,0.75,100.03,34.8,16.09,0.0,3.96,8,20:00,09:00,-11.01,22,8,2,50,summer
254,1676444,2025-02-19T04:33:35.000Z,afternoon,2025-02-19,36.19,8.14,3.3,201.7,0.0,924.0,0.8,99.62,36.19,17.14,0.0,4.72,8,20:00,09:00,-11.01,4,14,2,50,summer
255,1680019,2025-02-19T12:00:00.000Z,night,2025-02-19,24.85,24.17,4.72,182.7,0.0,0.0,-999.0,99.93,36.19,17.14,0.0,4.72,8,20:00,09:00,-11.01,12,22,2,50,summer
256,1670355,2025-03-01T20:00:10.000Z,dawn,2025-03-02,28.14,40.79,2.72,133.1,0.0,34.4,0.36,99.82,42.74,27.18,0.0,6.49,19,20:08,08:48,-11.34,20,6,3,61,autumn
257,1670341,2025-03-01T23:48:07.000Z,morning,2025-03-02,37.4,19.24,3.8,113.6,0.0,674.85,0.73,99.88,42.74,27.18,0.0,6.49,19,20:08,08:48,-11.34,23,9,3,61,autumn
258,1679611,2025-03-02T04:00:00.000Z,afternoon,2025-03-02,42.29,12.66,4.09,187.0,0.0,595.42,0.54,99.51,42.29,27.33,0.0,5.04,19,20:08,08:48,-11.34,4,14,3,61,autumn
259,1676387,2025-03-02T12:00:00.000Z,night,2025-03-02,31.59,23.36,3.95,164.9,0.0,0.0,-999.0,99.78,42.29,27.33,0.0,5.04,19,20:08,08:48,-11.34,12,22,3,61,autumn
260,1670398,2025-03-21T20:00:00.000Z,dawn,2025-03-22,22.83,79.48,2.28,110.8,0.0,14.98,0.31,100.14,33.24,26.01,2.09,3.11,0,20:21,08:25,-11.94,20,6,3,81,autumn
261,1681726,2025-03-21T22:00:00.000Z,morning,2025-03-22,28.43,51.56,3.19,110.5,0.2,379.27,0.63,100.27,33.24,26.01,2.09,3.11,0,20:21,08:25,-11.94,22,8,3,81,autumn
262,1670408,2025-03-22T04:00:00.000Z,afternoon,2025-03-22,33.33,33.6,3.16,169.4,0.0,463.95,0.46,99.89,33.85,22.83,0.02,3.23,0,20:21,08:25,-11.94,4,14,3,81,autumn
263,1670424,2025-03-22T12:00:00.000Z,night,2025-03-22,26.67,46.47,1.36,129.1,0.0,0.0,-999.0,100.08,33.85,22.83,0.02,3.23,0,20:21,08:25,-11.94,12,22,3,81,autumn
264,1672079,2025-04-13T20:00:00.000Z,dawn,2025-04-14,16.93,87.44,2.15,83.9,0.0,4.75,0.31,100.98,30.46,17.23,0.0,5.0,11,20:35,07:58,-12.63,20,6,4,104,autumn
265,1672053,2025-04-13T22:00:00.000Z,morning,2025-04-14,21.43,68.33,2.99,56.7,0.0,336.42,0.66,101.1,30.46,17.23,0.0,5.0,11,20:35,07:58,-12.63,22,8,4,104,autumn
266,1672094,2025-04-14T03:05:16.000Z,afternoon,2025-04-14,30.55,33.63,3.61,117.0,0.0,649.47,0.66,100.75,30.55,16.93,0.0,3.78,11,20:35,07:58,-12.63,3,13,4,104,autumn
267,1678158,2025-04-14T13:07:52.000Z,night,2025-04-14,19.26,70.73,1.47,87.3,0.0,0.0,-999.0,100.79,30.55,16.93,0.0,3.78,11,20:35,07:58,-12.63,13,23,4,104,autumn
268,1681455,2025-04-17T19:58:26.000Z,dawn,2025-04-18,14.48,56.81,1.12,54.0,0.0,0.0,-999.0,99.99,28.28,11.33,0.0,2.59,15,20:38,07:53,-12.74,19,5,4,108,autumn
269,1680295,2025-04-17T22:00:00.000Z,morning,2025-04-18,18.26,44.63,2.29,66.9,0.0,350.77,0.71,100.13,28.28,11.33,0.0,2.59,15,20:38,07:53,-12.74,22,8,4,108,autumn
270,1676142,2025-04-18T02:08:23.000Z,afternoon,2025-04-18,28.27,21.75,2.56,55.0,0.0,794.7,0.79,99.9,29.04,13.72,0.0,2.56,15,20:38,07:53,-12.74,2,12,4,108,autumn
271,1680271,2025-04-18T12:00:00.000Z,night,2025-04-18,17.78,59.52,1.39,53.5,0.0,0.0,-999.0,99.92,29.04,13.72,0.0,2.56,15,20:38,07:53,-12.74,12,22,4,108,autumn
272,1680496,2025-05-06T20:00:00.000Z,dawn,2025-05-07,14.85,84.19,1.36,13.6,0.0,0.0,-999.0,100.61,27.05,12.97,0.0,2.82,10,20:50,07:36,-13.23,20,6,5,127,autumn
273,1675916,2025-05-06T22:00:00.000Z,morning,2025-05-07,17.89,67.16,2.53,10.7,0.0,247.55,0.59,100.71,27.05,12.97,0.0,2.82,10,20:50,07:36,-13.23,22,8,5,127,autumn
274,1672923,2025-05-07T03:42:41.000Z,afternoon,2025-05-07,26.64,38.25,2.46,275.6,0.0,481.52,0.57,100.52,26.64,14.85,0.0,2.86,10,20:50,07:36,-13.23,3,13,5,127,autumn
275,1680500,2025-05-07T12:00:00.000Z,night,2025-05-07,20.22,64.81,0.8,219.9,0.0,0.0,-999.0,100.69,26.64,14.85,0.0,2.86,10,20:50,07:36,-13.23,12,22,5,127,autumn
276,1671221,2025-05-22T20:00:00.000Z,dawn,2025-05-23,7.95,100.0,0.96,221.2,0.16,0.0,-999.0,100.25,21.15,12.41,0.11,4.99,6,20:59,07:26,-13.55,20,6,5,143,autumn
277,1673518,2025-05-22T22:00:00.000Z,morning,2025-05-23,11.14,86.17,1.59,250.5,0.02,205.12,0.57,100.34,21.15,12.41,0.11,4.99,6,20:59,07:26,-13.55,22,8,5,143,autumn
278,1681672,2025-05-23T04:00:00.000Z,afternoon,2025-05-23,20.06,29.58,3.31,281.9,0.0,448.95,0.69,100.02,20.06,7.95,0.02,3.7,6,20:59,07:26,-13.55,4,14,5,143,autumn
279,1680609,2025-05-23T12:00:00.000Z,night,2025-05-23,12.35,65.86,1.03,281.7,0.0,0.0,-999.0,100.2,20.06,7.95,0.02,3.7,6,20:59,07:26,-13.55,12,22,5,143,autumn
280,1672451,2025-06-07T18:00:00.000Z,dawn,2025-06-08,8.38,64.44,4.27,272.5,0.0,0.0,-999.0,99.9,18.05,7.22,0.0,5.0,4,21:08,07:23,-13.75,18,4,6,159,winter
281,1672466,2025-06-07T23:06:08.000Z,morning,2025-06-08,12.73,68.23,4.23,250.8,0.0,289.25,0.56,100.0,18.05,7.22,0.0,5.0,4,21:08,07:23,-13.75,23,9,6,159,winter
282,1675748,2025-06-08T02:00:00.000Z,afternoon,2025-06-08,15.06,49.67,5.21,263.9,0.0,465.92,0.59,99.76,15.38,7.79,0.0,5.62,4,21:08,07:23,-13.75,2,12,6,159,winter
283,1680712,2025-06-08T12:00:00.000Z,night,2025-06-08,9.47,70.68,3.02,253.1,0.0,0.0,-999.0,99.95,15.38,7.79,0.0,5.62,4,21:08,07:23,-13.75,12,22,6,159,winter
284,1672819,2025-06-19T20:00:00.000Z,dawn,2025-06-20,1.84,100.0,1.64,96.3,0.0,0.0,-999.0,101.31,15.54,2.37,0.0,2.68,16,21:12,07:24,-13.8,20,6,6,171,winter
285,1681126,2025-06-19T22:00:00.000Z,morning,2025-06-20,5.07,86.6,2.77,88.1,0.0,156.73,0.53,101.43,15.54,2.37,0.0,2.68,16,21:12,07:24,-13.8,22,8,6,171,winter
286,1681129,2025-06-20T02:00:00.000Z,afternoon,2025-06-20,17.08,37.29,2.11,49.6,0.0,560.83,0.73,101.37,18.65,1.84,0.0,2.77,16,21:12,07:24,-13.8,2,12,6,171,winter
287,1672840,2025-06-20T12:00:00.000Z,night,2025-06-20,7.66,75.95,1.81,103.4,0.0,0.0,-999.0,101.38,18.65,1.84,0.0,2.77,16,21:12,07:24,-13.8,12,22,6,171,winter
