group,name,path,duration_s,peak,mean_0_2k_db,mean_2_8k_db,mean_8_11k_db,ratio_2_8_minus_0_2_db
showcase_generated,seed_42_generated,acoustic_ai/layers/layer_b/attempts/murphy__smoke_1__audioldm2_rain/showcase/seed_42_generated/audio.wav,5.0,0.432054,-60.822968,-60.32407,-102.087784,0.498898
showcase_generated,seed_43_generated,acoustic_ai/layers/layer_b/attempts/murphy__smoke_1__audioldm2_rain/showcase/seed_43_generated/audio.wav,5.0,0.324519,-57.194515,-64.108566,-107.618767,-6.914051
showcase_generated,seed_44_generated,acoustic_ai/layers/layer_b/attempts/murphy__smoke_1__audioldm2_rain/showcase/seed_44_generated/audio.wav,5.0,0.989895,-56.91021,-64.332886,-107.208557,-7.422676
showcase_generated,seed_45_generated,acoustic_ai/layers/layer_b/attempts/murphy__smoke_1__audioldm2_rain/showcase/seed_45_generated/audio.wav,5.0,0.933925,-56.075306,-59.014332,-103.212715,-2.939026
showcase_generated,seed_46_generated,acoustic_ai/layers/layer_b/attempts/murphy__smoke_1__audioldm2_rain/showcase/seed_46_generated/audio.wav,5.0,0.321248,-53.810154,-64.604561,-105.421501,-10.794407
showcase_generated,seed_47_generated,acoustic_ai/layers/layer_b/attempts/murphy__smoke_1__audioldm2_rain/showcase/seed_47_generated/audio.wav,5.0,0.524743,-55.229446,-59.25922,-102.949318,-4.029774
showcase_generated,seed_48_generated,acoustic_ai/layers/layer_b/attempts/murphy__smoke_1__audioldm2_rain/showcase/seed_48_generated/audio.wav,5.0,0.58924,-53.501167,-71.285736,-107.722343,-17.784569
showcase_generated,seed_49_generated,acoustic_ai/layers/layer_b/attempts/murphy__smoke_1__audioldm2_rain/showcase/seed_49_generated/audio.wav,5.0,0.334233,-59.887413,-61.730526,-105.17157,-1.843113
showcase_generated,seed_50_generated,acoustic_ai/layers/layer_b/attempts/murphy__smoke_1__audioldm2_rain/showcase/seed_50_generated/audio.wav,5.0,0.225297,-54.405495,-70.79406,-109.381538,-16.388565
showcase_generated,seed_51_generated,acoustic_ai/layers/layer_b/attempts/murphy__smoke_1__audioldm2_rain/showcase/seed_51_generated/audio.wav,5.0,0.948572,-60.666771,-69.767639,-108.092926,-9.100868
training_real,001__rec_214659__clip_016__win_02__rain_wind,debug/murphy_layer_b_rain_smoke_training_pool_v0_20260606/audio/001__rec_214659__clip_016__win_02__rain_wind.wav,5.0,0.682861,-50.310425,-69.219261,-85.644913,-18.908836
training_real,002__rec_214659__clip_023__win_00__rain,debug/murphy_layer_b_rain_smoke_training_pool_v0_20260606/audio/002__rec_214659__clip_023__win_00__rain.wav,5.0,1.0,-49.096806,-70.88105,-88.400948,-21.784245
training_real,003__rec_214659__clip_023__win_01__rain,debug/murphy_layer_b_rain_smoke_training_pool_v0_20260606/audio/003__rec_214659__clip_023__win_01__rain.wav,5.0,0.848877,-49.999802,-69.889465,-88.051811,-19.889664
training_real,004__rec_214659__clip_023__win_02__rain_wind,debug/murphy_layer_b_rain_smoke_training_pool_v0_20260606/audio/004__rec_214659__clip_023__win_02__rain_wind.wav,5.0,0.486084,-51.330063,-71.675415,-89.86084,-20.345352
training_real,005__rec_214665__clip_008__win_00__rain,debug/murphy_layer_b_rain_smoke_training_pool_v0_20260606/audio/005__rec_214665__clip_008__win_00__rain.wav,5.0,0.082581,-75.782417,-79.271019,-88.104752,-3.488602
training_real,006__rec_214665__clip_008__win_01__rain,debug/murphy_layer_b_rain_smoke_training_pool_v0_20260606/audio/006__rec_214665__clip_008__win_01__rain.wav,5.0,0.145264,-75.375748,-79.483177,-89.375488,-4.10743
training_real,007__rec_214665__clip_008__win_02__rain,debug/murphy_layer_b_rain_smoke_training_pool_v0_20260606/audio/007__rec_214665__clip_008__win_02__rain.wav,5.0,0.100616,-75.438225,-79.992393,-89.710464,-4.554169
training_real,008__rec_216088__clip_019__win_00__rain_wind,debug/murphy_layer_b_rain_smoke_training_pool_v0_20260606/audio/008__rec_216088__clip_019__win_00__rain_wind.wav,5.0,0.113953,-60.491848,-81.385681,-96.058815,-20.893833
training_real,009__rec_216095__clip_020__win_01__rain,debug/murphy_layer_b_rain_smoke_training_pool_v0_20260606/audio/009__rec_216095__clip_020__win_01__rain.wav,5.0,0.05545,-71.753159,-83.483223,-92.944489,-11.730064
training_real,010__rec_216095__clip_020__win_02__rain,debug/murphy_layer_b_rain_smoke_training_pool_v0_20260606/audio/010__rec_216095__clip_020__win_02__rain.wav,5.0,0.14856,-70.330559,-83.594803,-92.55336,-13.264244
training_real,011__rec_216095__clip_021__win_00__rain,debug/murphy_layer_b_rain_smoke_training_pool_v0_20260606/audio/011__rec_216095__clip_021__win_00__rain.wav,5.0,0.295898,-59.798721,-69.383583,-78.291954,-9.584862
training_real,012__rec_216095__clip_021__win_01__rain,debug/murphy_layer_b_rain_smoke_training_pool_v0_20260606/audio/012__rec_216095__clip_021__win_01__rain.wav,5.0,0.260773,-62.638432,-72.900604,-81.883759,-10.262173
training_real,013__rec_216095__clip_021__win_02__rain,debug/murphy_layer_b_rain_smoke_training_pool_v0_20260606/audio/013__rec_216095__clip_021__win_02__rain.wav,5.0,0.188507,-62.732349,-72.389595,-81.918846,-9.657246
training_real,014__rec_216095__clip_022__win_00__rain,debug/murphy_layer_b_rain_smoke_training_pool_v0_20260606/audio/014__rec_216095__clip_022__win_00__rain.wav,5.0,0.083069,-72.900261,-82.522636,-91.123291,-9.622375
training_real,015__rec_216095__clip_022__win_01__rain,debug/murphy_layer_b_rain_smoke_training_pool_v0_20260606/audio/015__rec_216095__clip_022__win_01__rain.wav,5.0,0.113556,-72.241302,-82.507515,-91.356056,-10.266212
training_real,016__rec_216095__clip_023__win_00__rain,debug/murphy_layer_b_rain_smoke_training_pool_v0_20260606/audio/016__rec_216095__clip_023__win_00__rain.wav,5.0,1.0,-50.427731,-68.855637,-77.478371,-18.427906
training_real,017__rec_216095__clip_023__win_02__rain,debug/murphy_layer_b_rain_smoke_training_pool_v0_20260606/audio/017__rec_216095__clip_023__win_02__rain.wav,5.0,0.683563,-57.171383,-62.002274,-68.712051,-4.830891
training_real,018__rec_216095__clip_024__win_00__rain,debug/murphy_layer_b_rain_smoke_training_pool_v0_20260606/audio/018__rec_216095__clip_024__win_00__rain.wav,5.0,1.0,-44.233345,-47.734295,-56.02224,-3.50095
training_real,019__rec_216095__clip_024__win_01__rain,debug/murphy_layer_b_rain_smoke_training_pool_v0_20260606/audio/019__rec_216095__clip_024__win_01__rain.wav,5.0,1.0,-43.079018,-47.177372,-55.435459,-4.098354
training_real,020__rec_216095__clip_024__win_02__rain,debug/murphy_layer_b_rain_smoke_training_pool_v0_20260606/audio/020__rec_216095__clip_024__win_02__rain.wav,5.0,1.0,-42.694256,-46.403214,-54.63113,-3.708958
training_real,021__rec_1313184__clip_004__win_01__rain,debug/murphy_layer_b_rain_smoke_training_pool_v0_20260606/audio/021__rec_1313184__clip_004__win_01__rain.wav,5.0,0.070007,-75.041161,-86.228127,-96.045982,-11.186966
training_real,022__rec_1313184__clip_004__win_02__rain_wind,debug/murphy_layer_b_rain_smoke_training_pool_v0_20260606/audio/022__rec_1313184__clip_004__win_02__rain_wind.wav,5.0,0.060852,-74.628288,-86.867134,-96.301582,-12.238846
training_real,023__rec_1313184__clip_005__win_02__rain,debug/murphy_layer_b_rain_smoke_training_pool_v0_20260606/audio/023__rec_1313184__clip_005__win_02__rain.wav,5.0,0.108978,-74.767517,-84.779228,-94.891754,-10.011711
training_real,024__rec_1313184__clip_010__win_00__rain,debug/murphy_layer_b_rain_smoke_training_pool_v0_20260606/audio/024__rec_1313184__clip_010__win_00__rain.wav,5.0,0.137268,-67.113495,-75.738747,-87.002602,-8.625252
training_real,025__rec_1313184__clip_010__win_01__rain,debug/murphy_layer_b_rain_smoke_training_pool_v0_20260606/audio/025__rec_1313184__clip_010__win_01__rain.wav,5.0,0.119202,-67.69381,-76.793602,-87.543945,-9.099792
training_real,026__rec_1313184__clip_011__win_00__rain,debug/murphy_layer_b_rain_smoke_training_pool_v0_20260606/audio/026__rec_1313184__clip_011__win_00__rain.wav,5.0,0.111023,-66.446617,-75.913002,-86.560898,-9.466385
training_real,027__rec_1313184__clip_011__win_01__rain,debug/murphy_layer_b_rain_smoke_training_pool_v0_20260606/audio/027__rec_1313184__clip_011__win_01__rain.wav,5.0,0.102112,-66.569939,-76.102203,-86.412315,-9.532265
training_real,028__rec_1313184__clip_011__win_02__rain,debug/murphy_layer_b_rain_smoke_training_pool_v0_20260606/audio/028__rec_1313184__clip_011__win_02__rain.wav,5.0,0.335999,-64.60215,-74.60006,-85.36409,-9.99791
training_real,029__rec_1313184__clip_012__win_00__rain,debug/murphy_layer_b_rain_smoke_training_pool_v0_20260606/audio/029__rec_1313184__clip_012__win_00__rain.wav,5.0,1.0,-51.921314,-71.211571,-84.373856,-19.290257
training_real,030__rec_1313184__clip_012__win_02__rain,debug/murphy_layer_b_rain_smoke_training_pool_v0_20260606/audio/030__rec_1313184__clip_012__win_02__rain.wav,5.0,0.730377,-53.915783,-70.223862,-82.685127,-16.308079
training_real,031__rec_1313184__clip_013__win_00__rain,debug/murphy_layer_b_rain_smoke_training_pool_v0_20260606/audio/031__rec_1313184__clip_013__win_00__rain.wav,5.0,0.095764,-64.264091,-79.273781,-91.60321,-15.009689
training_real,032__rec_1313184__clip_013__win_01__rain,debug/murphy_layer_b_rain_smoke_training_pool_v0_20260606/audio/032__rec_1313184__clip_013__win_01__rain.wav,5.0,0.198975,-63.431545,-79.861885,-91.464783,-16.43034
training_real,033__rec_1313184__clip_013__win_02__rain,debug/murphy_layer_b_rain_smoke_training_pool_v0_20260606/audio/033__rec_1313184__clip_013__win_02__rain.wav,5.0,0.164459,-62.519825,-79.360008,-91.290627,-16.840183
training_real,034__rec_1313196__clip_001__win_00__rain,debug/murphy_layer_b_rain_smoke_training_pool_v0_20260606/audio/034__rec_1313196__clip_001__win_00__rain.wav,5.0,0.869232,-58.638714,-60.82835,-71.645569,-2.189636
training_real,035__rec_1313196__clip_001__win_01__rain,debug/murphy_layer_b_rain_smoke_training_pool_v0_20260606/audio/035__rec_1313196__clip_001__win_01__rain.wav,5.0,0.989532,-58.477772,-61.123024,-72.056175,-2.645252
training_real,036__rec_1313196__clip_001__win_02__rain,debug/murphy_layer_b_rain_smoke_training_pool_v0_20260606/audio/036__rec_1313196__clip_001__win_02__rain.wav,5.0,0.831177,-60.133831,-62.017326,-71.788795,-1.883495
training_real,037__rec_1313196__clip_002__win_00__rain,debug/murphy_layer_b_rain_smoke_training_pool_v0_20260606/audio/037__rec_1313196__clip_002__win_00__rain.wav,5.0,0.582458,-63.436298,-65.927902,-76.662758,-2.491604
training_real,038__rec_1313196__clip_002__win_01__rain,debug/murphy_layer_b_rain_smoke_training_pool_v0_20260606/audio/038__rec_1313196__clip_002__win_01__rain.wav,5.0,0.526855,-63.297096,-66.371658,-77.539955,-3.074562
training_real,039__rec_1313196__clip_002__win_02__rain,debug/murphy_layer_b_rain_smoke_training_pool_v0_20260606/audio/039__rec_1313196__clip_002__win_02__rain.wav,5.0,0.411102,-62.666988,-66.101868,-76.803986,-3.434879
training_real,040__rec_1313196__clip_003__win_00__rain,debug/murphy_layer_b_rain_smoke_training_pool_v0_20260606/audio/040__rec_1313196__clip_003__win_00__rain.wav,5.0,0.646118,-61.617554,-65.490044,-75.790871,-3.87249
training_real,041__rec_1313196__clip_003__win_01__rain,debug/murphy_layer_b_rain_smoke_training_pool_v0_20260606/audio/041__rec_1313196__clip_003__win_01__rain.wav,5.0,0.824707,-59.364761,-63.844856,-75.090988,-4.480095
training_real,042__rec_1313196__clip_003__win_02__rain,debug/murphy_layer_b_rain_smoke_training_pool_v0_20260606/audio/042__rec_1313196__clip_003__win_02__rain.wav,5.0,0.792725,-59.9333,-63.674397,-74.951569,-3.741096
training_real,043__rec_1313196__clip_004__win_00__rain,debug/murphy_layer_b_rain_smoke_training_pool_v0_20260606/audio/043__rec_1313196__clip_004__win_00__rain.wav,5.0,0.463745,-64.830566,-67.370796,-78.602577,-2.54023
training_real,044__rec_1313196__clip_004__win_01__rain,debug/murphy_layer_b_rain_smoke_training_pool_v0_20260606/audio/044__rec_1313196__clip_004__win_01__rain.wav,5.0,0.812958,-63.816074,-66.462158,-78.570351,-2.646084
training_real,045__rec_1313196__clip_004__win_02__rain,debug/murphy_layer_b_rain_smoke_training_pool_v0_20260606/audio/045__rec_1313196__clip_004__win_02__rain.wav,5.0,0.450928,-63.274666,-66.33197,-77.792946,-3.057304
training_real,046__rec_1313196__clip_005__win_00__rain,debug/murphy_layer_b_rain_smoke_training_pool_v0_20260606/audio/046__rec_1313196__clip_005__win_00__rain.wav,5.0,0.732056,-62.412189,-65.727112,-77.713715,-3.314922
training_real,047__rec_1313196__clip_005__win_01__rain,debug/murphy_layer_b_rain_smoke_training_pool_v0_20260606/audio/047__rec_1313196__clip_005__win_01__rain.wav,5.0,0.812073,-62.984055,-66.339592,-78.360199,-3.355537
training_real,048__rec_1313196__clip_005__win_02__rain,debug/murphy_layer_b_rain_smoke_training_pool_v0_20260606/audio/048__rec_1313196__clip_005__win_02__rain.wav,5.0,0.326294,-63.442745,-67.170197,-78.312332,-3.727451
training_real,049__rec_1313196__clip_006__win_00__rain,debug/murphy_layer_b_rain_smoke_training_pool_v0_20260606/audio/049__rec_1313196__clip_006__win_00__rain.wav,5.0,0.505493,-61.747444,-67.004967,-77.898109,-5.257523
training_real,050__rec_1313196__clip_006__win_01__rain,debug/murphy_layer_b_rain_smoke_training_pool_v0_20260606/audio/050__rec_1313196__clip_006__win_01__rain.wav,5.0,0.21814,-64.143311,-68.018311,-78.444649,-3.875
training_real,051__rec_1313196__clip_006__win_02__rain,debug/murphy_layer_b_rain_smoke_training_pool_v0_20260606/audio/051__rec_1313196__clip_006__win_02__rain.wav,5.0,0.304108,-63.61396,-67.901505,-78.660156,-4.287544
training_real,052__rec_1401415__clip_001__win_00__rain,debug/murphy_layer_b_rain_smoke_training_pool_v0_20260606/audio/052__rec_1401415__clip_001__win_00__rain.wav,5.0,1.0,-47.660671,-52.805958,-62.779903,-5.145287
training_real,053__rec_1401415__clip_001__win_01__rain,debug/murphy_layer_b_rain_smoke_training_pool_v0_20260606/audio/053__rec_1401415__clip_001__win_01__rain.wav,5.0,1.0,-47.367294,-52.099087,-61.663471,-4.731792
training_real,054__rec_1401415__clip_001__win_02__rain,debug/murphy_layer_b_rain_smoke_training_pool_v0_20260606/audio/054__rec_1401415__clip_001__win_02__rain.wav,5.0,1.0,-46.239792,-51.629593,-60.600727,-5.389801
training_real,055__rec_1401415__clip_002__win_00__rain,debug/murphy_layer_b_rain_smoke_training_pool_v0_20260606/audio/055__rec_1401415__clip_002__win_00__rain.wav,5.0,0.350098,-59.521027,-65.948555,-77.408638,-6.427528
training_real,056__rec_1401415__clip_002__win_01__rain,debug/murphy_layer_b_rain_smoke_training_pool_v0_20260606/audio/056__rec_1401415__clip_002__win_01__rain.wav,5.0,0.416443,-59.605305,-66.301193,-77.244789,-6.695889
training_real,057__rec_1401415__clip_002__win_02__rain,debug/murphy_layer_b_rain_smoke_training_pool_v0_20260606/audio/057__rec_1401415__clip_002__win_02__rain.wav,5.0,0.397247,-59.661564,-66.324165,-77.56781,-6.662601
training_real,058__rec_1401640__clip_001__win_02__rain,debug/murphy_layer_b_rain_smoke_training_pool_v0_20260606/audio/058__rec_1401640__clip_001__win_02__rain.wav,5.0,0.232574,-68.383232,-72.881691,-86.16568,-4.498459
training_real,059__rec_1401640__clip_002__win_02__rain,debug/murphy_layer_b_rain_smoke_training_pool_v0_20260606/audio/059__rec_1401640__clip_002__win_02__rain.wav,5.0,0.563293,-63.40958,-67.295898,-80.28978,-3.886318
training_real,060__rec_1401640__clip_003__win_00__rain,debug/murphy_layer_b_rain_smoke_training_pool_v0_20260606/audio/060__rec_1401640__clip_003__win_00__rain.wav,5.0,0.248138,-65.782936,-72.166809,-83.843636,-6.383873
training_real,061__rec_1401640__clip_004__win_00__rain,debug/murphy_layer_b_rain_smoke_training_pool_v0_20260606/audio/061__rec_1401640__clip_004__win_00__rain.wav,5.0,0.799103,-54.717178,-58.126339,-69.774017,-3.409161
training_real,062__rec_1401640__clip_005__win_01__rain,debug/murphy_layer_b_rain_smoke_training_pool_v0_20260606/audio/062__rec_1401640__clip_005__win_01__rain.wav,5.0,0.056213,-71.854927,-83.280121,-94.123802,-11.425194
training_real,063__rec_1401640__clip_007__win_02__rain,debug/murphy_layer_b_rain_smoke_training_pool_v0_20260606/audio/063__rec_1401640__clip_007__win_02__rain.wav,5.0,0.335541,-58.575493,-63.013302,-74.142899,-4.437809
training_real,064__rec_1401640__clip_008__win_01__rain,debug/murphy_layer_b_rain_smoke_training_pool_v0_20260606/audio/064__rec_1401640__clip_008__win_01__rain.wav,5.0,0.996246,-54.68499,-59.556507,-70.350159,-4.871517
training_real,065__rec_1401640__clip_009__win_02__rain,debug/murphy_layer_b_rain_smoke_training_pool_v0_20260606/audio/065__rec_1401640__clip_009__win_02__rain.wav,5.0,0.999969,-49.709332,-54.789398,-64.58149,-5.080067
training_real,066__rec_1401640__clip_010__win_01__rain,debug/murphy_layer_b_rain_smoke_training_pool_v0_20260606/audio/066__rec_1401640__clip_010__win_01__rain.wav,5.0,0.728668,-52.695229,-61.084949,-73.61129,-8.389721
training_real,067__rec_1401640__clip_011__win_00__rain,debug/murphy_layer_b_rain_smoke_training_pool_v0_20260606/audio/067__rec_1401640__clip_011__win_00__rain.wav,5.0,0.69751,-56.578297,-62.10474,-72.919022,-5.526443
training_real,068__rec_1401640__clip_012__win_00__rain,debug/murphy_layer_b_rain_smoke_training_pool_v0_20260606/audio/068__rec_1401640__clip_012__win_00__rain.wav,5.0,0.61026,-58.46751,-67.055412,-78.058578,-8.587902
training_real,069__rec_1401640__clip_013__win_01__rain,debug/murphy_layer_b_rain_smoke_training_pool_v0_20260606/audio/069__rec_1401640__clip_013__win_01__rain.wav,5.0,0.174713,-66.090286,-73.006584,-83.980179,-6.916298
training_real,070__rec_1401640__clip_014__win_01__rain,debug/murphy_layer_b_rain_smoke_training_pool_v0_20260606/audio/070__rec_1401640__clip_014__win_01__rain.wav,5.0,0.678528,-67.21283,-79.013222,-90.429352,-11.800392
training_real,071__rec_1401640__clip_015__win_02__rain,debug/murphy_layer_b_rain_smoke_training_pool_v0_20260606/audio/071__rec_1401640__clip_015__win_02__rain.wav,5.0,0.129486,-70.622528,-81.778992,-92.86441,-11.156464
training_real,072__rec_1401640__clip_016__win_02__rain,debug/murphy_layer_b_rain_smoke_training_pool_v0_20260606/audio/072__rec_1401640__clip_016__win_02__rain.wav,5.0,0.06131,-75.105072,-86.857124,-95.290443,-11.752052
