review_scene,asset_id,primary_weather,expected_rain,expected_wind,expected_thunder,analysis_use,human_audit_status,human_weather_label,human_notes,clip_path,local_wav_path,available_locally,source_s3_uri
light_rain,site_mvp002_site257_214665_001923_001938,rain,light,none,none,site_ready_pool,site_ready,rain,clear_rain_target_score,acoustic_ai/layers/layer_b/attempts/murphy__smoke_1__curated_assets/data/weather/site_mvp_002/rain_primary/rain_primary__rain__site257_214665_001923_001938.wav,acoustic_ai/layers/layer_b/attempts/murphy__smoke_1__curated_assets/data/weather/site_mvp_002/rain_primary/rain_primary__rain__site257_214665_001923_001938.wav,True,s3://eco-acoustic-data.store.adelaideuni.cloud/dataset/original/site_257_bowra-dry-a/downloaded_clips/site_257_item_214665/site_257_item_214665_clip_007.webm
heavy_rain,site_mvp002_site257_1401640_003387_003402,rain,heavy,none,none,site_ready_pool,site_ready;light_rain_audit001,rain,light rain audit001: changed rain intensity from light to heavy,acoustic_ai/layers/layer_b/attempts/murphy__smoke_1__curated_assets/data/weather/site_mvp_002/rain_primary/rain_primary__rain__site257_1401640_003387_003402.wav,acoustic_ai/layers/layer_b/attempts/murphy__smoke_1__curated_assets/data/weather/site_mvp_002/rain_primary/rain_primary__rain__site257_1401640_003387_003402.wav,True,s3://eco-acoustic-data.store.adelaideuni.cloud/dataset/original/site_257_bowra-dry-a/downloaded_clips/site_257_item_1401640/site_257_item_1401640_clip_012.webm
moderate_rain,site_mvp002_site257_1313196_000202_000217,rain,moderate,none,none,site_ready_pool,site_ready,rain,clear_rain_target_score,acoustic_ai/layers/layer_b/attempts/murphy__smoke_1__curated_assets/data/weather/site_mvp_002/rain_primary/rain_primary__rain__site257_1313196_000202_000217.wav,acoustic_ai/layers/layer_b/attempts/murphy__smoke_1__curated_assets/data/weather/site_mvp_002/rain_primary/rain_primary__rain__site257_1313196_000202_000217.wav,True,s3://eco-acoustic-data.store.adelaideuni.cloud/dataset/original/site_257_bowra-dry-a/downloaded_clips/site_257_item_1313196/site_257_item_1313196_clip_001.webm
moderate_rain,site_mvp002_site257_1313196_000778_000793,rain,moderate,none,none,site_ready_pool,site_ready,rain,clear_rain_target_score,acoustic_ai/layers/layer_b/attempts/murphy__smoke_1__curated_assets/data/weather/site_mvp_002/rain_primary/rain_primary__rain__site257_1313196_000778_000793.wav,acoustic_ai/layers/layer_b/attempts/murphy__smoke_1__curated_assets/data/weather/site_mvp_002/rain_primary/rain_primary__rain__site257_1313196_000778_000793.wav,True,s3://eco-acoustic-data.store.adelaideuni.cloud/dataset/original/site_257_bowra-dry-a/downloaded_clips/site_257_item_1313196/site_257_item_1313196_clip_003.webm
mixed_rain_wind,site_mvp002_site257_1313184_006689_006704,rain+wind,moderate,moderate,none,site_ready_pool,site_ready,rain+wind,usable_rain_with_wind_overlap,acoustic_ai/layers/layer_b/attempts/murphy__smoke_1__curated_assets/data/weather/site_mvp_002/rain_wind_mixed/rain_wind_mixed__rain_wind__site257_1313184_006689_006704.wav,acoustic_ai/layers/layer_b/attempts/murphy__smoke_1__curated_assets/data/weather/site_mvp_002/rain_wind_mixed/rain_wind_mixed__rain_wind__site257_1313184_006689_006704.wav,True,s3://eco-acoustic-data.store.adelaideuni.cloud/dataset/original/site_257_bowra-dry-a/downloaded_clips/site_257_item_1313184/site_257_item_1313184_clip_023.webm
mixed_rain_wind,site_mvp002_site257_1539525_006050_006065,rain+wind,moderate,moderate,none,site_ready_pool,site_ready,rain+wind,usable_rain_with_wind_overlap,acoustic_ai/layers/layer_b/attempts/murphy__smoke_1__curated_assets/data/weather/site_mvp_002/rain_wind_mixed/rain_wind_mixed__rain_wind__site257_1539525_006050_006065.wav,acoustic_ai/layers/layer_b/attempts/murphy__smoke_1__curated_assets/data/weather/site_mvp_002/rain_wind_mixed/rain_wind_mixed__rain_wind__site257_1539525_006050_006065.wav,True,s3://eco-acoustic-data.store.adelaideuni.cloud/dataset/original/site_257_bowra-dry-a/downloaded_clips/site_257_item_1539525/site_257_item_1539525_clip_021.webm
breezing_light_wind,site_mvp002_site257_214837_001286_001301,wind,none,light,none,site_ready_pool,site_ready,wind,clear_wind_target_score,acoustic_ai/layers/layer_b/attempts/murphy__smoke_1__curated_assets/data/weather/site_mvp_002/wind_primary/wind_primary__wind__site257_214837_001286_001301.wav,acoustic_ai/layers/layer_b/attempts/murphy__smoke_1__curated_assets/data/weather/site_mvp_002/wind_primary/wind_primary__wind__site257_214837_001286_001301.wav,True,s3://eco-acoustic-data.store.adelaideuni.cloud/dataset/original/site_257_bowra-dry-a/downloaded_clips/site_257_item_214837/site_257_item_214837_clip_005.webm
breezing_light_wind,site_mvp002_site257_5299_002749_002764,wind,none,light,none,site_ready_pool,site_ready,wind,clear_wind_target_score,acoustic_ai/layers/layer_b/attempts/murphy__smoke_1__curated_assets/data/weather/site_mvp_002/wind_primary/wind_primary__wind__site257_5299_002749_002764.wav,acoustic_ai/layers/layer_b/attempts/murphy__smoke_1__curated_assets/data/weather/site_mvp_002/wind_primary/wind_primary__wind__site257_5299_002749_002764.wav,True,s3://eco-acoustic-data.store.adelaideuni.cloud/dataset/original/site_257_bowra-dry-a/downloaded_clips/site_257_item_5299/site_257_item_5299_clip_010.webm
strong_wind,site_mvp002_site257_1313184_000390_000405,wind,none,strong,none,site_ready_pool,site_ready,wind,clear_wind_target_score,acoustic_ai/layers/layer_b/attempts/murphy__smoke_1__curated_assets/data/weather/site_mvp_002/wind_primary/wind_primary__wind__site257_1313184_000390_000405.wav,acoustic_ai/layers/layer_b/attempts/murphy__smoke_1__curated_assets/data/weather/site_mvp_002/wind_primary/wind_primary__wind__site257_1313184_000390_000405.wav,True,s3://eco-acoustic-data.store.adelaideuni.cloud/dataset/original/site_257_bowra-dry-a/downloaded_clips/site_257_item_1313184/site_257_item_1313184_clip_002.webm
strong_wind,site_mvp002_site257_1313184_001227_001242,wind,none,strong,none,site_ready_pool,site_ready,wind,clear_wind_target_score,acoustic_ai/layers/layer_b/attempts/murphy__smoke_1__curated_assets/data/weather/site_mvp_002/wind_primary/wind_primary__wind__site257_1313184_001227_001242.wav,acoustic_ai/layers/layer_b/attempts/murphy__smoke_1__curated_assets/data/weather/site_mvp_002/wind_primary/wind_primary__wind__site257_1313184_001227_001242.wav,True,s3://eco-acoustic-data.store.adelaideuni.cloud/dataset/original/site_257_bowra-dry-a/downloaded_clips/site_257_item_1313184/site_257_item_1313184_clip_005.webm
thunder_backup,site_nov2019_storm001_site257_214707_000781_000811,thunder,none,none,moderate,site_backup_pool,maybe;human_maybe_review,thunder,nov2019 storm scout001: promote_backup; maybe? uncertain thunder,acoustic_ai/layers/layer_b/attempts/murphy__smoke_1__curated_assets/data/weather/site_nov2019_storm_scout_001/thunder_backup/thunder_backup__thunder__site257_214707_000781_000811.wav,acoustic_ai/layers/layer_b/attempts/murphy__smoke_1__curated_assets/data/weather/site_nov2019_storm_scout_001/thunder_backup/thunder_backup__thunder__site257_214707_000781_000811.wav,True,s3://eco-acoustic-data.store.adelaideuni.cloud/dataset/original/site_257_bowra-dry-a/downloaded_clips/site_257_item_214707/site_257_item_214707_clip_003.webm
thunder_backup,site_nov2019_storm001_site257_214872_001700_001730,thunder,none,none,strong,site_backup_pool,maybe;human_maybe_review,thunder,nov2019 storm scout001: promote_backup; maybe? uncertain thunder,acoustic_ai/layers/layer_b/attempts/murphy__smoke_1__curated_assets/data/weather/site_nov2019_storm_scout_001/thunder_backup/thunder_backup__thunder__site257_214872_001700_001730.wav,acoustic_ai/layers/layer_b/attempts/murphy__smoke_1__curated_assets/data/weather/site_nov2019_storm_scout_001/thunder_backup/thunder_backup__thunder__site257_214872_001700_001730.wav,True,s3://eco-acoustic-data.store.adelaideuni.cloud/dataset/original/site_257_bowra-dry-a/downloaded_clips/site_257_item_214872/site_257_item_214872_clip_006.webm
