validation_role,filename,source_s3_uri,source_recording_id,source_clip_num,window_index,murphy_pool_label,eb_overall_label,eb_rain_present,eb_rain_intensity,eb_rain_confidence,eb_wind_present,eb_wind_intensity,eb_wind_confidence,eb_thunder_present,eb_thunder_intensity,eb_thunder_confidence
external_cross_check_not_training_data,001__rec_214659__clip_016__win_02__rain_wind.wav,s3://eco-acoustic-data.store.adelaideuni.cloud/dataset/original/site_257_bowra-dry-a/downloaded_clips/site_257_item_214659/site_257_item_214659_clip_016.webm,214659,16,2,rain+wind,rain+wind,True,heavy,0.42056,True,heavy,0.586876,False,none,0.25317
external_cross_check_not_training_data,002__rec_214659__clip_023__win_00__rain.wav,s3://eco-acoustic-data.store.adelaideuni.cloud/dataset/original/site_257_bowra-dry-a/downloaded_clips/site_257_item_214659/site_257_item_214659_clip_023.webm,214659,23,0,rain,rain,True,light,0.428503,False,none,0.268128,False,none,0.30685
external_cross_check_not_training_data,003__rec_214659__clip_023__win_01__rain.wav,s3://eco-acoustic-data.store.adelaideuni.cloud/dataset/original/site_257_bowra-dry-a/downloaded_clips/site_257_item_214659/site_257_item_214659_clip_023.webm,214659,23,1,rain,rain,True,light,0.42316,False,none,0.266045,False,none,0.274589
external_cross_check_not_training_data,004__rec_214659__clip_023__win_02__rain_wind.wav,s3://eco-acoustic-data.store.adelaideuni.cloud/dataset/original/site_257_bowra-dry-a/downloaded_clips/site_257_item_214659/site_257_item_214659_clip_023.webm,214659,23,2,rain+wind,rain+wind,True,light,0.42,True,heavy,0.59143,False,none,0.243602
external_cross_check_not_training_data,005__rec_214665__clip_008__win_00__rain.wav,s3://eco-acoustic-data.store.adelaideuni.cloud/dataset/original/site_257_bowra-dry-a/downloaded_clips/site_257_item_214665/site_257_item_214665_clip_008.webm,214665,8,0,rain,rain,True,heavy,0.591543,False,none,0.228807,False,none,0.219619
external_cross_check_not_training_data,006__rec_214665__clip_008__win_01__rain.wav,s3://eco-acoustic-data.store.adelaideuni.cloud/dataset/original/site_257_bowra-dry-a/downloaded_clips/site_257_item_214665/site_257_item_214665_clip_008.webm,214665,8,1,rain,rain,True,heavy,0.587007,False,none,0.23405,False,none,0.215666
external_cross_check_not_training_data,007__rec_214665__clip_008__win_02__rain.wav,s3://eco-acoustic-data.store.adelaideuni.cloud/dataset/original/site_257_bowra-dry-a/downloaded_clips/site_257_item_214665/site_257_item_214665_clip_008.webm,214665,8,2,rain,rain,True,light,0.582077,False,none,0.235455,False,none,0.210451
external_cross_check_not_training_data,008__rec_216088__clip_019__win_00__rain_wind.wav,s3://eco-acoustic-data.store.adelaideuni.cloud/dataset/original/site_257_bowra-dry-a/downloaded_clips/site_257_item_216088/site_257_item_216088_clip_019.webm,216088,19,0,rain+wind,rain+wind,True,heavy,0.421111,True,heavy,0.592404,False,none,0.232294
external_cross_check_not_training_data,009__rec_216095__clip_020__win_01__rain.wav,s3://eco-acoustic-data.store.adelaideuni.cloud/dataset/original/site_257_bowra-dry-a/downloaded_clips/site_257_item_216095/site_257_item_216095_clip_020.webm,216095,20,1,rain,rain,True,light,0.587258,False,none,0.250668,False,none,0.222765
external_cross_check_not_training_data,010__rec_216095__clip_020__win_02__rain.wav,s3://eco-acoustic-data.store.adelaideuni.cloud/dataset/original/site_257_bowra-dry-a/downloaded_clips/site_257_item_216095/site_257_item_216095_clip_020.webm,216095,20,2,rain,rain,True,heavy,0.597191,False,none,0.258634,False,none,0.225812
external_cross_check_not_training_data,011__rec_216095__clip_021__win_00__rain.wav,s3://eco-acoustic-data.store.adelaideuni.cloud/dataset/original/site_257_bowra-dry-a/downloaded_clips/site_257_item_216095/site_257_item_216095_clip_021.webm,216095,21,0,rain,rain,True,heavy,0.59743,False,none,0.255717,False,none,0.248545
external_cross_check_not_training_data,012__rec_216095__clip_021__win_01__rain.wav,s3://eco-acoustic-data.store.adelaideuni.cloud/dataset/original/site_257_bowra-dry-a/downloaded_clips/site_257_item_216095/site_257_item_216095_clip_021.webm,216095,21,1,rain,rain,True,heavy,0.597462,False,none,0.263211,False,none,0.234343
external_cross_check_not_training_data,013__rec_216095__clip_021__win_02__rain.wav,s3://eco-acoustic-data.store.adelaideuni.cloud/dataset/original/site_257_bowra-dry-a/downloaded_clips/site_257_item_216095/site_257_item_216095_clip_021.webm,216095,21,2,rain,rain,True,heavy,0.598387,False,none,0.260093,False,none,0.23519
external_cross_check_not_training_data,014__rec_216095__clip_022__win_00__rain.wav,s3://eco-acoustic-data.store.adelaideuni.cloud/dataset/original/site_257_bowra-dry-a/downloaded_clips/site_257_item_216095/site_257_item_216095_clip_022.webm,216095,22,0,rain,rain,True,light,0.58,False,none,0.257812,False,none,0.223635
external_cross_check_not_training_data,015__rec_216095__clip_022__win_01__rain.wav,s3://eco-acoustic-data.store.adelaideuni.cloud/dataset/original/site_257_bowra-dry-a/downloaded_clips/site_257_item_216095/site_257_item_216095_clip_022.webm,216095,22,1,rain,rain,True,heavy,0.58583,False,none,0.26346,False,none,0.229962
external_cross_check_not_training_data,016__rec_216095__clip_023__win_00__rain.wav,s3://eco-acoustic-data.store.adelaideuni.cloud/dataset/original/site_257_bowra-dry-a/downloaded_clips/site_257_item_216095/site_257_item_216095_clip_023.webm,216095,23,0,rain,rain,True,heavy,0.598185,False,none,0.251873,False,none,0.296064
external_cross_check_not_training_data,017__rec_216095__clip_023__win_02__rain.wav,s3://eco-acoustic-data.store.adelaideuni.cloud/dataset/original/site_257_bowra-dry-a/downloaded_clips/site_257_item_216095/site_257_item_216095_clip_023.webm,216095,23,2,rain,rain,True,heavy,0.610166,False,none,0.233522,False,none,0.299811
external_cross_check_not_training_data,018__rec_216095__clip_024__win_00__rain.wav,s3://eco-acoustic-data.store.adelaideuni.cloud/dataset/original/site_257_bowra-dry-a/downloaded_clips/site_257_item_216095/site_257_item_216095_clip_024.webm,216095,24,0,rain,rain,True,heavy,0.592386,False,none,0.220053,False,none,0.217405
external_cross_check_not_training_data,019__rec_216095__clip_024__win_01__rain.wav,s3://eco-acoustic-data.store.adelaideuni.cloud/dataset/original/site_257_bowra-dry-a/downloaded_clips/site_257_item_216095/site_257_item_216095_clip_024.webm,216095,24,1,rain,rain,True,heavy,0.591172,False,none,0.222838,False,none,0.217061
external_cross_check_not_training_data,020__rec_216095__clip_024__win_02__rain.wav,s3://eco-acoustic-data.store.adelaideuni.cloud/dataset/original/site_257_bowra-dry-a/downloaded_clips/site_257_item_216095/site_257_item_216095_clip_024.webm,216095,24,2,rain,rain,True,heavy,0.588403,False,none,0.227022,False,none,0.215044
external_cross_check_not_training_data,021__rec_1313184__clip_004__win_01__rain.wav,s3://eco-acoustic-data.store.adelaideuni.cloud/dataset/original/site_257_bowra-dry-a/downloaded_clips/site_257_item_1313184/site_257_item_1313184_clip_004.webm,1313184,4,1,rain,rain,True,light,0.42,False,none,0.26353,False,none,0.223797
external_cross_check_not_training_data,022__rec_1313184__clip_004__win_02__rain_wind.wav,s3://eco-acoustic-data.store.adelaideuni.cloud/dataset/original/site_257_bowra-dry-a/downloaded_clips/site_257_item_1313184/site_257_item_1313184_clip_004.webm,1313184,4,2,rain+wind,rain+wind,True,light,0.58,True,light,0.581368,False,none,0.23079
external_cross_check_not_training_data,023__rec_1313184__clip_005__win_02__rain.wav,s3://eco-acoustic-data.store.adelaideuni.cloud/dataset/original/site_257_bowra-dry-a/downloaded_clips/site_257_item_1313184/site_257_item_1313184_clip_005.webm,1313184,5,2,rain,rain,True,heavy,0.588137,False,none,0.258504,False,none,0.224087
external_cross_check_not_training_data,024__rec_1313184__clip_010__win_00__rain.wav,s3://eco-acoustic-data.store.adelaideuni.cloud/dataset/original/site_257_bowra-dry-a/downloaded_clips/site_257_item_1313184/site_257_item_1313184_clip_010.webm,1313184,10,0,rain,rain,True,light,0.591183,False,none,0.260992,False,none,0.227913
external_cross_check_not_training_data,025__rec_1313184__clip_010__win_01__rain.wav,s3://eco-acoustic-data.store.adelaideuni.cloud/dataset/original/site_257_bowra-dry-a/downloaded_clips/site_257_item_1313184/site_257_item_1313184_clip_010.webm,1313184,10,1,rain,rain,True,heavy,0.598923,False,none,0.254884,False,none,0.229855
external_cross_check_not_training_data,026__rec_1313184__clip_011__win_00__rain.wav,s3://eco-acoustic-data.store.adelaideuni.cloud/dataset/original/site_257_bowra-dry-a/downloaded_clips/site_257_item_1313184/site_257_item_1313184_clip_011.webm,1313184,11,0,rain,rain,True,heavy,0.60379,False,none,0.255942,False,none,0.231309
external_cross_check_not_training_data,027__rec_1313184__clip_011__win_01__rain.wav,s3://eco-acoustic-data.store.adelaideuni.cloud/dataset/original/site_257_bowra-dry-a/downloaded_clips/site_257_item_1313184/site_257_item_1313184_clip_011.webm,1313184,11,1,rain,rain,True,heavy,0.599922,False,none,0.253564,False,none,0.227677
external_cross_check_not_training_data,028__rec_1313184__clip_011__win_02__rain.wav,s3://eco-acoustic-data.store.adelaideuni.cloud/dataset/original/site_257_bowra-dry-a/downloaded_clips/site_257_item_1313184/site_257_item_1313184_clip_011.webm,1313184,11,2,rain,rain,True,heavy,0.600162,False,none,0.250125,False,none,0.22262
external_cross_check_not_training_data,029__rec_1313184__clip_012__win_00__rain.wav,s3://eco-acoustic-data.store.adelaideuni.cloud/dataset/original/site_257_bowra-dry-a/downloaded_clips/site_257_item_1313184/site_257_item_1313184_clip_012.webm,1313184,12,0,rain,rain,True,light,0.431633,False,none,0.267276,False,none,0.275091
external_cross_check_not_training_data,030__rec_1313184__clip_012__win_02__rain.wav,s3://eco-acoustic-data.store.adelaideuni.cloud/dataset/original/site_257_bowra-dry-a/downloaded_clips/site_257_item_1313184/site_257_item_1313184_clip_012.webm,1313184,12,2,rain,rain,True,heavy,0.592983,False,none,0.273064,False,none,0.249552
external_cross_check_not_training_data,031__rec_1313184__clip_013__win_00__rain.wav,s3://eco-acoustic-data.store.adelaideuni.cloud/dataset/original/site_257_bowra-dry-a/downloaded_clips/site_257_item_1313184/site_257_item_1313184_clip_013.webm,1313184,13,0,rain,rain,True,heavy,0.589073,False,none,0.268951,False,none,0.226567
external_cross_check_not_training_data,032__rec_1313184__clip_013__win_01__rain.wav,s3://eco-acoustic-data.store.adelaideuni.cloud/dataset/original/site_257_bowra-dry-a/downloaded_clips/site_257_item_1313184/site_257_item_1313184_clip_013.webm,1313184,13,1,rain,rain,True,heavy,0.589903,False,none,0.268825,False,none,0.233773
external_cross_check_not_training_data,033__rec_1313184__clip_013__win_02__rain.wav,s3://eco-acoustic-data.store.adelaideuni.cloud/dataset/original/site_257_bowra-dry-a/downloaded_clips/site_257_item_1313184/site_257_item_1313184_clip_013.webm,1313184,13,2,rain,rain,True,heavy,0.593882,False,none,0.269522,False,none,0.232203
external_cross_check_not_training_data,034__rec_1313196__clip_001__win_00__rain.wav,s3://eco-acoustic-data.store.adelaideuni.cloud/dataset/original/site_257_bowra-dry-a/downloaded_clips/site_257_item_1313196/site_257_item_1313196_clip_001.webm,1313196,1,0,rain,rain,True,heavy,0.621714,False,none,0.221458,False,none,0.217595
external_cross_check_not_training_data,035__rec_1313196__clip_001__win_01__rain.wav,s3://eco-acoustic-data.store.adelaideuni.cloud/dataset/original/site_257_bowra-dry-a/downloaded_clips/site_257_item_1313196/site_257_item_1313196_clip_001.webm,1313196,1,1,rain,rain,True,heavy,0.619863,False,none,0.214011,False,none,0.217139
external_cross_check_not_training_data,036__rec_1313196__clip_001__win_02__rain.wav,s3://eco-acoustic-data.store.adelaideuni.cloud/dataset/original/site_257_bowra-dry-a/downloaded_clips/site_257_item_1313196/site_257_item_1313196_clip_001.webm,1313196,1,2,rain,rain,True,heavy,0.611927,False,none,0.208777,False,none,0.213712
external_cross_check_not_training_data,037__rec_1313196__clip_002__win_00__rain.wav,s3://eco-acoustic-data.store.adelaideuni.cloud/dataset/original/site_257_bowra-dry-a/downloaded_clips/site_257_item_1313196/site_257_item_1313196_clip_002.webm,1313196,2,0,rain,rain,True,heavy,0.621391,False,none,0.222984,False,none,0.223772
external_cross_check_not_training_data,038__rec_1313196__clip_002__win_01__rain.wav,s3://eco-acoustic-data.store.adelaideuni.cloud/dataset/original/site_257_bowra-dry-a/downloaded_clips/site_257_item_1313196/site_257_item_1313196_clip_002.webm,1313196,2,1,rain,rain,True,heavy,0.617363,False,none,0.23047,False,none,0.227061
external_cross_check_not_training_data,039__rec_1313196__clip_002__win_02__rain.wav,s3://eco-acoustic-data.store.adelaideuni.cloud/dataset/original/site_257_bowra-dry-a/downloaded_clips/site_257_item_1313196/site_257_item_1313196_clip_002.webm,1313196,2,2,rain,rain,True,heavy,0.617885,False,none,0.226838,False,none,0.225184
external_cross_check_not_training_data,040__rec_1313196__clip_003__win_00__rain.wav,s3://eco-acoustic-data.store.adelaideuni.cloud/dataset/original/site_257_bowra-dry-a/downloaded_clips/site_257_item_1313196/site_257_item_1313196_clip_003.webm,1313196,3,0,rain,rain,True,heavy,0.617056,False,none,0.228853,False,none,0.228302
external_cross_check_not_training_data,041__rec_1313196__clip_003__win_01__rain.wav,s3://eco-acoustic-data.store.adelaideuni.cloud/dataset/original/site_257_bowra-dry-a/downloaded_clips/site_257_item_1313196/site_257_item_1313196_clip_003.webm,1313196,3,1,rain,rain,True,heavy,0.612365,False,none,0.227164,False,none,0.223552
external_cross_check_not_training_data,042__rec_1313196__clip_003__win_02__rain.wav,s3://eco-acoustic-data.store.adelaideuni.cloud/dataset/original/site_257_bowra-dry-a/downloaded_clips/site_257_item_1313196/site_257_item_1313196_clip_003.webm,1313196,3,2,rain,rain,True,heavy,0.614128,False,none,0.220685,False,none,0.220465
external_cross_check_not_training_data,043__rec_1313196__clip_004__win_00__rain.wav,s3://eco-acoustic-data.store.adelaideuni.cloud/dataset/original/site_257_bowra-dry-a/downloaded_clips/site_257_item_1313196/site_257_item_1313196_clip_004.webm,1313196,4,0,rain,rain,True,heavy,0.620362,False,none,0.224933,False,none,0.223066
external_cross_check_not_training_data,044__rec_1313196__clip_004__win_01__rain.wav,s3://eco-acoustic-data.store.adelaideuni.cloud/dataset/original/site_257_bowra-dry-a/downloaded_clips/site_257_item_1313196/site_257_item_1313196_clip_004.webm,1313196,4,1,rain,rain,True,heavy,0.619952,False,none,0.229116,False,none,0.225945
external_cross_check_not_training_data,045__rec_1313196__clip_004__win_02__rain.wav,s3://eco-acoustic-data.store.adelaideuni.cloud/dataset/original/site_257_bowra-dry-a/downloaded_clips/site_257_item_1313196/site_257_item_1313196_clip_004.webm,1313196,4,2,rain,rain,True,heavy,0.616289,False,none,0.234842,False,none,0.223318
external_cross_check_not_training_data,046__rec_1313196__clip_005__win_00__rain.wav,s3://eco-acoustic-data.store.adelaideuni.cloud/dataset/original/site_257_bowra-dry-a/downloaded_clips/site_257_item_1313196/site_257_item_1313196_clip_005.webm,1313196,5,0,rain,rain,True,heavy,0.619958,False,none,0.231444,False,none,0.226353
external_cross_check_not_training_data,047__rec_1313196__clip_005__win_01__rain.wav,s3://eco-acoustic-data.store.adelaideuni.cloud/dataset/original/site_257_bowra-dry-a/downloaded_clips/site_257_item_1313196/site_257_item_1313196_clip_005.webm,1313196,5,1,rain,rain,True,heavy,0.620388,False,none,0.223753,False,none,0.222837
external_cross_check_not_training_data,048__rec_1313196__clip_005__win_02__rain.wav,s3://eco-acoustic-data.store.adelaideuni.cloud/dataset/original/site_257_bowra-dry-a/downloaded_clips/site_257_item_1313196/site_257_item_1313196_clip_005.webm,1313196,5,2,rain,rain,True,heavy,0.616851,False,none,0.225569,False,none,0.223563
external_cross_check_not_training_data,049__rec_1313196__clip_006__win_00__rain.wav,s3://eco-acoustic-data.store.adelaideuni.cloud/dataset/original/site_257_bowra-dry-a/downloaded_clips/site_257_item_1313196/site_257_item_1313196_clip_006.webm,1313196,6,0,rain,rain,True,heavy,0.618299,False,none,0.228463,False,none,0.225549
external_cross_check_not_training_data,050__rec_1313196__clip_006__win_01__rain.wav,s3://eco-acoustic-data.store.adelaideuni.cloud/dataset/original/site_257_bowra-dry-a/downloaded_clips/site_257_item_1313196/site_257_item_1313196_clip_006.webm,1313196,6,1,rain,rain,True,heavy,0.612644,False,none,0.222594,False,none,0.222507
external_cross_check_not_training_data,051__rec_1313196__clip_006__win_02__rain.wav,s3://eco-acoustic-data.store.adelaideuni.cloud/dataset/original/site_257_bowra-dry-a/downloaded_clips/site_257_item_1313196/site_257_item_1313196_clip_006.webm,1313196,6,2,rain,rain,True,heavy,0.620181,False,none,0.222759,False,none,0.225064
external_cross_check_not_training_data,052__rec_1401415__clip_001__win_00__rain.wav,s3://eco-acoustic-data.store.adelaideuni.cloud/dataset/original/site_257_bowra-dry-a/downloaded_clips/site_257_item_1401415/site_257_item_1401415_clip_001.webm,1401415,1,0,rain,rain,True,heavy,0.624503,False,none,0.23049,False,none,0.227399
external_cross_check_not_training_data,053__rec_1401415__clip_001__win_01__rain.wav,s3://eco-acoustic-data.store.adelaideuni.cloud/dataset/original/site_257_bowra-dry-a/downloaded_clips/site_257_item_1401415/site_257_item_1401415_clip_001.webm,1401415,1,1,rain,rain,True,heavy,0.617454,False,none,0.230093,False,none,0.22239
external_cross_check_not_training_data,054__rec_1401415__clip_001__win_02__rain.wav,s3://eco-acoustic-data.store.adelaideuni.cloud/dataset/original/site_257_bowra-dry-a/downloaded_clips/site_257_item_1401415/site_257_item_1401415_clip_001.webm,1401415,1,2,rain,rain,True,heavy,0.620941,False,none,0.233581,False,none,0.231273
external_cross_check_not_training_data,055__rec_1401415__clip_002__win_00__rain.wav,s3://eco-acoustic-data.store.adelaideuni.cloud/dataset/original/site_257_bowra-dry-a/downloaded_clips/site_257_item_1401415/site_257_item_1401415_clip_002.webm,1401415,2,0,rain,rain,True,heavy,0.614791,False,none,0.237282,False,none,0.225372
external_cross_check_not_training_data,056__rec_1401415__clip_002__win_01__rain.wav,s3://eco-acoustic-data.store.adelaideuni.cloud/dataset/original/site_257_bowra-dry-a/downloaded_clips/site_257_item_1401415/site_257_item_1401415_clip_002.webm,1401415,2,1,rain,rain,True,heavy,0.622212,False,none,0.23668,False,none,0.228882
external_cross_check_not_training_data,057__rec_1401415__clip_002__win_02__rain.wav,s3://eco-acoustic-data.store.adelaideuni.cloud/dataset/original/site_257_bowra-dry-a/downloaded_clips/site_257_item_1401415/site_257_item_1401415_clip_002.webm,1401415,2,2,rain,rain,True,heavy,0.618427,False,none,0.240478,False,none,0.228946
external_cross_check_not_training_data,058__rec_1401640__clip_001__win_02__rain.wav,s3://eco-acoustic-data.store.adelaideuni.cloud/dataset/original/site_257_bowra-dry-a/downloaded_clips/site_257_item_1401640/site_257_item_1401640_clip_001.webm,1401640,1,2,rain,rain,True,heavy,0.592431,False,none,0.238635,False,none,0.21997
external_cross_check_not_training_data,059__rec_1401640__clip_002__win_02__rain.wav,s3://eco-acoustic-data.store.adelaideuni.cloud/dataset/original/site_257_bowra-dry-a/downloaded_clips/site_257_item_1401640/site_257_item_1401640_clip_002.webm,1401640,2,2,rain,rain,True,heavy,0.608513,False,none,0.226634,False,none,0.221874
external_cross_check_not_training_data,060__rec_1401640__clip_003__win_00__rain.wav,s3://eco-acoustic-data.store.adelaideuni.cloud/dataset/original/site_257_bowra-dry-a/downloaded_clips/site_257_item_1401640/site_257_item_1401640_clip_003.webm,1401640,3,0,rain,rain,True,heavy,0.603805,False,none,0.253167,False,none,0.239645
external_cross_check_not_training_data,061__rec_1401640__clip_004__win_00__rain.wav,s3://eco-acoustic-data.store.adelaideuni.cloud/dataset/original/site_257_bowra-dry-a/downloaded_clips/site_257_item_1401640/site_257_item_1401640_clip_004.webm,1401640,4,0,rain,rain,True,heavy,0.622819,False,none,0.230198,False,none,0.253558
external_cross_check_not_training_data,062__rec_1401640__clip_005__win_01__rain.wav,s3://eco-acoustic-data.store.adelaideuni.cloud/dataset/original/site_257_bowra-dry-a/downloaded_clips/site_257_item_1401640/site_257_item_1401640_clip_005.webm,1401640,5,1,rain,rain,True,heavy,0.596698,False,none,0.261995,False,none,0.231696
external_cross_check_not_training_data,063__rec_1401640__clip_007__win_02__rain.wav,s3://eco-acoustic-data.store.adelaideuni.cloud/dataset/original/site_257_bowra-dry-a/downloaded_clips/site_257_item_1401640/site_257_item_1401640_clip_007.webm,1401640,7,2,rain,rain,True,heavy,0.622345,False,none,0.237055,False,none,0.229486
external_cross_check_not_training_data,064__rec_1401640__clip_008__win_01__rain.wav,s3://eco-acoustic-data.store.adelaideuni.cloud/dataset/original/site_257_bowra-dry-a/downloaded_clips/site_257_item_1401640/site_257_item_1401640_clip_008.webm,1401640,8,1,rain,rain,True,heavy,0.617753,False,none,0.236701,False,none,0.232263
external_cross_check_not_training_data,065__rec_1401640__clip_009__win_02__rain.wav,s3://eco-acoustic-data.store.adelaideuni.cloud/dataset/original/site_257_bowra-dry-a/downloaded_clips/site_257_item_1401640/site_257_item_1401640_clip_009.webm,1401640,9,2,rain,rain,True,heavy,0.61807,False,none,0.239622,False,none,0.248935
external_cross_check_not_training_data,066__rec_1401640__clip_010__win_01__rain.wav,s3://eco-acoustic-data.store.adelaideuni.cloud/dataset/original/site_257_bowra-dry-a/downloaded_clips/site_257_item_1401640/site_257_item_1401640_clip_010.webm,1401640,10,1,rain,rain,True,heavy,0.614053,False,none,0.251477,False,none,0.277955
external_cross_check_not_training_data,067__rec_1401640__clip_011__win_00__rain.wav,s3://eco-acoustic-data.store.adelaideuni.cloud/dataset/original/site_257_bowra-dry-a/downloaded_clips/site_257_item_1401640/site_257_item_1401640_clip_011.webm,1401640,11,0,rain,rain,True,heavy,0.6213,False,none,0.238582,False,none,0.228657
external_cross_check_not_training_data,068__rec_1401640__clip_012__win_00__rain.wav,s3://eco-acoustic-data.store.adelaideuni.cloud/dataset/original/site_257_bowra-dry-a/downloaded_clips/site_257_item_1401640/site_257_item_1401640_clip_012.webm,1401640,12,0,rain,rain,True,heavy,0.610382,False,none,0.251454,False,none,0.247172
external_cross_check_not_training_data,069__rec_1401640__clip_013__win_01__rain.wav,s3://eco-acoustic-data.store.adelaideuni.cloud/dataset/original/site_257_bowra-dry-a/downloaded_clips/site_257_item_1401640/site_257_item_1401640_clip_013.webm,1401640,13,1,rain,rain,True,heavy,0.613249,False,none,0.254059,False,none,0.239513
external_cross_check_not_training_data,070__rec_1401640__clip_014__win_01__rain.wav,s3://eco-acoustic-data.store.adelaideuni.cloud/dataset/original/site_257_bowra-dry-a/downloaded_clips/site_257_item_1401640/site_257_item_1401640_clip_014.webm,1401640,14,1,rain,rain,True,heavy,0.599603,False,none,0.267721,False,none,0.258467
external_cross_check_not_training_data,071__rec_1401640__clip_015__win_02__rain.wav,s3://eco-acoustic-data.store.adelaideuni.cloud/dataset/original/site_257_bowra-dry-a/downloaded_clips/site_257_item_1401640/site_257_item_1401640_clip_015.webm,1401640,15,2,rain,rain,True,heavy,0.60219,False,none,0.252579,False,none,0.232167
external_cross_check_not_training_data,072__rec_1401640__clip_016__win_02__rain.wav,s3://eco-acoustic-data.store.adelaideuni.cloud/dataset/original/site_257_bowra-dry-a/downloaded_clips/site_257_item_1401640/site_257_item_1401640_clip_016.webm,1401640,16,2,rain,rain,True,light,0.587397,False,none,0.261162,False,none,0.234729
