clip_id,final_rank,final_score,gate_status,retrieval_target,target_clap_score,target_vs_other_weather_margin,clap_weather_label,clap_weather_score,clap_rain_score,clap_wind_score,clap_thunder_score,contamination_label,contamination_score,weather_margin,env_prior_for_clap_label,audio_quality_proxy,analysis_asset_role,analysis_wav_sample_rate_hz,analysis_wav_channels,analysis_wav_duration_seconds,analysis_rms_dbfs,analysis_peak_dbfs,analysis_clipping_ratio,preview_asset_only,layer_d_asset_status,layer_d_target_sample_rate_hz,layer_d_target_channels,layer_d_recommended_format,target_env_prior,env_bucket,preview_path,wav_path,source_s3_uri,s3_key,site_id,recording_id,item_id,recorded_date_utc,sample_bin,sample_local_date,coarse_clip_num,coarse_size_bytes,coarse_inner_start_seconds,recording_start_offset_seconds,duration_seconds,precipitation_mm,precipitation_daily_mm,wind_speed_ms,wind_max_ms,humidity_pct,temperature_c,human_weather_label,human_intensity_label,human_accept,human_reject_reason,notes,pool_decision,pool_category,pool_label,pool_intensity_hint,pool_reason,manual_review_priority,layer_d_ready,layer_d_export_action,candidate_pool_policy_version,layer_d_asset_path,layer_d_asset_format,promotion_policy_version,layer_d_asset_sample_rate_hz,layer_d_asset_channels,layer_d_asset_duration_seconds
site257_1401640_003387_003402,1,0.498438,candidate,rain,0.408754,0.06702,rain,0.408754,0.408754,0.199064,0.341734,human_or_machine,0.082514,0.32624,0.45,0.82624,clap_scoring_window,48000,1,15.0,-26.967,-0.867,0.0,true,ready,22050,1,wav,0.45,wind_env_prior,/home/ubuntu/layer_b_site_weather_job/runs/mvp_pool_20260530_001/previews/0052_site257_1401640_003387_003402.mp3,/home/ubuntu/layer_b_site_weather_job/runs/mvp_pool_20260530_001/windows_wav/0052_site257_1401640_003387_003402.wav,s3://eco-acoustic-data.store.adelaideuni.cloud/dataset/original/site_257_bowra-dry-a/downloaded_clips/site_257_item_1401640/site_257_item_1401640_clip_012.webm,site_257_item_1401640/site_257_item_1401640_clip_012.webm,257,1401640,1401640,2023-12-13T12:00:00.000Z,night,2023-12-13,012,2419919,87.0,3387.0,15.0,0.42,0.23,3.2,5.96,64.38,27.93,,,,,,accept,rain_primary,rain,light,clear_rain_target_score,sample,true,export_22050hz_wav_after_spot_check,site_weather_candidate_pool_v0.2,runs/mvp_pool_20260530_001_layer_d_assets_accept_only/assets_wav_22050_mono/rain_primary/rain_primary__rain__site257_1401640_003387_003402.wav,wav,site_weather_candidate_promotion_v0.1,22050,1,15.0
site257_1313196_001218_001233,2,0.481515,candidate,rain,0.375557,0.262823,rain,0.375557,0.375557,0.090563,0.112733,bird_or_insect,0.02604,0.349517,0.45,0.849517,clap_scoring_window,48000,1,15.0,-34.942,-8.498,0.0,true,ready,22050,1,wav,0.45,wind_env_prior,/home/ubuntu/layer_b_site_weather_job/runs/mvp_pool_20260530_001/previews/0047_site257_1313196_001218_001233.mp3,/home/ubuntu/layer_b_site_weather_job/runs/mvp_pool_20260530_001/windows_wav/0047_site257_1313196_001218_001233.wav,s3://eco-acoustic-data.store.adelaideuni.cloud/dataset/original/site_257_bowra-dry-a/downloaded_clips/site_257_item_1313196/site_257_item_1313196_clip_005.webm,site_257_item_1313196/site_257_item_1313196_clip_005.webm,257,1313196,1313196,2023-04-28T23:30:31.000Z,morning,2023-04-29,005,2470971,18.0,1218.0,15.0,1.07,0.06,2.89,4.88,75.14,15.08,,,,,,accept,rain_primary,rain,medium,clear_rain_target_score,sample,true,export_22050hz_wav_after_spot_check,site_weather_candidate_pool_v0.2,runs/mvp_pool_20260530_001_layer_d_assets_accept_only/assets_wav_22050_mono/rain_primary/rain_primary__rain__site257_1313196_001218_001233.wav,wav,site_weather_candidate_promotion_v0.1,22050,1,15.0
site257_1313196_000778_000793,3,0.457089,candidate,rain,0.35112,0.267076,rain,0.35112,0.35112,0.059123,0.084044,human_or_machine,0.044314,0.306806,0.45,0.806806,clap_scoring_window,48000,1,15.0,-33.417,0.0,1e-06,true,ready,22050,1,wav,0.45,wind_env_prior,/home/ubuntu/layer_b_site_weather_job/runs/mvp_pool_20260530_001/previews/0048_site257_1313196_000778_000793.mp3,/home/ubuntu/layer_b_site_weather_job/runs/mvp_pool_20260530_001/windows_wav/0048_site257_1313196_000778_000793.wav,s3://eco-acoustic-data.store.adelaideuni.cloud/dataset/original/site_257_bowra-dry-a/downloaded_clips/site_257_item_1313196/site_257_item_1313196_clip_003.webm,site_257_item_1313196/site_257_item_1313196_clip_003.webm,257,1313196,1313196,2023-04-28T23:30:31.000Z,morning,2023-04-29,003,2506679,178.0,778.0,15.0,1.07,0.06,2.89,4.88,75.14,15.08,,,,,,accept,rain_primary,rain,medium,clear_rain_target_score,sample,true,export_22050hz_wav_after_spot_check,site_weather_candidate_pool_v0.2,runs/mvp_pool_20260530_001_layer_d_assets_accept_only/assets_wav_22050_mono/rain_primary/rain_primary__rain__site257_1313196_000778_000793.wav,wav,site_weather_candidate_promotion_v0.1,22050,1,15.0
site257_1313196_000202_000217,4,0.44299,candidate,rain,0.338022,0.233073,rain,0.338022,0.338022,0.063294,0.104949,bird_or_insect,0.059145,0.278877,0.45,0.778877,clap_scoring_window,48000,1,15.0,-34.155,-1.338,0.0,true,ready,22050,1,wav,0.45,wind_env_prior,/home/ubuntu/layer_b_site_weather_job/runs/mvp_pool_20260530_001/previews/0046_site257_1313196_000202_000217.mp3,/home/ubuntu/layer_b_site_weather_job/runs/mvp_pool_20260530_001/windows_wav/0046_site257_1313196_000202_000217.wav,s3://eco-acoustic-data.store.adelaideuni.cloud/dataset/original/site_257_bowra-dry-a/downloaded_clips/site_257_item_1313196/site_257_item_1313196_clip_001.webm,site_257_item_1313196/site_257_item_1313196_clip_001.webm,257,1313196,1313196,2023-04-28T23:30:31.000Z,morning,2023-04-29,001,2499535,202.0,202.0,15.0,1.07,0.06,2.89,4.88,75.14,15.08,,,,,,accept,rain_primary,rain,medium,clear_rain_target_score,sample,true,export_22050hz_wav_after_spot_check,site_weather_candidate_pool_v0.2,runs/mvp_pool_20260530_001_layer_d_assets_accept_only/assets_wav_22050_mono/rain_primary/rain_primary__rain__site257_1313196_000202_000217.wav,wav,site_weather_candidate_promotion_v0.1,22050,1,15.0
site257_1313184_006689_006704,6,0.526519,maybe_target_confused_with_other_weather,rain,0.386158,-0.012614,wind,0.398771,0.386158,0.398771,0.316277,human_or_machine,0.177269,0.208888,0.9,0.708888,clap_scoring_window,48000,1,15.0,-33.264,-14.263,0.0,true,ready,22050,1,wav,0.9,storm_env_prior,/home/ubuntu/layer_b_site_weather_job/runs/mvp_pool_20260530_001/previews/0008_site257_1313184_006689_006704.mp3,/home/ubuntu/layer_b_site_weather_job/runs/mvp_pool_20260530_001/windows_wav/0008_site257_1313184_006689_006704.wav,s3://eco-acoustic-data.store.adelaideuni.cloud/dataset/original/site_257_bowra-dry-a/downloaded_clips/site_257_item_1313184/site_257_item_1313184_clip_023.webm,site_257_item_1313184/site_257_item_1313184_clip_023.webm,257,1313184,1313184,2023-04-28T20:06:08.000Z,dawn,2023-04-29,023,1672964,89.0,6689.0,15.0,5.88,0.06,6.01,4.88,81.07,14.53,,,,,,accept,rain_wind_mixed,rain+wind,mixed,usable_rain_with_wind_overlap,sample,true,export_22050hz_wav_after_spot_check,site_weather_candidate_pool_v0.2,runs/mvp_pool_20260530_001_layer_d_assets_accept_only/assets_wav_22050_mono/rain_wind_mixed/rain_wind_mixed__rain_wind__site257_1313184_006689_006704.wav,wav,site_weather_candidate_promotion_v0.1,22050,1,15.0
site257_1539525_006050_006065,7,0.43135,maybe_target_confused_with_other_weather,rain,0.383664,-0.005939,wind,0.389602,0.383664,0.389602,0.300933,human_or_machine,0.308352,0.075311,0.45,0.575311,clap_scoring_window,48000,1,15.0,-38.757,-24.314,0.0,true,ready,22050,1,wav,0.45,rain_env_prior,/home/ubuntu/layer_b_site_weather_job/runs/mvp_pool_20260530_001/previews/0077_site257_1539525_006050_006065.mp3,/home/ubuntu/layer_b_site_weather_job/runs/mvp_pool_20260530_001/windows_wav/0077_site257_1539525_006050_006065.wav,s3://eco-acoustic-data.store.adelaideuni.cloud/dataset/original/site_257_bowra-dry-a/downloaded_clips/site_257_item_1539525/site_257_item_1539525_clip_021.webm,site_257_item_1539525/site_257_item_1539525_clip_021.webm,257,1539525,1539525,2024-07-09T12:00:00.000Z,night,2024-07-09,021,2041254,50.0,6050.0,15.0,0.35,0.13,1.36,3.45,94.45,8.98,,,,,,accept,rain_wind_mixed,rain+wind,mixed,usable_rain_with_wind_overlap,sample,true,export_22050hz_wav_after_spot_check,site_weather_candidate_pool_v0.2,runs/mvp_pool_20260530_001_layer_d_assets_accept_only/assets_wav_22050_mono/rain_wind_mixed/rain_wind_mixed__rain_wind__site257_1539525_006050_006065.wav,wav,site_weather_candidate_promotion_v0.1,22050,1,15.0
site257_214659_006775_006790,37,0.564232,reject_target_outcompeted_by_other_weather,rain,0.43517,-0.071833,wind,0.507003,0.43517,0.507003,0.420325,human_or_machine,0.167395,0.267775,0.9,0.767775,clap_scoring_window,48000,1,15.0,-22.363,-5.443,0.0,true,ready,22050,1,wav,0.9,storm_env_prior,/home/ubuntu/layer_b_site_weather_job/runs/mvp_pool_20260530_001/previews/0004_site257_214659_006775_006790.mp3,/home/ubuntu/layer_b_site_weather_job/runs/mvp_pool_20260530_001/windows_wav/0004_site257_214659_006775_006790.wav,s3://eco-acoustic-data.store.adelaideuni.cloud/dataset/original/site_257_bowra-dry-a/downloaded_clips/site_257_item_214659/site_257_item_214659_clip_023.webm,site_257_item_214659/site_257_item_214659_clip_023.webm,257,214659,214659,2019-11-03T04:00:00.000Z,afternoon,2019-11-03,023,2064979,175.0,6775.0,15.0,220.58,77.69,4.79,7.1,84.44,22.3,,,,,,accept,rain_wind_mixed,rain+wind,mixed,usable_rain_with_wind_overlap,sample,true,export_22050hz_wav_after_spot_check,site_weather_candidate_pool_v0.2,runs/mvp_pool_20260530_001_layer_d_assets_accept_only/assets_wav_22050_mono/rain_wind_mixed/rain_wind_mixed__rain_wind__site257_214659_006775_006790.wav,wav,site_weather_candidate_promotion_v0.1,22050,1,15.0
site257_1313184_006181_006196,38,0.478246,reject_target_outcompeted_by_other_weather,rain,0.360357,-0.151027,wind,0.511384,0.360357,0.511384,0.304417,human_or_machine,0.239773,0.120584,0.9,0.620584,clap_scoring_window,48000,1,15.0,-32.951,-15.392,0.0,true,ready,22050,1,wav,0.9,storm_env_prior,/home/ubuntu/layer_b_site_weather_job/runs/mvp_pool_20260530_001/previews/0009_site257_1313184_006181_006196.mp3,/home/ubuntu/layer_b_site_weather_job/runs/mvp_pool_20260530_001/windows_wav/0009_site257_1313184_006181_006196.wav,s3://eco-acoustic-data.store.adelaideuni.cloud/dataset/original/site_257_bowra-dry-a/downloaded_clips/site_257_item_1313184/site_257_item_1313184_clip_021.webm,site_257_item_1313184/site_257_item_1313184_clip_021.webm,257,1313184,1313184,2023-04-28T20:06:08.000Z,dawn,2023-04-29,021,2037605,181.0,6181.0,15.0,5.88,0.06,6.01,4.88,81.07,14.53,,,,,,accept,rain_wind_mixed,rain+wind,mixed,usable_rain_with_wind_overlap,sample,true,export_22050hz_wav_after_spot_check,site_weather_candidate_pool_v0.2,runs/mvp_pool_20260530_001_layer_d_assets_accept_only/assets_wav_22050_mono/rain_wind_mixed/rain_wind_mixed__rain_wind__site257_1313184_006181_006196.wav,wav,site_weather_candidate_promotion_v0.1,22050,1,15.0
site257_214659_001523_001538,39,0.475082,reject_target_outcompeted_by_other_weather,rain,0.361646,-0.170261,thunder,0.531908,0.361646,0.51431,0.531908,bird_or_insect,0.251454,0.110192,0.9,0.610192,clap_scoring_window,48000,1,15.0,-28.063,-3.742,0.0,true,ready,22050,1,wav,0.9,storm_env_prior,/home/ubuntu/layer_b_site_weather_job/runs/mvp_pool_20260530_001/previews/0006_site257_214659_001523_001538.mp3,/home/ubuntu/layer_b_site_weather_job/runs/mvp_pool_20260530_001/windows_wav/0006_site257_214659_001523_001538.wav,s3://eco-acoustic-data.store.adelaideuni.cloud/dataset/original/site_257_bowra-dry-a/downloaded_clips/site_257_item_214659/site_257_item_214659_clip_006.webm,site_257_item_214659/site_257_item_214659_clip_006.webm,257,214659,214659,2019-11-03T04:00:00.000Z,afternoon,2019-11-03,006,2039074,23.0,1523.0,15.0,220.58,77.69,4.79,7.1,84.44,22.3,,,,,,accept,rain_wind_mixed,rain+wind,mixed,usable_rain_with_wind_overlap,sample,true,export_22050hz_wav_after_spot_check,site_weather_candidate_pool_v0.2,runs/mvp_pool_20260530_001_layer_d_assets_accept_only/assets_wav_22050_mono/rain_wind_mixed/rain_wind_mixed__rain_wind__site257_214659_001523_001538.wav,wav,site_weather_candidate_promotion_v0.1,22050,1,15.0
site257_216086_006050_006065,40,0.458183,reject_target_outcompeted_by_other_weather,rain,0.418431,-0.124496,wind,0.542927,0.418431,0.542927,0.415653,human_or_machine,0.262668,0.155763,0.45,0.655763,clap_scoring_window,48000,1,15.0,-31.814,-11.681,0.0,true,ready,22050,1,wav,0.45,rain_env_prior,/home/ubuntu/layer_b_site_weather_job/runs/mvp_pool_20260530_001/previews/0034_site257_216086_006050_006065.mp3,/home/ubuntu/layer_b_site_weather_job/runs/mvp_pool_20260530_001/windows_wav/0034_site257_216086_006050_006065.wav,s3://eco-acoustic-data.store.adelaideuni.cloud/dataset/original/site_257_bowra-dry-a/downloaded_clips/site_257_item_216086/site_257_item_216086_clip_021.webm,site_257_item_216086/site_257_item_216086_clip_021.webm,257,216086,216086,2020-03-01T20:00:00.000Z,dawn,2020-03-02,021,2033815,50.0,6050.0,15.0,0.01,0.0,1.04,3.29,30.12,23.71,,,,,,accept,rain_wind_mixed,rain+wind,mixed,usable_rain_with_wind_overlap,sample,true,export_22050hz_wav_after_spot_check,site_weather_candidate_pool_v0.2,runs/mvp_pool_20260530_001_layer_d_assets_accept_only/assets_wav_22050_mono/rain_wind_mixed/rain_wind_mixed__rain_wind__site257_216086_006050_006065.wav,wav,site_weather_candidate_promotion_v0.1,22050,1,15.0
site257_5493_002802_002817,81,0.660363,candidate,wind,0.577365,0.1126,wind,0.577365,0.364012,0.577365,0.464765,human_or_machine,0.251985,0.32538,0.8,0.82538,clap_scoring_window,48000,1,15.0,-31.029,-14.54,0.0,true,ready,22050,1,wav,0.8,wind_env_prior,/home/ubuntu/layer_b_site_weather_job/runs/mvp_pool_20260530_001/previews/0146_site257_5493_002802_002817.mp3,/home/ubuntu/layer_b_site_weather_job/runs/mvp_pool_20260530_001/windows_wav/0146_site257_5493_002802_002817.wav,s3://eco-acoustic-data.store.adelaideuni.cloud/dataset/original/site_257_bowra-dry-a/downloaded_clips/site_257_item_5493/site_257_item_5493_clip_010.webm,site_257_item_5493/site_257_item_5493_clip_010.webm,257,5493,5493,2019-08-18T04:00:00.000Z,afternoon,2019-08-18,010,2027312,102.0,2802.0,15.0,0.0,0.0,6.43,7.07,12.77,30.33,,,,,,accept,wind_primary,wind,heavy,clear_wind_target_score,sample,true,export_22050hz_wav_after_spot_check,site_weather_candidate_pool_v0.2,runs/mvp_pool_20260530_001_layer_d_assets_accept_only/assets_wav_22050_mono/wind_primary/wind_primary__wind__site257_5493_002802_002817.wav,wav,site_weather_candidate_promotion_v0.1,22050,1,15.0
site257_215192_005663_005678,82,0.636584,candidate,wind,0.597671,0.119961,wind,0.597671,0.348646,0.597671,0.477711,human_or_machine,0.269682,0.32799,0.55,0.82799,clap_scoring_window,48000,1,15.0,-23.036,-7.354,0.0,true,ready,22050,1,wav,0.55,wind_env_prior,/home/ubuntu/layer_b_site_weather_job/runs/mvp_pool_20260530_001/previews/0240_site257_215192_005663_005678.mp3,/home/ubuntu/layer_b_site_weather_job/runs/mvp_pool_20260530_001/windows_wav/0240_site257_215192_005663_005678.wav,s3://eco-acoustic-data.store.adelaideuni.cloud/dataset/original/site_257_bowra-dry-a/downloaded_clips/site_257_item_215192/site_257_item_215192_clip_019.webm,site_257_item_215192/site_257_item_215192_clip_019.webm,257,215192,215192,2019-12-16T20:00:00.000Z,dawn,2019-12-17,019,2041918,263.0,5663.0,15.0,0.0,0.0,4.28,5.98,29.41,24.57,,,,,,accept,wind_primary,wind,medium,clear_wind_target_score,sample,true,export_22050hz_wav_after_spot_check,site_weather_candidate_pool_v0.2,runs/mvp_pool_20260530_001_layer_d_assets_accept_only/assets_wav_22050_mono/wind_primary/wind_primary__wind__site257_215192_005663_005678.wav,wav,site_weather_candidate_promotion_v0.1,22050,1,15.0
site257_216088_005471_005486,83,0.629793,candidate,wind,0.581886,0.154815,wind,0.581886,0.36806,0.581886,0.427071,human_or_machine,0.236551,0.345335,0.55,0.845335,clap_scoring_window,48000,1,15.0,-27.201,-9.592,0.0,true,ready,22050,1,wav,0.55,wind_env_prior,/home/ubuntu/layer_b_site_weather_job/runs/mvp_pool_20260530_001/previews/0266_site257_216088_005471_005486.mp3,/home/ubuntu/layer_b_site_weather_job/runs/mvp_pool_20260530_001/windows_wav/0266_site257_216088_005471_005486.wav,s3://eco-acoustic-data.store.adelaideuni.cloud/dataset/original/site_257_bowra-dry-a/downloaded_clips/site_257_item_216088/site_257_item_216088_clip_019.webm,site_257_item_216088/site_257_item_216088_clip_019.webm,257,216088,216088,2020-03-01T22:00:00.000Z,morning,2020-03-02,019,2050343,71.0,5471.0,15.0,0.03,0.0,2.63,3.29,23.77,30.69,,,,,,accept,wind_primary,wind,medium,clear_wind_target_score,sample,true,export_22050hz_wav_after_spot_check,site_weather_candidate_pool_v0.2,runs/mvp_pool_20260530_001_layer_d_assets_accept_only/assets_wav_22050_mono/wind_primary/wind_primary__wind__site257_216088_005471_005486.wav,wav,site_weather_candidate_promotion_v0.1,22050,1,15.0
site257_1313184_000390_000405,84,0.624809,candidate,wind,0.535306,0.191585,wind,0.535306,0.288776,0.535306,0.343721,human_or_machine,0.251004,0.284302,0.8,0.784302,clap_scoring_window,48000,1,15.0,-27.909,-11.193,0.0,true,ready,22050,1,wav,0.8,storm_env_prior,/home/ubuntu/layer_b_site_weather_job/runs/mvp_pool_20260530_001/previews/0162_site257_1313184_000390_000405.mp3,/home/ubuntu/layer_b_site_weather_job/runs/mvp_pool_20260530_001/windows_wav/0162_site257_1313184_000390_000405.wav,s3://eco-acoustic-data.store.adelaideuni.cloud/dataset/original/site_257_bowra-dry-a/downloaded_clips/site_257_item_1313184/site_257_item_1313184_clip_002.webm,site_257_item_1313184/site_257_item_1313184_clip_002.webm,257,1313184,1313184,2023-04-28T20:06:08.000Z,dawn,2023-04-29,002,2052742,90.0,390.0,15.0,5.88,0.06,6.01,4.88,81.07,14.53,,,,,,accept,wind_primary,wind,heavy,clear_wind_target_score,sample,true,export_22050hz_wav_after_spot_check,site_weather_candidate_pool_v0.2,runs/mvp_pool_20260530_001_layer_d_assets_accept_only/assets_wav_22050_mono/wind_primary/wind_primary__wind__site257_1313184_000390_000405.wav,wav,site_weather_candidate_promotion_v0.1,22050,1,15.0
site257_215474_002465_002480,85,0.62234,candidate,wind,0.542703,0.1285,wind,0.542703,0.414202,0.542703,0.348652,human_or_machine,0.294785,0.247918,0.8,0.747918,clap_scoring_window,48000,1,15.0,-33.854,-19.445,0.0,true,ready,22050,1,wav,0.8,wind_env_prior,/home/ubuntu/layer_b_site_weather_job/runs/mvp_pool_20260530_001/previews/0153_site257_215474_002465_002480.mp3,/home/ubuntu/layer_b_site_weather_job/runs/mvp_pool_20260530_001/windows_wav/0153_site257_215474_002465_002480.wav,s3://eco-acoustic-data.store.adelaideuni.cloud/dataset/original/site_257_bowra-dry-a/downloaded_clips/site_257_item_215474/site_257_item_215474_clip_009.webm,site_257_item_215474/site_257_item_215474_clip_009.webm,257,215474,215474,2020-01-09T22:00:00.000Z,morning,2020-01-10,009,2036394,65.0,2465.0,15.0,0.0,0.0,6.5,3.62,16.96,39.46,,,,,,accept,wind_primary,wind,heavy,clear_wind_target_score,sample,true,export_22050hz_wav_after_spot_check,site_weather_candidate_pool_v0.2,runs/mvp_pool_20260530_001_layer_d_assets_accept_only/assets_wav_22050_mono/wind_primary/wind_primary__wind__site257_215474_002465_002480.wav,wav,site_weather_candidate_promotion_v0.1,22050,1,15.0
site257_215185_002576_002591,86,0.618087,candidate,wind,0.574305,0.187808,wind,0.574305,0.384378,0.574305,0.386498,human_or_machine,0.262862,0.311443,0.55,0.811443,clap_scoring_window,48000,1,15.0,-29.534,-11.782,0.0,true,ready,22050,1,wav,0.55,wind_env_prior,/home/ubuntu/layer_b_site_weather_job/runs/mvp_pool_20260530_001/previews/0242_site257_215185_002576_002591.mp3,/home/ubuntu/layer_b_site_weather_job/runs/mvp_pool_20260530_001/windows_wav/0242_site257_215185_002576_002591.wav,s3://eco-acoustic-data.store.adelaideuni.cloud/dataset/original/site_257_bowra-dry-a/downloaded_clips/site_257_item_215185/site_257_item_215185_clip_009.webm,site_257_item_215185/site_257_item_215185_clip_009.webm,257,215185,215185,2019-12-16T22:00:00.000Z,morning,2019-12-17,009,2042406,176.0,2576.0,15.0,0.0,0.0,4.58,5.98,26.09,30.85,,,,,,accept,wind_primary,wind,medium,clear_wind_target_score,sample,true,export_22050hz_wav_after_spot_check,site_weather_candidate_pool_v0.2,runs/mvp_pool_20260530_001_layer_d_assets_accept_only/assets_wav_22050_mono/wind_primary/wind_primary__wind__site257_215185_002576_002591.wav,wav,site_weather_candidate_promotion_v0.1,22050,1,15.0
site257_4881_005831_005846,88,0.611985,candidate,wind,0.575142,0.181516,wind,0.575142,0.366309,0.575142,0.393626,human_or_machine,0.296931,0.278212,0.55,0.778212,clap_scoring_window,48000,1,15.0,-42.873,-27.754,0.0,true,ready,22050,1,wav,0.55,wind_env_prior,/home/ubuntu/layer_b_site_weather_job/runs/mvp_pool_20260530_001/previews/0196_site257_4881_005831_005846.mp3,/home/ubuntu/layer_b_site_weather_job/runs/mvp_pool_20260530_001/windows_wav/0196_site257_4881_005831_005846.wav,s3://eco-acoustic-data.store.adelaideuni.cloud/dataset/original/site_257_bowra-dry-a/downloaded_clips/site_257_item_4881/site_257_item_4881_clip_020.webm,site_257_item_4881/site_257_item_4881_clip_020.webm,257,4881,4881,2019-10-03T20:00:00.000Z,dawn,2019-10-04,020,2030038,131.0,5831.0,15.0,0.0,0.0,2.1,4.1,33.1,17.74,,,,,,accept,wind_primary,wind,medium,clear_wind_target_score,sample,true,export_22050hz_wav_after_spot_check,site_weather_candidate_pool_v0.2,runs/mvp_pool_20260530_001_layer_d_assets_accept_only/assets_wav_22050_mono/wind_primary/wind_primary__wind__site257_4881_005831_005846.wav,wav,site_weather_candidate_promotion_v0.1,22050,1,15.0
site257_5486_000323_000338,89,0.606816,candidate,wind,0.565842,0.151951,wind,0.565842,0.329984,0.565842,0.413891,human_or_machine,0.28325,0.282592,0.55,0.782592,clap_scoring_window,48000,1,15.0,-32.918,-13.318,0.0,true,ready,22050,1,wav,0.55,wind_env_prior,/home/ubuntu/layer_b_site_weather_job/runs/mvp_pool_20260530_001/previews/0183_site257_5486_000323_000338.mp3,/home/ubuntu/layer_b_site_weather_job/runs/mvp_pool_20260530_001/windows_wav/0183_site257_5486_000323_000338.wav,s3://eco-acoustic-data.store.adelaideuni.cloud/dataset/original/site_257_bowra-dry-a/downloaded_clips/site_257_item_5486/site_257_item_5486_clip_002.webm,site_257_item_5486/site_257_item_5486_clip_002.webm,257,5486,5486,2019-08-18T12:00:00.000Z,night,2019-08-18,002,2040568,23.0,323.0,15.0,0.0,0.0,4.99,7.07,43.12,14.75,,,,,,accept,wind_primary,wind,heavy,clear_wind_target_score,sample,true,export_22050hz_wav_after_spot_check,site_weather_candidate_pool_v0.2,runs/mvp_pool_20260530_001_layer_d_assets_accept_only/assets_wav_22050_mono/wind_primary/wind_primary__wind__site257_5486_000323_000338.wav,wav,site_weather_candidate_promotion_v0.1,22050,1,15.0
site257_215191_006284_006299,90,0.606076,candidate,wind,0.569114,0.21533,wind,0.569114,0.310118,0.569114,0.353784,human_or_machine,0.300855,0.268259,0.55,0.768259,clap_scoring_window,48000,1,15.0,-34.439,-21.173,0.0,true,ready,22050,1,wav,0.55,wind_env_prior,/home/ubuntu/layer_b_site_weather_job/runs/mvp_pool_20260530_001/previews/0246_site257_215191_006284_006299.mp3,/home/ubuntu/layer_b_site_weather_job/runs/mvp_pool_20260530_001/windows_wav/0246_site257_215191_006284_006299.wav,s3://eco-acoustic-data.store.adelaideuni.cloud/dataset/original/site_257_bowra-dry-a/downloaded_clips/site_257_item_215191/site_257_item_215191_clip_021.webm,site_257_item_215191/site_257_item_215191_clip_021.webm,257,215191,215191,2019-12-17T04:00:00.000Z,afternoon,2019-12-17,021,2030938,284.0,6284.0,15.0,0.0,0.0,4.61,4.84,11.4,41.26,,,,,,accept,wind_primary,wind,medium,clear_wind_target_score,sample,true,export_22050hz_wav_after_spot_check,site_weather_candidate_pool_v0.2,runs/mvp_pool_20260530_001_layer_d_assets_accept_only/assets_wav_22050_mono/wind_primary/wind_primary__wind__site257_215191_006284_006299.wav,wav,site_weather_candidate_promotion_v0.1,22050,1,15.0
site257_5486_003304_003319,91,0.605216,candidate,wind,0.551594,0.086017,wind,0.551594,0.28899,0.551594,0.465577,human_or_machine,0.230695,0.320898,0.55,0.820898,clap_scoring_window,48000,1,15.0,-18.409,0.0,0.000368,true,ready,22050,1,wav,0.55,wind_env_prior,/home/ubuntu/layer_b_site_weather_job/runs/mvp_pool_20260530_001/previews/0181_site257_5486_003304_003319.mp3,/home/ubuntu/layer_b_site_weather_job/runs/mvp_pool_20260530_001/windows_wav/0181_site257_5486_003304_003319.wav,s3://eco-acoustic-data.store.adelaideuni.cloud/dataset/original/site_257_bowra-dry-a/downloaded_clips/site_257_item_5486/site_257_item_5486_clip_012.webm,site_257_item_5486/site_257_item_5486_clip_012.webm,257,5486,5486,2019-08-18T12:00:00.000Z,night,2019-08-18,012,2039612,4.0,3304.0,15.0,0.0,0.0,4.99,7.07,43.12,14.75,,,,,,accept,wind_primary,wind,heavy,clear_wind_target_score,sample,true,export_22050hz_wav_after_spot_check,site_weather_candidate_pool_v0.2,runs/mvp_pool_20260530_001_layer_d_assets_accept_only/assets_wav_22050_mono/wind_primary/wind_primary__wind__site257_5486_003304_003319.wav,wav,site_weather_candidate_promotion_v0.1,22050,1,15.0
site257_4887_000478_000493,92,0.603165,candidate,wind,0.56283,0.161448,wind,0.56283,0.401382,0.56283,0.353176,human_or_machine,0.288703,0.274127,0.55,0.774127,clap_scoring_window,48000,1,15.0,-39.182,-22.604,0.0,true,ready,22050,1,wav,0.55,wind_env_prior,/home/ubuntu/layer_b_site_weather_job/runs/mvp_pool_20260530_001/previews/0201_site257_4887_000478_000493.mp3,/home/ubuntu/layer_b_site_weather_job/runs/mvp_pool_20260530_001/windows_wav/0201_site257_4887_000478_000493.wav,s3://eco-acoustic-data.store.adelaideuni.cloud/dataset/original/site_257_bowra-dry-a/downloaded_clips/site_257_item_4887/site_257_item_4887_clip_002.webm,site_257_item_4887/site_257_item_4887_clip_002.webm,257,4887,4887,2019-10-03T22:00:00.000Z,morning,2019-10-04,002,2034523,178.0,478.0,15.0,0.0,0.0,2.53,4.1,22.02,25.09,,,,,,accept,wind_primary,wind,medium,clear_wind_target_score,sample,true,export_22050hz_wav_after_spot_check,site_weather_candidate_pool_v0.2,runs/mvp_pool_20260530_001_layer_d_assets_accept_only/assets_wav_22050_mono/wind_primary/wind_primary__wind__site257_4887_000478_000493.wav,wav,site_weather_candidate_promotion_v0.1,22050,1,15.0
site257_5493_000879_000894,93,0.600541,candidate,wind,0.517543,0.059907,wind,0.517543,0.339224,0.517543,0.457636,bird_or_insect,0.296856,0.220687,0.8,0.720687,clap_scoring_window,48000,1,15.0,-28.071,-6.136,0.0,true,ready,22050,1,wav,0.8,wind_env_prior,/home/ubuntu/layer_b_site_weather_job/runs/mvp_pool_20260530_001/previews/0145_site257_5493_000879_000894.mp3,/home/ubuntu/layer_b_site_weather_job/runs/mvp_pool_20260530_001/windows_wav/0145_site257_5493_000879_000894.wav,s3://eco-acoustic-data.store.adelaideuni.cloud/dataset/original/site_257_bowra-dry-a/downloaded_clips/site_257_item_5493/site_257_item_5493_clip_003.webm,site_257_item_5493/site_257_item_5493_clip_003.webm,257,5493,5493,2019-08-18T04:00:00.000Z,afternoon,2019-08-18,003,2032221,279.0,879.0,15.0,0.0,0.0,6.43,7.07,12.77,30.33,,,,,,accept,wind_primary,wind,heavy,clear_wind_target_score,sample,true,export_22050hz_wav_after_spot_check,site_weather_candidate_pool_v0.2,runs/mvp_pool_20260530_001_layer_d_assets_accept_only/assets_wav_22050_mono/wind_primary/wind_primary__wind__site257_5493_000879_000894.wav,wav,site_weather_candidate_promotion_v0.1,22050,1,15.0
site257_215185_001732_001747,94,0.599001,candidate,wind,0.546753,0.112991,wind,0.546753,0.365307,0.546753,0.433762,human_or_machine,0.241195,0.305558,0.55,0.805558,clap_scoring_window,48000,1,15.0,-23.24,-4.235,0.0,true,ready,22050,1,wav,0.55,wind_env_prior,/home/ubuntu/layer_b_site_weather_job/runs/mvp_pool_20260530_001/previews/0243_site257_215185_001732_001747.mp3,/home/ubuntu/layer_b_site_weather_job/runs/mvp_pool_20260530_001/windows_wav/0243_site257_215185_001732_001747.wav,s3://eco-acoustic-data.store.adelaideuni.cloud/dataset/original/site_257_bowra-dry-a/downloaded_clips/site_257_item_215185/site_257_item_215185_clip_006.webm,site_257_item_215185/site_257_item_215185_clip_006.webm,257,215185,215185,2019-12-16T22:00:00.000Z,morning,2019-12-17,006,2036460,232.0,1732.0,15.0,0.0,0.0,4.58,5.98,26.09,30.85,,,,,,accept,wind_primary,wind,medium,clear_wind_target_score,sample,true,export_22050hz_wav_after_spot_check,site_weather_candidate_pool_v0.2,runs/mvp_pool_20260530_001_layer_d_assets_accept_only/assets_wav_22050_mono/wind_primary/wind_primary__wind__site257_215185_001732_001747.wav,wav,site_weather_candidate_promotion_v0.1,22050,1,15.0
site257_1400016_001802_001817,95,0.596836,candidate,wind,0.553497,0.120071,wind,0.553497,0.380841,0.553497,0.433426,human_or_machine,0.280683,0.272814,0.55,0.772814,clap_scoring_window,48000,1,15.0,-28.045,-13.678,0.0,true,ready,22050,1,wav,0.55,wind_env_prior,/home/ubuntu/layer_b_site_weather_job/runs/mvp_pool_20260530_001/previews/0346_site257_1400016_001802_001817.mp3,/home/ubuntu/layer_b_site_weather_job/runs/mvp_pool_20260530_001/windows_wav/0346_site257_1400016_001802_001817.wav,s3://eco-acoustic-data.store.adelaideuni.cloud/dataset/original/site_257_bowra-dry-a/downloaded_clips/site_257_item_1400016/site_257_item_1400016_clip_007.webm,site_257_item_1400016/site_257_item_1400016_clip_007.webm,257,1400016,1400016,2023-09-27T22:32:42.000Z,morning,2023-09-28,007,2032977,2.0,1802.0,15.0,0.0,0.0,3.91,6.34,30.41,19.7,,,,,,accept,wind_primary,wind,heavy,clear_wind_target_score,sample,true,export_22050hz_wav_after_spot_check,site_weather_candidate_pool_v0.2,runs/mvp_pool_20260530_001_layer_d_assets_accept_only/assets_wav_22050_mono/wind_primary/wind_primary__wind__site257_1400016_001802_001817.wav,wav,site_weather_candidate_promotion_v0.1,22050,1,15.0
site257_4887_002248_002263,96,0.594959,candidate,wind,0.559027,0.185402,wind,0.559027,0.373625,0.559027,0.3562,human_or_machine,0.313569,0.245458,0.55,0.745458,clap_scoring_window,48000,1,15.0,-40.999,-26.146,0.0,true,ready,22050,1,wav,0.55,wind_env_prior,/home/ubuntu/layer_b_site_weather_job/runs/mvp_pool_20260530_001/previews/0199_site257_4887_002248_002263.mp3,/home/ubuntu/layer_b_site_weather_job/runs/mvp_pool_20260530_001/windows_wav/0199_site257_4887_002248_002263.wav,s3://eco-acoustic-data.store.adelaideuni.cloud/dataset/original/site_257_bowra-dry-a/downloaded_clips/site_257_item_4887/site_257_item_4887_clip_008.webm,site_257_item_4887/site_257_item_4887_clip_008.webm,257,4887,4887,2019-10-03T22:00:00.000Z,morning,2019-10-04,008,2025245,148.0,2248.0,15.0,0.0,0.0,2.53,4.1,22.02,25.09,,,,,,accept,wind_primary,wind,medium,clear_wind_target_score,sample,true,export_22050hz_wav_after_spot_check,site_weather_candidate_pool_v0.2,runs/mvp_pool_20260530_001_layer_d_assets_accept_only/assets_wav_22050_mono/wind_primary/wind_primary__wind__site257_4887_002248_002263.wav,wav,site_weather_candidate_promotion_v0.1,22050,1,15.0
site257_215191_001182_001197,101,0.585466,candidate,wind,0.532185,0.084843,wind,0.532185,0.294373,0.532185,0.447342,human_or_machine,0.246956,0.285229,0.55,0.785229,clap_scoring_window,48000,1,15.0,-25.278,-6.698,0.0,true,ready,22050,1,wav,0.55,wind_env_prior,/home/ubuntu/layer_b_site_weather_job/runs/mvp_pool_20260530_001/previews/0245_site257_215191_001182_001197.mp3,/home/ubuntu/layer_b_site_weather_job/runs/mvp_pool_20260530_001/windows_wav/0245_site257_215191_001182_001197.wav,s3://eco-acoustic-data.store.adelaideuni.cloud/dataset/original/site_257_bowra-dry-a/downloaded_clips/site_257_item_215191/site_257_item_215191_clip_004.webm,site_257_item_215191/site_257_item_215191_clip_004.webm,257,215191,215191,2019-12-17T04:00:00.000Z,afternoon,2019-12-17,004,2036766,282.0,1182.0,15.0,0.0,0.0,4.61,4.84,11.4,41.26,,,,,,accept,wind_primary,wind,medium,clear_wind_target_score,sample,true,export_22050hz_wav_after_spot_check,site_weather_candidate_pool_v0.2,runs/mvp_pool_20260530_001_layer_d_assets_accept_only/assets_wav_22050_mono/wind_primary/wind_primary__wind__site257_215191_001182_001197.wav,wav,site_weather_candidate_promotion_v0.1,22050,1,15.0
site257_215473_000973_000988,102,0.584869,candidate,wind,0.526047,0.212874,wind,0.526047,0.297499,0.526047,0.313173,human_or_machine,0.223855,0.302192,0.55,0.802192,clap_scoring_window,48000,1,15.0,-43.518,-23.827,0.0,true,ready,22050,1,wav,0.55,wind_env_prior,/home/ubuntu/layer_b_site_weather_job/runs/mvp_pool_20260530_001/previews/0256_site257_215473_000973_000988.mp3,/home/ubuntu/layer_b_site_weather_job/runs/mvp_pool_20260530_001/windows_wav/0256_site257_215473_000973_000988.wav,s3://eco-acoustic-data.store.adelaideuni.cloud/dataset/original/site_257_bowra-dry-a/downloaded_clips/site_257_item_215473/site_257_item_215473_clip_004.webm,site_257_item_215473/site_257_item_215473_clip_004.webm,257,215473,215473,2020-01-10T12:00:00.000Z,night,2020-01-10,004,2021083,73.0,973.0,15.0,0.0,0.0,5.25,8.53,17.65,38.68,,,,,,accept,wind_primary,wind,heavy,clear_wind_target_score,sample,true,export_22050hz_wav_after_spot_check,site_weather_candidate_pool_v0.2,runs/mvp_pool_20260530_001_layer_d_assets_accept_only/assets_wav_22050_mono/wind_primary/wind_primary__wind__site257_215473_000973_000988.wav,wav,site_weather_candidate_promotion_v0.1,22050,1,15.0
site257_215467_003974_003989,103,0.584113,candidate,wind,0.529317,0.180263,wind,0.529317,0.349053,0.529317,0.323926,human_or_machine,0.24153,0.287787,0.55,0.787787,clap_scoring_window,48000,1,15.0,-43.671,-29.985,0.0,true,ready,22050,1,wav,0.55,wind_env_prior,/home/ubuntu/layer_b_site_weather_job/runs/mvp_pool_20260530_001/previews/0252_site257_215467_003974_003989.mp3,/home/ubuntu/layer_b_site_weather_job/runs/mvp_pool_20260530_001/windows_wav/0252_site257_215467_003974_003989.wav,s3://eco-acoustic-data.store.adelaideuni.cloud/dataset/original/site_257_bowra-dry-a/downloaded_clips/site_257_item_215467/site_257_item_215467_clip_014.webm,site_257_item_215467/site_257_item_215467_clip_014.webm,257,215467,215467,2020-01-09T20:00:00.000Z,dawn,2020-01-10,014,2021203,74.0,3974.0,15.0,0.0,0.0,4.05,3.62,21.87,33.36,,,,,,accept,wind_primary,wind,medium,clear_wind_target_score,sample,true,export_22050hz_wav_after_spot_check,site_weather_candidate_pool_v0.2,runs/mvp_pool_20260530_001_layer_d_assets_accept_only/assets_wav_22050_mono/wind_primary/wind_primary__wind__site257_215467_003974_003989.wav,wav,site_weather_candidate_promotion_v0.1,22050,1,15.0
site257_214503_003510_003525,104,0.582764,candidate,wind,0.52416,0.21187,wind,0.52416,0.298568,0.52416,0.312289,human_or_machine,0.226357,0.297803,0.55,0.797803,clap_scoring_window,48000,1,15.0,-40.403,-24.798,0.0,true,ready,22050,1,wav,0.55,wind_env_prior,/home/ubuntu/layer_b_site_weather_job/runs/mvp_pool_20260530_001/previews/0207_site257_214503_003510_003525.mp3,/home/ubuntu/layer_b_site_weather_job/runs/mvp_pool_20260530_001/windows_wav/0207_site257_214503_003510_003525.wav,s3://eco-acoustic-data.store.adelaideuni.cloud/dataset/original/site_257_bowra-dry-a/downloaded_clips/site_257_item_214503/site_257_item_214503_clip_012.webm,site_257_item_214503/site_257_item_214503_clip_012.webm,257,214503,214503,2019-10-21T20:00:00.000Z,dawn,2019-10-22,012,2033482,210.0,3510.0,15.0,0.0,0.0,2.26,4.26,37.02,16.58,,,,,,accept,wind_primary,wind,medium,clear_wind_target_score,sample,true,export_22050hz_wav_after_spot_check,site_weather_candidate_pool_v0.2,runs/mvp_pool_20260530_001_layer_d_assets_accept_only/assets_wav_22050_mono/wind_primary/wind_primary__wind__site257_214503_003510_003525.wav,wav,site_weather_candidate_promotion_v0.1,22050,1,15.0
site257_1400024_000225_000240,105,0.580481,candidate,wind,0.530205,0.179478,wind,0.530205,0.311313,0.530205,0.350726,human_or_machine,0.263464,0.266741,0.55,0.766741,clap_scoring_window,48000,1,15.0,-31.112,-11.446,0.0,true,ready,22050,1,wav,0.55,wind_env_prior,/home/ubuntu/layer_b_site_weather_job/runs/mvp_pool_20260530_001/previews/0349_site257_1400024_000225_000240.mp3,/home/ubuntu/layer_b_site_weather_job/runs/mvp_pool_20260530_001/windows_wav/0349_site257_1400024_000225_000240.wav,s3://eco-acoustic-data.store.adelaideuni.cloud/dataset/original/site_257_bowra-dry-a/downloaded_clips/site_257_item_1400024/site_257_item_1400024_clip_001.webm,site_257_item_1400024/site_257_item_1400024_clip_001.webm,257,1400024,1400024,2023-09-28T04:00:00.000Z,afternoon,2023-09-28,001,2062235,225.0,225.0,15.0,0.0,0.0,4.19,4.3,10.53,30.79,,,,,,accept,wind_primary,wind,medium,clear_wind_target_score,sample,true,export_22050hz_wav_after_spot_check,site_weather_candidate_pool_v0.2,runs/mvp_pool_20260530_001_layer_d_assets_accept_only/assets_wav_22050_mono/wind_primary/wind_primary__wind__site257_1400024_000225_000240.wav,wav,site_weather_candidate_promotion_v0.1,22050,1,15.0
site257_1400378_001068_001083,106,0.578814,candidate,wind,0.526797,0.064828,wind,0.526797,0.350959,0.526797,0.461969,human_or_machine,0.257316,0.269481,0.55,0.769481,clap_scoring_window,48000,1,15.0,-27.003,-8.078,0.0,true,ready,22050,1,wav,0.55,wind_env_prior,/home/ubuntu/layer_b_site_weather_job/runs/mvp_pool_20260530_001/previews/0356_site257_1400378_001068_001083.mp3,/home/ubuntu/layer_b_site_weather_job/runs/mvp_pool_20260530_001/windows_wav/0356_site257_1400378_001068_001083.wav,s3://eco-acoustic-data.store.adelaideuni.cloud/dataset/original/site_257_bowra-dry-a/downloaded_clips/site_257_item_1400378/site_257_item_1400378_clip_004.webm,site_257_item_1400378/site_257_item_1400378_clip_004.webm,257,1400378,1400378,2023-10-05T23:39:44.000Z,morning,2023-10-06,004,2037417,168.0,1068.0,15.0,0.0,0.0,4.13,4.86,33.23,20.09,,,,,,accept,wind_primary,wind,medium,clear_wind_target_score,sample,true,export_22050hz_wav_after_spot_check,site_weather_candidate_pool_v0.2,runs/mvp_pool_20260530_001_layer_d_assets_accept_only/assets_wav_22050_mono/wind_primary/wind_primary__wind__site257_1400378_001068_001083.wav,wav,site_weather_candidate_promotion_v0.1,22050,1,15.0
site257_214659_006060_006075,108,0.577466,candidate,wind,0.516425,0.103925,wind,0.516425,0.387073,0.516425,0.412501,human_or_machine,0.219981,0.296445,0.55,0.796445,clap_scoring_window,48000,1,15.0,-19.18,-0.0,4.4e-05,true,ready,22050,1,wav,0.55,storm_env_prior,/home/ubuntu/layer_b_site_weather_job/runs/mvp_pool_20260530_001/previews/0216_site257_214659_006060_006075.mp3,/home/ubuntu/layer_b_site_weather_job/runs/mvp_pool_20260530_001/windows_wav/0216_site257_214659_006060_006075.wav,s3://eco-acoustic-data.store.adelaideuni.cloud/dataset/original/site_257_bowra-dry-a/downloaded_clips/site_257_item_214659/site_257_item_214659_clip_021.webm,site_257_item_214659/site_257_item_214659_clip_021.webm,257,214659,214659,2019-11-03T04:00:00.000Z,afternoon,2019-11-03,021,2063565,60.0,6060.0,15.0,220.58,77.69,4.79,7.1,84.44,22.3,,,,,,accept,wind_primary,wind,heavy,clear_wind_target_score,sample,true,export_22050hz_wav_after_spot_check,site_weather_candidate_pool_v0.2,runs/mvp_pool_20260530_001_layer_d_assets_accept_only/assets_wav_22050_mono/wind_primary/wind_primary__wind__site257_214659_006060_006075.wav,wav,site_weather_candidate_promotion_v0.1,22050,1,15.0
site257_215191_006457_006472,109,0.576785,candidate,wind,0.517387,0.155279,wind,0.517387,0.362108,0.517387,0.263836,human_or_machine,0.22747,0.289917,0.55,0.789917,clap_scoring_window,48000,1,15.0,-38.514,-18.329,0.0,true,ready,22050,1,wav,0.55,wind_env_prior,/home/ubuntu/layer_b_site_weather_job/runs/mvp_pool_20260530_001/previews/0244_site257_215191_006457_006472.mp3,/home/ubuntu/layer_b_site_weather_job/runs/mvp_pool_20260530_001/windows_wav/0244_site257_215191_006457_006472.wav,s3://eco-acoustic-data.store.adelaideuni.cloud/dataset/original/site_257_bowra-dry-a/downloaded_clips/site_257_item_215191/site_257_item_215191_clip_022.webm,site_257_item_215191/site_257_item_215191_clip_022.webm,257,215191,215191,2019-12-17T04:00:00.000Z,afternoon,2019-12-17,022,2039254,157.0,6457.0,15.0,0.0,0.0,4.61,4.84,11.4,41.26,,,,,,accept,wind_primary,wind,medium,clear_wind_target_score,sample,true,export_22050hz_wav_after_spot_check,site_weather_candidate_pool_v0.2,runs/mvp_pool_20260530_001_layer_d_assets_accept_only/assets_wav_22050_mono/wind_primary/wind_primary__wind__site257_215191_006457_006472.wav,wav,site_weather_candidate_promotion_v0.1,22050,1,15.0
site257_214503_005443_005458,110,0.575657,candidate,wind,0.520742,0.118587,wind,0.520742,0.327813,0.520742,0.402155,human_or_machine,0.24737,0.273372,0.55,0.773372,clap_scoring_window,48000,1,15.0,-37.574,-17.933,0.0,true,ready,22050,1,wav,0.55,wind_env_prior,/home/ubuntu/layer_b_site_weather_job/runs/mvp_pool_20260530_001/previews/0206_site257_214503_005443_005458.mp3,/home/ubuntu/layer_b_site_weather_job/runs/mvp_pool_20260530_001/windows_wav/0206_site257_214503_005443_005458.wav,s3://eco-acoustic-data.store.adelaideuni.cloud/dataset/original/site_257_bowra-dry-a/downloaded_clips/site_257_item_214503/site_257_item_214503_clip_019.webm,site_257_item_214503/site_257_item_214503_clip_019.webm,257,214503,214503,2019-10-21T20:00:00.000Z,dawn,2019-10-22,019,2025625,43.0,5443.0,15.0,0.0,0.0,2.26,4.26,37.02,16.58,,,,,,accept,wind_primary,wind,medium,clear_wind_target_score,sample,true,export_22050hz_wav_after_spot_check,site_weather_candidate_pool_v0.2,runs/mvp_pool_20260530_001_layer_d_assets_accept_only/assets_wav_22050_mono/wind_primary/wind_primary__wind__site257_214503_005443_005458.wav,wav,site_weather_candidate_promotion_v0.1,22050,1,15.0
site257_5421_003037_003052,111,0.572704,candidate,wind,0.527219,0.164236,wind,0.527219,0.312889,0.527219,0.362983,human_or_machine,0.289665,0.237554,0.55,0.737554,clap_scoring_window,48000,1,15.0,-39.699,-23.79,0.0,true,ready,22050,1,wav,0.55,wind_env_prior,/home/ubuntu/layer_b_site_weather_job/runs/mvp_pool_20260530_001/previews/0194_site257_5421_003037_003052.mp3,/home/ubuntu/layer_b_site_weather_job/runs/mvp_pool_20260530_001/windows_wav/0194_site257_5421_003037_003052.wav,s3://eco-acoustic-data.store.adelaideuni.cloud/dataset/original/site_257_bowra-dry-a/downloaded_clips/site_257_item_5421/site_257_item_5421_clip_011.webm,site_257_item_5421/site_257_item_5421_clip_011.webm,257,5421,5421,2019-09-23T12:00:00.000Z,night,2019-09-23,011,2028779,37.0,3037.0,15.0,0.0,0.0,2.8,4.95,26.51,13.07,,,,,,accept,wind_primary,wind,medium,clear_wind_target_score,sample,true,export_22050hz_wav_after_spot_check,site_weather_candidate_pool_v0.2,runs/mvp_pool_20260530_001_layer_d_assets_accept_only/assets_wav_22050_mono/wind_primary/wind_primary__wind__site257_5421_003037_003052.wav,wav,site_weather_candidate_promotion_v0.1,22050,1,15.0
site257_215122_005589_005604,112,0.571646,candidate,wind,0.520589,0.153081,wind,0.520589,0.294619,0.520589,0.367509,bird_or_insect,0.266773,0.253816,0.55,0.753816,clap_scoring_window,48000,1,15.0,-33.319,-17.567,0.0,true,ready,22050,1,wav,0.55,wind_env_prior,/home/ubuntu/layer_b_site_weather_job/runs/mvp_pool_20260530_001/previews/0235_site257_215122_005589_005604.mp3,/home/ubuntu/layer_b_site_weather_job/runs/mvp_pool_20260530_001/windows_wav/0235_site257_215122_005589_005604.wav,s3://eco-acoustic-data.store.adelaideuni.cloud/dataset/original/site_257_bowra-dry-a/downloaded_clips/site_257_item_215122/site_257_item_215122_clip_019.webm,site_257_item_215122/site_257_item_215122_clip_019.webm,257,215122,215122,2019-12-11T12:00:00.000Z,night,2019-12-11,019,2037160,189.0,5589.0,15.0,0.0,0.0,4.34,5.7,14.14,28.04,,,,,,accept,wind_primary,wind,medium,clear_wind_target_score,sample,true,export_22050hz_wav_after_spot_check,site_weather_candidate_pool_v0.2,runs/mvp_pool_20260530_001_layer_d_assets_accept_only/assets_wav_22050_mono/wind_primary/wind_primary__wind__site257_215122_005589_005604.wav,wav,site_weather_candidate_promotion_v0.1,22050,1,15.0
site257_4889_006727_006742,113,0.566987,candidate,wind,0.514578,0.050641,wind,0.514578,0.334933,0.514578,0.463936,human_or_machine,0.26452,0.250058,0.55,0.750058,clap_scoring_window,48000,1,15.0,-30.827,-14.106,0.0,true,ready,22050,1,wav,0.55,wind_env_prior,/home/ubuntu/layer_b_site_weather_job/runs/mvp_pool_20260530_001/previews/0204_site257_4889_006727_006742.mp3,/home/ubuntu/layer_b_site_weather_job/runs/mvp_pool_20260530_001/windows_wav/0204_site257_4889_006727_006742.wav,s3://eco-acoustic-data.store.adelaideuni.cloud/dataset/original/site_257_bowra-dry-a/downloaded_clips/site_257_item_4889/site_257_item_4889_clip_023.webm,site_257_item_4889/site_257_item_4889_clip_023.webm,257,4889,4889,2019-10-04T04:00:00.000Z,afternoon,2019-10-04,023,2035865,127.0,6727.0,15.0,0.0,0.0,2.95,3.46,11.15,36.36,,,,,,accept,wind_primary,wind,medium,clear_wind_target_score,sample,true,export_22050hz_wav_after_spot_check,site_weather_candidate_pool_v0.2,runs/mvp_pool_20260530_001_layer_d_assets_accept_only/assets_wav_22050_mono/wind_primary/wind_primary__wind__site257_4889_006727_006742.wav,wav,site_weather_candidate_promotion_v0.1,22050,1,15.0
site257_215103_001580_001595,114,0.561937,candidate,wind,0.51636,0.118024,wind,0.51636,0.344409,0.51636,0.398335,human_or_machine,0.297343,0.219017,0.55,0.719017,clap_scoring_window,48000,1,15.0,-32.838,-14.258,0.0,true,ready,22050,1,wav,0.55,wind_env_prior,/home/ubuntu/layer_b_site_weather_job/runs/mvp_pool_20260530_001/previews/0229_site257_215103_001580_001595.mp3,/home/ubuntu/layer_b_site_weather_job/runs/mvp_pool_20260530_001/windows_wav/0229_site257_215103_001580_001595.wav,s3://eco-acoustic-data.store.adelaideuni.cloud/dataset/original/site_257_bowra-dry-a/downloaded_clips/site_257_item_215103/site_257_item_215103_clip_006.webm,site_257_item_215103/site_257_item_215103_clip_006.webm,257,215103,215103,2019-12-10T22:00:00.000Z,morning,2019-12-11,006,2033308,80.0,1580.0,15.0,0.0,0.0,5.29,4.84,17.24,33.76,,,,,,accept,wind_primary,wind,medium,clear_wind_target_score,sample,true,export_22050hz_wav_after_spot_check,site_weather_candidate_pool_v0.2,runs/mvp_pool_20260530_001_layer_d_assets_accept_only/assets_wav_22050_mono/wind_primary/wind_primary__wind__site257_215103_001580_001595.wav,wav,site_weather_candidate_promotion_v0.1,22050,1,15.0
site257_1401100_000996_001011,116,0.558068,candidate,wind,0.502778,0.074628,wind,0.502778,0.281196,0.502778,0.42815,bird_or_insect,0.258968,0.24381,0.55,0.74381,clap_scoring_window,48000,1,15.0,-24.967,-8.139,0.0,true,ready,22050,1,wav,0.55,wind_env_prior,/home/ubuntu/layer_b_site_weather_job/runs/mvp_pool_20260530_001/previews/0369_site257_1401100_000996_001011.mp3,/home/ubuntu/layer_b_site_weather_job/runs/mvp_pool_20260530_001/windows_wav/0369_site257_1401100_000996_001011.wav,s3://eco-acoustic-data.store.adelaideuni.cloud/dataset/original/site_257_bowra-dry-a/downloaded_clips/site_257_item_1401100/site_257_item_1401100_clip_004.webm,site_257_item_1401100/site_257_item_1401100_clip_004.webm,257,1401100,1401100,2023-11-02T23:41:46.000Z,morning,2023-11-03,004,1280609,96.0,996.0,15.0,0.0,0.0,2.63,3.64,15.2,29.04,,,,,,accept,wind_primary,wind,medium,clear_wind_target_score,sample,true,export_22050hz_wav_after_spot_check,site_weather_candidate_pool_v0.2,runs/mvp_pool_20260530_001_layer_d_assets_accept_only/assets_wav_22050_mono/wind_primary/wind_primary__wind__site257_1401100_000996_001011.wav,wav,site_weather_candidate_promotion_v0.1,22050,1,15.0
site257_215473_006056_006071,117,0.556482,candidate,wind,0.50721,0.167857,wind,0.50721,0.339353,0.50721,0.303706,human_or_machine,0.285733,0.221477,0.55,0.721477,clap_scoring_window,48000,1,15.0,-46.067,-32.247,0.0,true,ready,22050,1,wav,0.55,wind_env_prior,/home/ubuntu/layer_b_site_weather_job/runs/mvp_pool_20260530_001/previews/0258_site257_215473_006056_006071.mp3,/home/ubuntu/layer_b_site_weather_job/runs/mvp_pool_20260530_001/windows_wav/0258_site257_215473_006056_006071.wav,s3://eco-acoustic-data.store.adelaideuni.cloud/dataset/original/site_257_bowra-dry-a/downloaded_clips/site_257_item_215473/site_257_item_215473_clip_021.webm,site_257_item_215473/site_257_item_215473_clip_021.webm,257,215473,215473,2020-01-10T12:00:00.000Z,night,2020-01-10,021,2022194,56.0,6056.0,15.0,0.0,0.0,5.25,8.53,17.65,38.68,,,,,,accept,wind_primary,wind,heavy,clear_wind_target_score,sample,true,export_22050hz_wav_after_spot_check,site_weather_candidate_pool_v0.2,runs/mvp_pool_20260530_001_layer_d_assets_accept_only/assets_wav_22050_mono/wind_primary/wind_primary__wind__site257_215473_006056_006071.wav,wav,site_weather_candidate_promotion_v0.1,22050,1,15.0
site257_1402288_000752_000767,120,0.553849,candidate,wind,0.456677,0.074815,wind,0.456677,0.263656,0.456677,0.381862,bird_or_insect,0.271633,0.185044,0.8,0.685044,clap_scoring_window,48000,1,15.0,-16.982,0.0,0.001772,true,ready,22050,1,wav,0.8,wind_env_prior,/home/ubuntu/layer_b_site_weather_job/runs/mvp_pool_20260530_001/previews/0163_site257_1402288_000752_000767.mp3,/home/ubuntu/layer_b_site_weather_job/runs/mvp_pool_20260530_001/windows_wav/0163_site257_1402288_000752_000767.wav,s3://eco-acoustic-data.store.adelaideuni.cloud/dataset/original/site_257_bowra-dry-a/downloaded_clips/site_257_item_1402288/site_257_item_1402288_clip_003.webm,site_257_item_1402288/site_257_item_1402288_clip_003.webm,257,1402288,1402288,2023-12-25T04:00:00.000Z,afternoon,2023-12-25,003,2102520,152.0,752.0,15.0,0.0,0.0,6.75,6.91,12.05,32.05,,,,,,accept,wind_primary,wind,heavy,clear_wind_target_score,sample,true,export_22050hz_wav_after_spot_check,site_weather_candidate_pool_v0.2,runs/mvp_pool_20260530_001_layer_d_assets_accept_only/assets_wav_22050_mono/wind_primary/wind_primary__wind__site257_1402288_000752_000767.wav,wav,site_weather_candidate_promotion_v0.1,22050,1,15.0
site257_1313184_006451_006466,121,0.550799,candidate,wind,0.455647,0.155363,wind,0.455647,0.300285,0.455647,0.25311,human_or_machine,0.282507,0.17314,0.8,0.67314,clap_scoring_window,48000,1,15.0,-39.187,-20.324,0.0,true,ready,22050,1,wav,0.8,storm_env_prior,/home/ubuntu/layer_b_site_weather_job/runs/mvp_pool_20260530_001/previews/0160_site257_1313184_006451_006466.mp3,/home/ubuntu/layer_b_site_weather_job/runs/mvp_pool_20260530_001/windows_wav/0160_site257_1313184_006451_006466.wav,s3://eco-acoustic-data.store.adelaideuni.cloud/dataset/original/site_257_bowra-dry-a/downloaded_clips/site_257_item_1313184/site_257_item_1313184_clip_022.webm,site_257_item_1313184/site_257_item_1313184_clip_022.webm,257,1313184,1313184,2023-04-28T20:06:08.000Z,dawn,2023-04-29,022,2034348,151.0,6451.0,15.0,5.88,0.06,6.01,4.88,81.07,14.53,,,,,,accept,wind_primary,wind,heavy,clear_wind_target_score,sample,true,export_22050hz_wav_after_spot_check,site_weather_candidate_pool_v0.2,runs/mvp_pool_20260530_001_layer_d_assets_accept_only/assets_wav_22050_mono/wind_primary/wind_primary__wind__site257_1313184_006451_006466.wav,wav,site_weather_candidate_promotion_v0.1,22050,1,15.0
site257_445592_001567_001582,123,0.549441,candidate,wind,0.486775,0.090807,wind,0.486775,0.223227,0.486775,0.395968,human_or_machine,0.234089,0.252687,0.55,0.752687,clap_scoring_window,48000,1,15.0,-32.878,-15.251,0.0,true,ready,22050,1,wav,0.55,wind_env_prior,/home/ubuntu/layer_b_site_weather_job/runs/mvp_pool_20260530_001/previews/0317_site257_445592_001567_001582.mp3,/home/ubuntu/layer_b_site_weather_job/runs/mvp_pool_20260530_001/windows_wav/0317_site257_445592_001567_001582.wav,s3://eco-acoustic-data.store.adelaideuni.cloud/dataset/original/site_257_bowra-dry-a/downloaded_clips/site_257_item_445592/site_257_item_445592_clip_006.webm,site_257_item_445592/site_257_item_445592_clip_006.webm,257,445592,445592,2020-09-04T12:00:00.000Z,night,2020-09-04,006,2034919,67.0,1567.0,15.0,0.0,0.0,2.3,5.72,55.88,15.57,,,,,,accept,wind_primary,wind,medium,clear_wind_target_score,sample,true,export_22050hz_wav_after_spot_check,site_weather_candidate_pool_v0.2,runs/mvp_pool_20260530_001_layer_d_assets_accept_only/assets_wav_22050_mono/wind_primary/wind_primary__wind__site257_445592_001567_001582.wav,wav,site_weather_candidate_promotion_v0.1,22050,1,15.0
site257_216466_002726_002741,124,0.548413,candidate,wind,0.488426,0.21894,wind,0.488426,0.256666,0.488426,0.269487,bird_or_insect,0.246247,0.242179,0.55,0.742179,clap_scoring_window,48000,1,15.0,-29.431,-7.842,0.0,true,ready,22050,1,wav,0.55,wind_env_prior,/home/ubuntu/layer_b_site_weather_job/runs/mvp_pool_20260530_001/previews/0282_site257_216466_002726_002741.mp3,/home/ubuntu/layer_b_site_weather_job/runs/mvp_pool_20260530_001/windows_wav/0282_site257_216466_002726_002741.wav,s3://eco-acoustic-data.store.adelaideuni.cloud/dataset/original/site_257_bowra-dry-a/downloaded_clips/site_257_item_216466/site_257_item_216466_clip_010.webm,site_257_item_216466/site_257_item_216466_clip_010.webm,257,216466,216466,2020-04-03T20:00:00.000Z,dawn,2020-04-04,010,2082908,26.0,2726.0,15.0,0.0,28.54,4.18,7.53,84.86,14.24,,,,,,accept,wind_primary,wind,heavy,clear_wind_target_score,sample,true,export_22050hz_wav_after_spot_check,site_weather_candidate_pool_v0.2,runs/mvp_pool_20260530_001_layer_d_assets_accept_only/assets_wav_22050_mono/wind_primary/wind_primary__wind__site257_216466_002726_002741.wav,wav,site_weather_candidate_promotion_v0.1,22050,1,15.0
site257_4881_003392_003407,126,0.546485,candidate,wind,0.501669,0.184188,wind,0.501669,0.317481,0.501669,0.302377,bird_or_insect,0.312169,0.1895,0.55,0.6895,clap_scoring_window,48000,1,15.0,-39.489,-18.994,0.0,true,ready,22050,1,wav,0.55,wind_env_prior,/home/ubuntu/layer_b_site_weather_job/runs/mvp_pool_20260530_001/previews/0197_site257_4881_003392_003407.mp3,/home/ubuntu/layer_b_site_weather_job/runs/mvp_pool_20260530_001/windows_wav/0197_site257_4881_003392_003407.wav,s3://eco-acoustic-data.store.adelaideuni.cloud/dataset/original/site_257_bowra-dry-a/downloaded_clips/site_257_item_4881/site_257_item_4881_clip_012.webm,site_257_item_4881/site_257_item_4881_clip_012.webm,257,4881,4881,2019-10-03T20:00:00.000Z,dawn,2019-10-04,012,2047653,92.0,3392.0,15.0,0.0,0.0,2.1,4.1,33.1,17.74,,,,,,accept,wind_primary,wind,medium,clear_wind_target_score,sample,true,export_22050hz_wav_after_spot_check,site_weather_candidate_pool_v0.2,runs/mvp_pool_20260530_001_layer_d_assets_accept_only/assets_wav_22050_mono/wind_primary/wind_primary__wind__site257_4881_003392_003407.wav,wav,site_weather_candidate_promotion_v0.1,22050,1,15.0
site257_214836_002316_002331,127,0.545988,candidate,wind,0.500683,0.210775,wind,0.500683,0.289908,0.500683,0.274892,bird_or_insect,0.31046,0.190223,0.55,0.690223,clap_scoring_window,48000,1,15.0,-32.808,-16.598,0.0,true,ready,22050,1,wav,0.55,wind_env_prior,/home/ubuntu/layer_b_site_weather_job/runs/mvp_pool_20260530_001/previews/0220_site257_214836_002316_002331.mp3,/home/ubuntu/layer_b_site_weather_job/runs/mvp_pool_20260530_001/windows_wav/0220_site257_214836_002316_002331.wav,s3://eco-acoustic-data.store.adelaideuni.cloud/dataset/original/site_257_bowra-dry-a/downloaded_clips/site_257_item_214836/site_257_item_214836_clip_008.webm,site_257_item_214836/site_257_item_214836_clip_008.webm,257,214836,214836,2019-11-17T22:00:00.000Z,morning,2019-11-18,008,2044043,216.0,2316.0,15.0,0.0,0.0,2.65,5.89,18.16,23.85,,,,,,accept,wind_primary,wind,medium,clear_wind_target_score,sample,true,export_22050hz_wav_after_spot_check,site_weather_candidate_pool_v0.2,runs/mvp_pool_20260530_001_layer_d_assets_accept_only/assets_wav_22050_mono/wind_primary/wind_primary__wind__site257_214836_002316_002331.wav,wav,site_weather_candidate_promotion_v0.1,22050,1,15.0
site257_445592_006342_006357,131,0.541096,candidate,wind,0.485833,0.112931,wind,0.485833,0.304663,0.485833,0.372902,human_or_machine,0.271812,0.214021,0.55,0.714021,clap_scoring_window,48000,1,15.0,-34.715,-15.33,0.0,true,ready,22050,1,wav,0.55,wind_env_prior,/home/ubuntu/layer_b_site_weather_job/runs/mvp_pool_20260530_001/previews/0316_site257_445592_006342_006357.mp3,/home/ubuntu/layer_b_site_weather_job/runs/mvp_pool_20260530_001/windows_wav/0316_site257_445592_006342_006357.wav,s3://eco-acoustic-data.store.adelaideuni.cloud/dataset/original/site_257_bowra-dry-a/downloaded_clips/site_257_item_445592/site_257_item_445592_clip_022.webm,site_257_item_445592/site_257_item_445592_clip_022.webm,257,445592,445592,2020-09-04T12:00:00.000Z,night,2020-09-04,022,2040958,42.0,6342.0,15.0,0.0,0.0,2.3,5.72,55.88,15.57,,,,,,accept,wind_primary,wind,medium,clear_wind_target_score,sample,true,export_22050hz_wav_after_spot_check,site_weather_candidate_pool_v0.2,runs/mvp_pool_20260530_001_layer_d_assets_accept_only/assets_wav_22050_mono/wind_primary/wind_primary__wind__site257_445592_006342_006357.wav,wav,site_weather_candidate_promotion_v0.1,22050,1,15.0
site257_1401564_006213_006228,132,0.540814,candidate,wind,0.492595,0.126553,wind,0.492595,0.297767,0.492595,0.366041,human_or_machine,0.301955,0.190639,0.55,0.690639,clap_scoring_window,48000,1,15.0,-31.247,-12.688,0.0,true,ready,22050,1,wav,0.55,wind_env_prior,/home/ubuntu/layer_b_site_weather_job/runs/mvp_pool_20260530_001/previews/0366_site257_1401564_006213_006228.mp3,/home/ubuntu/layer_b_site_weather_job/runs/mvp_pool_20260530_001/windows_wav/0366_site257_1401564_006213_006228.wav,s3://eco-acoustic-data.store.adelaideuni.cloud/dataset/original/site_257_bowra-dry-a/downloaded_clips/site_257_item_1401564/site_257_item_1401564_clip_021.webm,site_257_item_1401564/site_257_item_1401564_clip_021.webm,257,1401564,1401564,2023-10-22T22:00:00.000Z,morning,2023-10-23,021,2036802,213.0,6213.0,15.0,0.0,0.0,2.7,5.25,31.83,21.26,,,,,,accept,wind_primary,wind,medium,clear_wind_target_score,sample,true,export_22050hz_wav_after_spot_check,site_weather_candidate_pool_v0.2,runs/mvp_pool_20260530_001_layer_d_assets_accept_only/assets_wav_22050_mono/wind_primary/wind_primary__wind__site257_1401564_006213_006228.wav,wav,site_weather_candidate_promotion_v0.1,22050,1,15.0
site257_215467_001004_001019,134,0.538566,candidate,wind,0.492052,0.084609,wind,0.492052,0.286538,0.492052,0.407442,bird_or_insect,0.310888,0.181163,0.55,0.681163,clap_scoring_window,48000,1,15.0,-26.94,-9.765,0.0,true,ready,22050,1,wav,0.55,wind_env_prior,/home/ubuntu/layer_b_site_weather_job/runs/mvp_pool_20260530_001/previews/0250_site257_215467_001004_001019.mp3,/home/ubuntu/layer_b_site_weather_job/runs/mvp_pool_20260530_001/windows_wav/0250_site257_215467_001004_001019.wav,s3://eco-acoustic-data.store.adelaideuni.cloud/dataset/original/site_257_bowra-dry-a/downloaded_clips/site_257_item_215467/site_257_item_215467_clip_004.webm,site_257_item_215467/site_257_item_215467_clip_004.webm,257,215467,215467,2020-01-09T20:00:00.000Z,dawn,2020-01-10,004,2038995,104.0,1004.0,15.0,0.0,0.0,4.05,3.62,21.87,33.36,,,,,,accept,wind_primary,wind,medium,clear_wind_target_score,sample,true,export_22050hz_wav_after_spot_check,site_weather_candidate_pool_v0.2,runs/mvp_pool_20260530_001_layer_d_assets_accept_only/assets_wav_22050_mono/wind_primary/wind_primary__wind__site257_215467_001004_001019.wav,wav,site_weather_candidate_promotion_v0.1,22050,1,15.0
site257_1400024_002245_002260,135,0.537084,candidate,wind,0.491443,0.116393,wind,0.491443,0.282966,0.491443,0.375049,bird_or_insect,0.315712,0.17573,0.55,0.67573,clap_scoring_window,48000,1,15.0,-34.654,-18.631,0.0,true,ready,22050,1,wav,0.55,wind_env_prior,/home/ubuntu/layer_b_site_weather_job/runs/mvp_pool_20260530_001/previews/0350_site257_1400024_002245_002260.mp3,/home/ubuntu/layer_b_site_weather_job/runs/mvp_pool_20260530_001/windows_wav/0350_site257_1400024_002245_002260.wav,s3://eco-acoustic-data.store.adelaideuni.cloud/dataset/original/site_257_bowra-dry-a/downloaded_clips/site_257_item_1400024/site_257_item_1400024_clip_008.webm,site_257_item_1400024/site_257_item_1400024_clip_008.webm,257,1400024,1400024,2023-09-28T04:00:00.000Z,afternoon,2023-09-28,008,2051232,145.0,2245.0,15.0,0.0,0.0,4.19,4.3,10.53,30.79,,,,,,accept,wind_primary,wind,medium,clear_wind_target_score,sample,true,export_22050hz_wav_after_spot_check,site_weather_candidate_pool_v0.2,runs/mvp_pool_20260530_001_layer_d_assets_accept_only/assets_wav_22050_mono/wind_primary/wind_primary__wind__site257_1400024_002245_002260.wav,wav,site_weather_candidate_promotion_v0.1,22050,1,15.0
site257_445759_000655_000670,137,0.534924,candidate,wind,0.481191,0.112736,wind,0.481191,0.368456,0.481191,0.2369,bird_or_insect,0.282943,0.198249,0.55,0.698249,clap_scoring_window,48000,1,15.0,-36.521,-23.335,0.0,true,ready,22050,1,wav,0.55,wind_env_prior,/home/ubuntu/layer_b_site_weather_job/runs/mvp_pool_20260530_001/previews/0321_site257_445759_000655_000670.mp3,/home/ubuntu/layer_b_site_weather_job/runs/mvp_pool_20260530_001/windows_wav/0321_site257_445759_000655_000670.wav,s3://eco-acoustic-data.store.adelaideuni.cloud/dataset/original/site_257_bowra-dry-a/downloaded_clips/site_257_item_445759/site_257_item_445759_clip_003.webm,site_257_item_445759/site_257_item_445759_clip_003.webm,257,445759,445759,2020-09-18T20:00:00.000Z,dawn,2020-09-19,003,2076917,55.0,655.0,15.0,0.0,0.0,5.45,6.26,58.81,18.71,,,,,,accept,wind_primary,wind,heavy,clear_wind_target_score,sample,true,export_22050hz_wav_after_spot_check,site_weather_candidate_pool_v0.2,runs/mvp_pool_20260530_001_layer_d_assets_accept_only/assets_wav_22050_mono/wind_primary/wind_primary__wind__site257_445759_000655_000670.wav,wav,site_weather_candidate_promotion_v0.1,22050,1,15.0
site257_215192_001929_001944,138,0.534646,candidate,wind,0.476187,0.159016,wind,0.476187,0.300213,0.476187,0.317171,human_or_machine,0.263068,0.21312,0.55,0.71312,clap_scoring_window,48000,1,15.0,-37.559,-22.483,0.0,true,ready,22050,1,wav,0.55,wind_env_prior,/home/ubuntu/layer_b_site_weather_job/runs/mvp_pool_20260530_001/previews/0238_site257_215192_001929_001944.mp3,/home/ubuntu/layer_b_site_weather_job/runs/mvp_pool_20260530_001/windows_wav/0238_site257_215192_001929_001944.wav,s3://eco-acoustic-data.store.adelaideuni.cloud/dataset/original/site_257_bowra-dry-a/downloaded_clips/site_257_item_215192/site_257_item_215192_clip_007.webm,site_257_item_215192/site_257_item_215192_clip_007.webm,257,215192,215192,2019-12-16T20:00:00.000Z,dawn,2019-12-17,007,2022269,129.0,1929.0,15.0,0.0,0.0,4.28,5.98,29.41,24.57,,,,,,accept,wind_primary,wind,medium,clear_wind_target_score,sample,true,export_22050hz_wav_after_spot_check,site_weather_candidate_pool_v0.2,runs/mvp_pool_20260530_001_layer_d_assets_accept_only/assets_wav_22050_mono/wind_primary/wind_primary__wind__site257_215192_001929_001944.wav,wav,site_weather_candidate_promotion_v0.1,22050,1,15.0
site257_445765_000540_000555,141,0.532499,candidate,wind,0.434169,0.195717,wind,0.434169,0.238452,0.434169,0.218923,bird_or_insect,0.282722,0.151447,0.8,0.651447,clap_scoring_window,48000,1,15.0,-25.256,-4.811,0.0,true,ready,22050,1,wav,0.8,wind_env_prior,/home/ubuntu/layer_b_site_weather_job/runs/mvp_pool_20260530_001/previews/0156_site257_445765_000540_000555.mp3,/home/ubuntu/layer_b_site_weather_job/runs/mvp_pool_20260530_001/windows_wav/0156_site257_445765_000540_000555.wav,s3://eco-acoustic-data.store.adelaideuni.cloud/dataset/original/site_257_bowra-dry-a/downloaded_clips/site_257_item_445765/site_257_item_445765_clip_002.webm,site_257_item_445765/site_257_item_445765_clip_002.webm,257,445765,445765,2020-09-18T22:00:00.000Z,morning,2020-09-19,002,2063849,240.0,540.0,15.0,0.0,0.0,7.04,6.26,57.36,20.85,,,,,,accept,wind_primary,wind,heavy,clear_wind_target_score,sample,true,export_22050hz_wav_after_spot_check,site_weather_candidate_pool_v0.2,runs/mvp_pool_20260530_001_layer_d_assets_accept_only/assets_wav_22050_mono/wind_primary/wind_primary__wind__site257_445765_000540_000555.wav,wav,site_weather_candidate_promotion_v0.1,22050,1,15.0
site257_215122_003988_004003,142,0.529591,candidate,wind,0.477048,0.155405,wind,0.477048,0.309422,0.477048,0.321644,human_or_machine,0.291999,0.185049,0.55,0.685049,clap_scoring_window,48000,1,15.0,-41.296,-26.592,0.0,true,ready,22050,1,wav,0.55,wind_env_prior,/home/ubuntu/layer_b_site_weather_job/runs/mvp_pool_20260530_001/previews/0236_site257_215122_003988_004003.mp3,/home/ubuntu/layer_b_site_weather_job/runs/mvp_pool_20260530_001/windows_wav/0236_site257_215122_003988_004003.wav,s3://eco-acoustic-data.store.adelaideuni.cloud/dataset/original/site_257_bowra-dry-a/downloaded_clips/site_257_item_215122/site_257_item_215122_clip_014.webm,site_257_item_215122/site_257_item_215122_clip_014.webm,257,215122,215122,2019-12-11T12:00:00.000Z,night,2019-12-11,014,2023934,88.0,3988.0,15.0,0.0,0.0,4.34,5.7,14.14,28.04,,,,,,accept,wind_primary,wind,medium,clear_wind_target_score,sample,true,export_22050hz_wav_after_spot_check,site_weather_candidate_pool_v0.2,runs/mvp_pool_20260530_001_layer_d_assets_accept_only/assets_wav_22050_mono/wind_primary/wind_primary__wind__site257_215122_003988_004003.wav,wav,site_weather_candidate_promotion_v0.1,22050,1,15.0
site257_445532_000402_000417,143,0.528311,candidate,wind,0.466204,0.18031,wind,0.466204,0.285894,0.466204,0.261267,bird_or_insect,0.252312,0.213893,0.55,0.713893,clap_scoring_window,48000,1,15.0,-36.98,-19.082,0.0,true,ready,22050,1,wav,0.55,wind_env_prior,/home/ubuntu/layer_b_site_weather_job/runs/mvp_pool_20260530_001/previews/0308_site257_445532_000402_000417.mp3,/home/ubuntu/layer_b_site_weather_job/runs/mvp_pool_20260530_001/windows_wav/0308_site257_445532_000402_000417.wav,s3://eco-acoustic-data.store.adelaideuni.cloud/dataset/original/site_257_bowra-dry-a/downloaded_clips/site_257_item_445532/site_257_item_445532_clip_002.webm,site_257_item_445532/site_257_item_445532_clip_002.webm,257,445532,445532,2020-08-31T04:00:00.000Z,afternoon,2020-08-31,002,2048472,102.0,402.0,15.0,0.0,0.0,4.72,4.77,31.52,22.63,,,,,,accept,wind_primary,wind,medium,clear_wind_target_score,sample,true,export_22050hz_wav_after_spot_check,site_weather_candidate_pool_v0.2,runs/mvp_pool_20260530_001_layer_d_assets_accept_only/assets_wav_22050_mono/wind_primary/wind_primary__wind__site257_445532_000402_000417.wav,wav,site_weather_candidate_promotion_v0.1,22050,1,15.0
site257_1399612_001738_001753,146,0.524898,candidate,wind,0.477864,0.077499,wind,0.477864,0.360015,0.477864,0.400365,human_or_machine,0.318931,0.158934,0.55,0.658934,clap_scoring_window,48000,1,15.0,-36.443,-21.595,0.0,true,ready,22050,1,wav,0.55,wind_env_prior,/home/ubuntu/layer_b_site_weather_job/runs/mvp_pool_20260530_001/previews/0341_site257_1399612_001738_001753.mp3,/home/ubuntu/layer_b_site_weather_job/runs/mvp_pool_20260530_001/windows_wav/0341_site257_1399612_001738_001753.wav,s3://eco-acoustic-data.store.adelaideuni.cloud/dataset/original/site_257_bowra-dry-a/downloaded_clips/site_257_item_1399612/site_257_item_1399612_clip_006.webm,site_257_item_1399612/site_257_item_1399612_clip_006.webm,257,1399612,1399612,2023-09-12T03:26:00.000Z,afternoon,2023-09-12,006,2042311,238.0,1738.0,15.0,0.0,0.0,2.04,3.13,15.22,26.96,,,,,,accept,wind_primary,wind,medium,clear_wind_target_score,sample,true,export_22050hz_wav_after_spot_check,site_weather_candidate_pool_v0.2,runs/mvp_pool_20260530_001_layer_d_assets_accept_only/assets_wav_22050_mono/wind_primary/wind_primary__wind__site257_1399612_001738_001753.wav,wav,site_weather_candidate_promotion_v0.1,22050,1,15.0
site257_214837_001286_001301,147,0.524655,candidate,wind,0.465766,0.174952,wind,0.465766,0.252122,0.465766,0.290814,human_or_machine,0.268727,0.197039,0.55,0.697039,clap_scoring_window,48000,1,15.0,-40.246,-20.79,0.0,true,ready,22050,1,wav,0.55,wind_env_prior,/home/ubuntu/layer_b_site_weather_job/runs/mvp_pool_20260530_001/previews/0224_site257_214837_001286_001301.mp3,/home/ubuntu/layer_b_site_weather_job/runs/mvp_pool_20260530_001/windows_wav/0224_site257_214837_001286_001301.wav,s3://eco-acoustic-data.store.adelaideuni.cloud/dataset/original/site_257_bowra-dry-a/downloaded_clips/site_257_item_214837/site_257_item_214837_clip_005.webm,site_257_item_214837/site_257_item_214837_clip_005.webm,257,214837,214837,2019-11-18T04:00:00.000Z,afternoon,2019-11-18,005,2032520,86.0,1286.0,15.0,0.0,0.0,2.47,2.91,11.19,32.8,,,,,,accept,wind_primary,wind,light,clear_wind_target_score,sample,true,export_22050hz_wav_after_spot_check,site_weather_candidate_pool_v0.2,runs/mvp_pool_20260530_001_layer_d_assets_accept_only/assets_wav_22050_mono/wind_primary/wind_primary__wind__site257_214837_001286_001301.wav,wav,site_weather_candidate_promotion_v0.1,22050,1,15.0
site257_445582_006338_006353,149,0.521675,candidate,wind,0.471619,0.208241,wind,0.471619,0.244713,0.471619,0.263378,bird_or_insect,0.30851,0.16311,0.55,0.66311,clap_scoring_window,48000,1,15.0,-33.491,-12.542,0.0,true,ready,22050,1,wav,0.55,wind_env_prior,/home/ubuntu/layer_b_site_weather_job/runs/mvp_pool_20260530_001/previews/0315_site257_445582_006338_006353.mp3,/home/ubuntu/layer_b_site_weather_job/runs/mvp_pool_20260530_001/windows_wav/0315_site257_445582_006338_006353.wav,s3://eco-acoustic-data.store.adelaideuni.cloud/dataset/original/site_257_bowra-dry-a/downloaded_clips/site_257_item_445582/site_257_item_445582_clip_022.webm,site_257_item_445582/site_257_item_445582_clip_022.webm,257,445582,445582,2020-09-04T04:00:00.000Z,afternoon,2020-09-04,022,2043504,38.0,6338.0,15.0,0.0,0.0,5.65,5.72,23.86,29.4,,,,,,accept,wind_primary,wind,medium,clear_wind_target_score,sample,true,export_22050hz_wav_after_spot_check,site_weather_candidate_pool_v0.2,runs/mvp_pool_20260530_001_layer_d_assets_accept_only/assets_wav_22050_mono/wind_primary/wind_primary__wind__site257_445582_006338_006353.wav,wav,site_weather_candidate_promotion_v0.1,22050,1,15.0
site257_214836_002021_002036,151,0.519951,candidate,wind,0.461867,0.053416,wind,0.461867,0.268602,0.461867,0.408451,bird_or_insect,0.275678,0.186189,0.55,0.686189,clap_scoring_window,48000,1,15.0,-25.61,-8.575,0.0,true,ready,22050,1,wav,0.55,wind_env_prior,/home/ubuntu/layer_b_site_weather_job/runs/mvp_pool_20260530_001/previews/0221_site257_214836_002021_002036.mp3,/home/ubuntu/layer_b_site_weather_job/runs/mvp_pool_20260530_001/windows_wav/0221_site257_214836_002021_002036.wav,s3://eco-acoustic-data.store.adelaideuni.cloud/dataset/original/site_257_bowra-dry-a/downloaded_clips/site_257_item_214836/site_257_item_214836_clip_007.webm,site_257_item_214836/site_257_item_214836_clip_007.webm,257,214836,214836,2019-11-17T22:00:00.000Z,morning,2019-11-18,007,2030304,221.0,2021.0,15.0,0.0,0.0,2.65,5.89,18.16,23.85,,,,,,accept,wind_primary,wind,medium,clear_wind_target_score,sample,true,export_22050hz_wav_after_spot_check,site_weather_candidate_pool_v0.2,runs/mvp_pool_20260530_001_layer_d_assets_accept_only/assets_wav_22050_mono/wind_primary/wind_primary__wind__site257_214836_002021_002036.wav,wav,site_weather_candidate_promotion_v0.1,22050,1,15.0
site257_445592_004519_004534,153,0.515124,candidate,wind,0.462552,0.15468,wind,0.462552,0.27636,0.462552,0.307871,human_or_machine,0.302727,0.159825,0.55,0.659825,clap_scoring_window,48000,1,15.0,-37.397,-18.555,0.0,true,ready,22050,1,wav,0.55,wind_env_prior,/home/ubuntu/layer_b_site_weather_job/runs/mvp_pool_20260530_001/previews/0318_site257_445592_004519_004534.mp3,/home/ubuntu/layer_b_site_weather_job/runs/mvp_pool_20260530_001/windows_wav/0318_site257_445592_004519_004534.wav,s3://eco-acoustic-data.store.adelaideuni.cloud/dataset/original/site_257_bowra-dry-a/downloaded_clips/site_257_item_445592/site_257_item_445592_clip_016.webm,site_257_item_445592/site_257_item_445592_clip_016.webm,257,445592,445592,2020-09-04T12:00:00.000Z,night,2020-09-04,016,2024642,19.0,4519.0,15.0,0.0,0.0,2.3,5.72,55.88,15.57,,,,,,accept,wind_primary,wind,medium,clear_wind_target_score,sample,true,export_22050hz_wav_after_spot_check,site_weather_candidate_pool_v0.2,runs/mvp_pool_20260530_001_layer_d_assets_accept_only/assets_wav_22050_mono/wind_primary/wind_primary__wind__site257_445592_004519_004534.wav,wav,site_weather_candidate_promotion_v0.1,22050,1,15.0
site257_215103_005685_005700,154,0.515036,candidate,wind,0.463574,0.116977,wind,0.463574,0.317749,0.463574,0.346597,human_or_machine,0.307508,0.156065,0.55,0.656065,clap_scoring_window,48000,1,15.0,-34.809,-17.166,0.0,true,ready,22050,1,wav,0.55,wind_env_prior,/home/ubuntu/layer_b_site_weather_job/runs/mvp_pool_20260530_001/previews/0230_site257_215103_005685_005700.mp3,/home/ubuntu/layer_b_site_weather_job/runs/mvp_pool_20260530_001/windows_wav/0230_site257_215103_005685_005700.wav,s3://eco-acoustic-data.store.adelaideuni.cloud/dataset/original/site_257_bowra-dry-a/downloaded_clips/site_257_item_215103/site_257_item_215103_clip_019.webm,site_257_item_215103/site_257_item_215103_clip_019.webm,257,215103,215103,2019-12-10T22:00:00.000Z,morning,2019-12-11,019,2025519,285.0,5685.0,15.0,0.0,0.0,5.29,4.84,17.24,33.76,,,,,,accept,wind_primary,wind,medium,clear_wind_target_score,sample,true,export_22050hz_wav_after_spot_check,site_weather_candidate_pool_v0.2,runs/mvp_pool_20260530_001_layer_d_assets_accept_only/assets_wav_22050_mono/wind_primary/wind_primary__wind__site257_215103_005685_005700.wav,wav,site_weather_candidate_promotion_v0.1,22050,1,15.0
site257_445759_005150_005165,157,0.512905,candidate,wind,0.456853,0.167131,wind,0.456853,0.289722,0.456853,0.167232,bird_or_insect,0.289599,0.167253,0.55,0.667253,clap_scoring_window,48000,1,15.0,-32.628,-17.278,0.0,true,ready,22050,1,wav,0.55,wind_env_prior,/home/ubuntu/layer_b_site_weather_job/runs/mvp_pool_20260530_001/previews/0320_site257_445759_005150_005165.mp3,/home/ubuntu/layer_b_site_weather_job/runs/mvp_pool_20260530_001/windows_wav/0320_site257_445759_005150_005165.wav,s3://eco-acoustic-data.store.adelaideuni.cloud/dataset/original/site_257_bowra-dry-a/downloaded_clips/site_257_item_445759/site_257_item_445759_clip_018.webm,site_257_item_445759/site_257_item_445759_clip_018.webm,257,445759,445759,2020-09-18T20:00:00.000Z,dawn,2020-09-19,018,2078861,50.0,5150.0,15.0,0.0,0.0,5.45,6.26,58.81,18.71,,,,,,accept,wind_primary,wind,heavy,clear_wind_target_score,sample,true,export_22050hz_wav_after_spot_check,site_weather_candidate_pool_v0.2,runs/mvp_pool_20260530_001_layer_d_assets_accept_only/assets_wav_22050_mono/wind_primary/wind_primary__wind__site257_445759_005150_005165.wav,wav,site_weather_candidate_promotion_v0.1,22050,1,15.0
site257_1400378_001111_001126,159,0.511607,candidate,wind,0.449495,0.127874,wind,0.449495,0.321621,0.449495,0.302862,human_or_machine,0.264821,0.184674,0.55,0.684674,clap_scoring_window,48000,1,15.0,-35.525,-19.986,0.0,true,ready,22050,1,wav,0.55,wind_env_prior,/home/ubuntu/layer_b_site_weather_job/runs/mvp_pool_20260530_001/previews/0355_site257_1400378_001111_001126.mp3,/home/ubuntu/layer_b_site_weather_job/runs/mvp_pool_20260530_001/windows_wav/0355_site257_1400378_001111_001126.wav,s3://eco-acoustic-data.store.adelaideuni.cloud/dataset/original/site_257_bowra-dry-a/downloaded_clips/site_257_item_1400378/site_257_item_1400378_clip_004.webm,site_257_item_1400378/site_257_item_1400378_clip_004.webm,257,1400378,1400378,2023-10-05T23:39:44.000Z,morning,2023-10-06,004,2037417,211.0,1111.0,15.0,0.0,0.0,4.13,4.86,33.23,20.09,,,,,,accept,wind_primary,wind,medium,clear_wind_target_score,sample,true,export_22050hz_wav_after_spot_check,site_weather_candidate_pool_v0.2,runs/mvp_pool_20260530_001_layer_d_assets_accept_only/assets_wav_22050_mono/wind_primary/wind_primary__wind__site257_1400378_001111_001126.wav,wav,site_weather_candidate_promotion_v0.1,22050,1,15.0
