frequency_hz,mean_psd_db,std_psd_db
0.0,-48.38832092285156,11.052827835083008
10.7666015625,-47.56623840332031,12.261037826538086
21.533203125,-49.580909729003906,14.547304153442383
32.2998046875,-51.79698181152344,14.701793670654297
43.06640625,-53.238380432128906,14.479934692382812
53.8330078125,-54.08768844604492,13.994413375854492
64.599609375,-54.6020622253418,13.40742301940918
75.3662109375,-55.00483703613281,12.90477180480957
86.1328125,-55.644351959228516,12.431251525878906
96.8994140625,-55.99407958984375,11.756486892700195
107.666015625,-56.366416931152344,11.753230094909668
118.4326171875,-56.31006622314453,11.277626037597656
129.19921875,-56.66590881347656,10.88921070098877
139.9658203125,-57.41289520263672,10.963483810424805
150.732421875,-57.5672607421875,10.826775550842285
161.4990234375,-57.45106887817383,10.675176620483398
172.265625,-57.66086959838867,10.393821716308594
183.0322265625,-58.27255630493164,10.28264045715332
193.798828125,-58.57646179199219,10.2072172164917
204.5654296875,-58.53003692626953,9.889761924743652
215.33203125,-58.82536315917969,9.589874267578125
226.0986328125,-59.37009048461914,9.572352409362793
236.865234375,-59.64094543457031,9.569443702697754
247.6318359375,-59.83005905151367,9.363636016845703
258.3984375,-59.75923538208008,9.19787883758545
269.1650390625,-59.73113250732422,9.057957649230957
279.931640625,-59.89274215698242,9.051630020141602
290.6982421875,-60.01245880126953,8.800204277038574
301.46484375,-60.059326171875,8.653158187866211
312.2314453125,-60.11030578613281,8.528336524963379
322.998046875,-60.17947769165039,8.524109840393066
333.7646484375,-60.15866470336914,8.585001945495605
344.53125,-60.09043502807617,8.539484024047852
355.2978515625,-60.01021957397461,8.497530937194824
366.064453125,-60.03504943847656,8.310747146606445
376.8310546875,-59.94023895263672,8.010889053344727
387.59765625,-59.64071273803711,8.080761909484863
398.3642578125,-59.38511276245117,8.190592765808105
409.130859375,-58.98922348022461,8.270892143249512
419.8974609375,-58.51345443725586,8.373285293579102
430.6640625,-58.02149963378906,8.30226993560791
441.4306640625,-58.19337844848633,8.383862495422363
452.197265625,-58.58731460571289,8.64473819732666
462.9638671875,-58.69805908203125,8.68221378326416
473.73046875,-58.52415466308594,8.7144193649292
484.4970703125,-58.13278579711914,8.893319129943848
495.263671875,-57.48246383666992,9.085177421569824
506.0302734375,-56.98113250732422,9.005739212036133
516.796875,-56.6723518371582,8.668882369995117
527.5634765625,-56.66534423828125,8.428224563598633
538.330078125,-56.94463348388672,8.360048294067383
549.0966796875,-57.08521270751953,8.30465316772461
559.86328125,-57.12282943725586,8.325505256652832
570.6298828125,-57.26447296142578,8.367019653320312
581.396484375,-57.56906509399414,8.261905670166016
592.1630859375,-57.85002899169922,8.207833290100098
602.9296875,-58.38693618774414,8.221163749694824
613.6962890625,-58.92323303222656,8.240694999694824
624.462890625,-59.14902114868164,8.226144790649414
635.2294921875,-59.23750305175781,8.330811500549316
645.99609375,-59.16902542114258,8.583600997924805
656.7626953125,-59.18936538696289,8.703672409057617
667.529296875,-59.25431442260742,8.6869535446167
678.2958984375,-59.24709701538086,8.61634635925293
689.0625,-59.19078063964844,8.530214309692383
699.8291015625,-59.07826614379883,8.412656784057617
710.595703125,-58.91506576538086,8.461747169494629
721.3623046875,-58.94919967651367,8.590767860412598
732.12890625,-58.79715347290039,8.6570463180542
742.8955078125,-58.56827926635742,8.745027542114258
753.662109375,-58.46986770629883,8.790377616882324
764.4287109375,-58.26451110839844,8.730864524841309
775.1953125,-58.11507797241211,8.691243171691895
785.9619140625,-58.24943161010742,8.720393180847168
796.728515625,-58.54124450683594,8.683223724365234
807.4951171875,-58.72784423828125,8.849839210510254
818.26171875,-58.99845504760742,8.97996997833252
829.0283203125,-59.29117202758789,8.837980270385742
839.794921875,-59.41468811035156,8.707955360412598
850.5615234375,-59.56564712524414,8.771156311035156
861.328125,-59.66471481323242,8.951459884643555
872.0947265625,-59.620361328125,9.186917304992676
882.861328125,-59.44404602050781,9.253852844238281
893.6279296875,-59.50210189819336,9.20273494720459
904.39453125,-59.68644714355469,9.292304992675781
915.1611328125,-59.91104507446289,9.332277297973633
925.927734375,-59.81830596923828,9.203169822692871
936.6943359375,-59.67054748535156,9.061417579650879
947.4609375,-59.66073989868164,9.16415023803711
958.2275390625,-59.74987030029297,9.264716148376465
968.994140625,-59.81576919555664,9.276123046875
979.7607421875,-59.85060119628906,9.311745643615723
990.52734375,-59.91087341308594,9.311811447143555
1001.2939453125,-60.00765609741211,9.237028121948242
1012.060546875,-60.17449188232422,9.339845657348633
1022.8271484375,-60.41865921020508,9.436271667480469
1033.59375,-60.76683807373047,9.476507186889648
1044.3603515625,-60.95400619506836,9.52304744720459
1055.126953125,-61.14356231689453,9.421533584594727
1065.8935546875,-61.34198760986328,9.325393676757812
1076.66015625,-61.44546890258789,9.283731460571289
1087.4267578125,-61.52992248535156,9.280335426330566
1098.193359375,-61.57958221435547,9.30354118347168
1108.9599609375,-61.63676452636719,9.226126670837402
1119.7265625,-61.77190399169922,9.214547157287598
1130.4931640625,-61.96570587158203,9.130128860473633
1141.259765625,-62.02054214477539,8.979334831237793
1152.0263671875,-62.18812942504883,9.006430625915527
1162.79296875,-62.28777313232422,9.15982723236084
1173.5595703125,-62.47575378417969,9.234524726867676
1184.326171875,-62.69152069091797,9.215408325195312
1195.0927734375,-62.96776580810547,9.186844825744629
1205.859375,-63.28965759277344,9.12871265411377
1216.6259765625,-63.46976852416992,9.084257125854492
1227.392578125,-63.55018997192383,9.120898246765137
1238.1591796875,-63.63555908203125,9.19823932647705
1248.92578125,-63.77327346801758,9.172584533691406
1259.6923828125,-63.96017837524414,9.156194686889648
1270.458984375,-64.17053985595703,9.127638816833496
1281.2255859375,-64.29889678955078,9.159090995788574
1291.9921875,-64.40418243408203,9.108991622924805
1302.7587890625,-64.52054595947266,9.096515655517578
1313.525390625,-64.73307037353516,9.136625289916992
1324.2919921875,-65.11312103271484,9.034536361694336
1335.05859375,-65.46653747558594,9.022052764892578
1345.8251953125,-65.75067901611328,8.976189613342285
1356.591796875,-65.78575897216797,8.95815658569336
1367.3583984375,-65.76107025146484,8.949832916259766
1378.125,-65.69385528564453,9.045647621154785
1388.8916015625,-65.69050598144531,9.111580848693848
1399.658203125,-65.6325454711914,9.15610408782959
1410.4248046875,-65.59406280517578,9.269957542419434
1421.19140625,-65.62094116210938,9.313323974609375
1431.9580078125,-65.71376037597656,9.214958190917969
1442.724609375,-65.87551879882812,9.165525436401367
1453.4912109375,-65.90077209472656,9.179483413696289
1464.2578125,-65.866943359375,9.186420440673828
1475.0244140625,-65.8797836303711,9.130162239074707
1485.791015625,-65.96360778808594,9.07137393951416
1496.5576171875,-65.92755126953125,9.063124656677246
1507.32421875,-65.93135070800781,9.089929580688477
1518.0908203125,-65.86392211914062,9.096606254577637
1528.857421875,-65.65034484863281,9.16075325012207
1539.6240234375,-65.46107482910156,9.244562149047852
1550.390625,-65.42158508300781,9.33492660522461
1561.1572265625,-65.45870971679688,9.351944923400879
1571.923828125,-65.52005004882812,9.28793716430664
1582.6904296875,-65.49874877929688,9.164624214172363
1593.45703125,-65.5177993774414,9.121088027954102
1604.2236328125,-65.46414184570312,9.207088470458984
1614.990234375,-65.40730285644531,9.238100051879883
1625.7568359375,-65.40532684326172,9.187724113464355
1636.5234375,-65.44184112548828,9.18860912322998
1647.2900390625,-65.53005981445312,9.1493558883667
1658.056640625,-65.61132049560547,9.017315864562988
1668.8232421875,-65.70689392089844,9.008835792541504
1679.58984375,-65.71966552734375,8.984872817993164
1690.3564453125,-65.71825408935547,8.931938171386719
1701.123046875,-65.7509765625,8.983826637268066
1711.8896484375,-65.70613098144531,9.020349502563477
1722.65625,-65.7296371459961,9.004974365234375
1733.4228515625,-65.817626953125,8.890862464904785
1744.189453125,-65.7518081665039,8.857025146484375
1754.9560546875,-65.62638854980469,8.768989562988281
1765.72265625,-65.62692260742188,8.75539493560791
1776.4892578125,-65.62079620361328,8.830126762390137
1787.255859375,-65.50957489013672,8.86678695678711
1798.0224609375,-65.46273803710938,9.007752418518066
1808.7890625,-65.53168487548828,9.027878761291504
1819.5556640625,-65.59696960449219,8.962002754211426
1830.322265625,-65.66277313232422,8.890144348144531
1841.0888671875,-65.78298950195312,9.00572395324707
1851.85546875,-65.94149780273438,9.009918212890625
1862.6220703125,-65.9754638671875,9.004323959350586
1873.388671875,-66.05887603759766,9.116047859191895
1884.1552734375,-66.15211486816406,9.128795623779297
1894.921875,-66.22095489501953,9.192843437194824
1905.6884765625,-66.32169342041016,9.273366928100586
1916.455078125,-66.46188354492188,9.275035858154297
1927.2216796875,-66.45750427246094,9.211977005004883
1937.98828125,-66.39433288574219,9.19841480255127
1948.7548828125,-66.43846130371094,9.228134155273438
1959.521484375,-66.45529174804688,9.285362243652344
1970.2880859375,-66.42373657226562,9.309873580932617
1981.0546875,-66.4637680053711,9.3675537109375
1991.8212890625,-66.47046661376953,9.357192993164062
2002.587890625,-66.47091674804688,9.38518238067627
2013.3544921875,-66.53458404541016,9.409279823303223
2024.12109375,-66.64781188964844,9.482211112976074
2034.8876953125,-66.64588165283203,9.550017356872559
2045.654296875,-66.72650909423828,9.567464828491211
2056.4208984375,-66.68457794189453,9.650272369384766
2067.1875,-66.55679321289062,9.689029693603516
2077.9541015625,-66.48479461669922,9.705236434936523
2088.720703125,-66.50128936767578,9.72534465789795
2099.4873046875,-66.41873168945312,9.711774826049805
2110.25390625,-66.44878387451172,9.67684268951416
2121.0205078125,-66.36402130126953,9.562912940979004
2131.787109375,-66.30827331542969,9.508039474487305
2142.5537109375,-66.36712646484375,9.422996520996094
2153.3203125,-66.55361938476562,9.26724624633789
2164.0869140625,-66.60730743408203,9.251251220703125
2174.853515625,-66.64457702636719,9.39507007598877
2185.6201171875,-66.64131164550781,9.4191255569458
2196.38671875,-66.57284545898438,9.419791221618652
2207.1533203125,-66.64456176757812,9.378652572631836
2217.919921875,-66.66834259033203,9.413935661315918
2228.6865234375,-66.74966430664062,9.488027572631836
2239.453125,-66.81472778320312,9.364587783813477
2250.2197265625,-66.79917907714844,9.33688735961914
2260.986328125,-66.78559112548828,9.345144271850586
2271.7529296875,-66.79393768310547,9.404450416564941
2282.51953125,-66.77845001220703,9.454476356506348
2293.2861328125,-66.84534454345703,9.44726848602295
2304.052734375,-66.95574188232422,9.398763656616211
2314.8193359375,-67.01001739501953,9.350215911865234
2325.5859375,-66.98416900634766,9.3103666305542
2336.3525390625,-66.98731231689453,9.348154067993164
2347.119140625,-67.12293243408203,9.367446899414062
2357.8857421875,-67.19834899902344,9.254256248474121
2368.65234375,-67.13048553466797,9.255552291870117
2379.4189453125,-67.14633178710938,9.340270042419434
2390.185546875,-67.22105407714844,9.315460205078125
2400.9521484375,-67.16083526611328,9.317606925964355
2411.71875,-67.15068054199219,9.325302124023438
2422.4853515625,-67.19208526611328,9.35226821899414
2433.251953125,-67.17425537109375,9.335465431213379
2444.0185546875,-67.20277404785156,9.386090278625488
2454.78515625,-67.2109375,9.507963180541992
2465.5517578125,-67.26680755615234,9.596139907836914
2476.318359375,-67.30062866210938,9.51785945892334
2487.0849609375,-67.2825698852539,9.534768104553223
2497.8515625,-67.32894897460938,9.610201835632324
2508.6181640625,-67.36122131347656,9.566115379333496
2519.384765625,-67.2672119140625,9.58620548248291
2530.1513671875,-67.213134765625,9.617657661437988
2540.91796875,-67.2520751953125,9.72586441040039
2551.6845703125,-67.2493667602539,9.829212188720703
2562.451171875,-67.27201080322266,9.87833309173584
2573.2177734375,-67.21619415283203,9.825057983398438
2583.984375,-67.25007629394531,9.737744331359863
2594.7509765625,-67.33617401123047,9.701698303222656
2605.517578125,-67.3008041381836,9.725966453552246
2616.2841796875,-67.30476379394531,9.681906700134277
2627.05078125,-67.24396514892578,9.635087013244629
2637.8173828125,-67.18761444091797,9.602294921875
2648.583984375,-67.22782897949219,9.542073249816895
2659.3505859375,-67.25638580322266,9.503007888793945
2670.1171875,-67.32340240478516,9.55602741241455
2680.8837890625,-67.39861297607422,9.460702896118164
2691.650390625,-67.43753814697266,9.36912727355957
2702.4169921875,-67.36305236816406,9.363492012023926
2713.18359375,-67.29962158203125,9.39199447631836
2723.9501953125,-67.22393035888672,9.491568565368652
2734.716796875,-67.21968078613281,9.423832893371582
2745.4833984375,-67.24920654296875,9.527070999145508
2756.25,-67.19583129882812,9.609758377075195
2767.0166015625,-67.1419677734375,9.592981338500977
2777.783203125,-67.08780670166016,9.5433349609375
2788.5498046875,-67.00985717773438,9.490923881530762
2799.31640625,-66.94872283935547,9.601712226867676
2810.0830078125,-66.99693298339844,9.685941696166992
2820.849609375,-66.96080017089844,9.728492736816406
2831.6162109375,-66.9895248413086,9.761627197265625
2842.3828125,-67.03047180175781,9.71649169921875
2853.1494140625,-67.04290771484375,9.750749588012695
2863.916015625,-67.1354751586914,9.71290397644043
2874.6826171875,-67.2651138305664,9.686505317687988
2885.44921875,-67.23345947265625,9.737473487854004
2896.2158203125,-67.26215362548828,9.684996604919434
2906.982421875,-67.3589859008789,9.633028030395508
2917.7490234375,-67.45381164550781,9.578714370727539
2928.515625,-67.57749938964844,9.574771881103516
2939.2822265625,-67.65178680419922,9.534440040588379
2950.048828125,-67.78451538085938,9.452868461608887
2960.8154296875,-67.9456558227539,9.457832336425781
2971.58203125,-67.98733520507812,9.429192543029785
2982.3486328125,-68.07528686523438,9.448970794677734
2993.115234375,-68.0966796875,9.42531967163086
3003.8818359375,-68.09323120117188,9.409384727478027
3014.6484375,-68.08858489990234,9.42789363861084
3025.4150390625,-68.0943603515625,9.469610214233398
3036.181640625,-68.10714721679688,9.524819374084473
3046.9482421875,-68.06703186035156,9.52831745147705
3057.71484375,-68.12339782714844,9.544590950012207
3068.4814453125,-68.21841430664062,9.536117553710938
3079.248046875,-68.19901275634766,9.493805885314941
3090.0146484375,-68.2394027709961,9.42520523071289
3100.78125,-68.16216278076172,9.358159065246582
3111.5478515625,-68.15267944335938,9.425490379333496
3122.314453125,-68.20881652832031,9.482196807861328
3133.0810546875,-68.18647003173828,9.508651733398438
3143.84765625,-68.12744903564453,9.58145523071289
3154.6142578125,-68.05582427978516,9.574138641357422
3165.380859375,-68.02058410644531,9.51811695098877
3176.1474609375,-68.0080337524414,9.535299301147461
3186.9140625,-67.98038482666016,9.643519401550293
3197.6806640625,-67.9103775024414,9.692996978759766
3208.447265625,-67.8917465209961,9.683001518249512
3219.2138671875,-67.84105682373047,9.743647575378418
3229.98046875,-67.80359649658203,9.646100044250488
3240.7470703125,-67.8279037475586,9.603777885437012
3251.513671875,-67.95745086669922,9.595396995544434
3262.2802734375,-68.00373840332031,9.525975227355957
3273.046875,-68.12423706054688,9.489896774291992
3283.8134765625,-68.08815002441406,9.450340270996094
3294.580078125,-67.98577117919922,9.412216186523438
3305.3466796875,-67.94901275634766,9.436198234558105
3316.11328125,-67.8833236694336,9.352953910827637
3326.8798828125,-67.8882827758789,9.391058921813965
3337.646484375,-67.84904479980469,9.490530014038086
3348.4130859375,-67.83246612548828,9.552825927734375
3359.1796875,-67.81727600097656,9.562716484069824
3369.9462890625,-67.79898834228516,9.544682502746582
3380.712890625,-67.73916625976562,9.574481964111328
3391.4794921875,-67.75538635253906,9.54599380493164
3402.24609375,-67.82015991210938,9.52341365814209
3413.0126953125,-67.77091217041016,9.593168258666992
3423.779296875,-67.7976303100586,9.591127395629883
3434.5458984375,-67.871337890625,9.531851768493652
3445.3125,-67.87085723876953,9.613762855529785
3456.0791015625,-67.85520935058594,9.669061660766602
3466.845703125,-67.82166290283203,9.71833324432373
3477.6123046875,-67.86637115478516,9.669206619262695
3488.37890625,-67.8974838256836,9.69970703125
3499.1455078125,-67.77005004882812,9.704401016235352
3509.912109375,-67.71363067626953,9.716941833496094
3520.6787109375,-67.74298858642578,9.754617691040039
3531.4453125,-67.78488159179688,9.755331039428711
3542.2119140625,-67.73916625976562,9.694502830505371
3552.978515625,-67.67417907714844,9.738455772399902
3563.7451171875,-67.71853637695312,9.737024307250977
3574.51171875,-67.72753143310547,9.70601749420166
3585.2783203125,-67.79193878173828,9.706570625305176
3596.044921875,-67.80567932128906,9.752832412719727
3606.8115234375,-67.72200012207031,9.723584175109863
3617.578125,-67.73867797851562,9.8098726272583
3628.3447265625,-67.66717529296875,9.794939041137695
3639.111328125,-67.57403564453125,9.752318382263184
3649.8779296875,-67.61443328857422,9.815790176391602
3660.64453125,-67.68008422851562,9.878622055053711
3671.4111328125,-67.78413391113281,9.831085205078125
3682.177734375,-67.78688049316406,9.777101516723633
3692.9443359375,-67.70001220703125,9.884072303771973
3703.7109375,-67.61215209960938,9.906494140625
3714.4775390625,-67.64547729492188,9.881736755371094
3725.244140625,-67.75289154052734,9.883051872253418
3736.0107421875,-67.84230041503906,9.89200210571289
3746.77734375,-67.90200805664062,9.880763053894043
3757.5439453125,-67.88399505615234,9.765776634216309
3768.310546875,-67.94586944580078,9.729198455810547
3779.0771484375,-68.01073455810547,9.716316223144531
3789.84375,-68.01751708984375,9.72093677520752
3800.6103515625,-67.91722106933594,9.711991310119629
3811.376953125,-67.85946655273438,9.719746589660645
3822.1435546875,-67.96261596679688,9.6834135055542
3832.91015625,-67.93358612060547,9.830083847045898
3843.6767578125,-67.94831085205078,9.844888687133789
3854.443359375,-67.9672622680664,9.779046058654785
3865.2099609375,-68.0385513305664,9.803581237792969
3875.9765625,-68.07270812988281,9.805948257446289
3886.7431640625,-68.08120727539062,9.758505821228027
3897.509765625,-68.1294937133789,9.698579788208008
3908.2763671875,-68.10928344726562,9.66650676727295
3919.04296875,-68.02887725830078,9.736379623413086
3929.8095703125,-68.0048599243164,9.80419635772705
3940.576171875,-68.02610778808594,9.868118286132812
3951.3427734375,-68.05314636230469,9.85261344909668
3962.109375,-68.08741760253906,9.794525146484375
3972.8759765625,-68.10443878173828,9.822575569152832
3983.642578125,-68.10405731201172,9.822360038757324
3994.4091796875,-68.1543960571289,9.933382987976074
4005.17578125,-68.17557525634766,9.983271598815918
4015.9423828125,-68.13678741455078,9.90225601196289
4026.708984375,-68.18115234375,9.779114723205566
4037.4755859375,-68.21044921875,9.738162994384766
4048.2421875,-68.26480865478516,9.692320823669434
4059.0087890625,-68.32402038574219,9.655045509338379
4069.775390625,-68.20674896240234,9.7493314743042
4080.5419921875,-68.17504119873047,9.79983901977539
4091.30859375,-68.23221588134766,9.691278457641602
4102.0751953125,-68.38921356201172,9.663776397705078
4112.841796875,-68.58305358886719,9.633307456970215
4123.6083984375,-68.71722412109375,9.554115295410156
4134.375,-68.7731704711914,9.486181259155273
4145.1416015625,-68.75531768798828,9.45546817779541
4155.908203125,-68.71691131591797,9.427172660827637
4166.6748046875,-68.73892211914062,9.496614456176758
4177.44140625,-68.85633850097656,9.427841186523438
4188.2080078125,-68.93189239501953,9.32563591003418
4198.974609375,-68.98591613769531,9.348418235778809
4209.7412109375,-69.00399780273438,9.51994800567627
4220.5078125,-68.96935272216797,9.538089752197266
4231.2744140625,-68.93914031982422,9.513715744018555
4242.041015625,-68.91795349121094,9.519847869873047
4252.8076171875,-68.86752319335938,9.577569007873535
4263.57421875,-68.88583374023438,9.488340377807617
4274.3408203125,-68.95132446289062,9.51060676574707
4285.107421875,-69.00450134277344,9.557100296020508
4295.8740234375,-69.0045166015625,9.541003227233887
4306.640625,-69.02880096435547,9.437723159790039
4317.4072265625,-68.94983673095703,9.4895601272583
4328.173828125,-68.8785400390625,9.556655883789062
4338.9404296875,-68.88924407958984,9.559700965881348
4349.70703125,-68.9228744506836,9.617973327636719
4360.4736328125,-68.88427734375,9.649260520935059
4371.240234375,-68.86907196044922,9.657133102416992
4382.0068359375,-68.77006530761719,9.629115104675293
4392.7734375,-68.79371643066406,9.61018180847168
4403.5400390625,-68.8378677368164,9.664846420288086
4414.306640625,-68.78659057617188,9.724066734313965
4425.0732421875,-68.68458557128906,9.658498764038086
4435.83984375,-68.66503143310547,9.659358024597168
4446.6064453125,-68.63553619384766,9.713075637817383
4457.373046875,-68.6490478515625,9.634586334228516
4468.1396484375,-68.62330627441406,9.630117416381836
4478.90625,-68.61749267578125,9.654823303222656
4489.6728515625,-68.71949768066406,9.610570907592773
4500.439453125,-68.82582092285156,9.571832656860352
4511.2060546875,-68.88629913330078,9.494895935058594
4521.97265625,-68.95404052734375,9.519577026367188
4532.7392578125,-69.08930969238281,9.598105430603027
4543.505859375,-69.10054016113281,9.666942596435547
4554.2724609375,-69.10541534423828,9.725641250610352
4565.0390625,-69.14508056640625,9.7733736038208
4575.8056640625,-69.1242904663086,9.780152320861816
4586.572265625,-69.05584716796875,9.799873352050781
4597.3388671875,-68.98800659179688,9.79258918762207
4608.10546875,-69.04802703857422,9.745384216308594
4618.8720703125,-69.10077667236328,9.771621704101562
4629.638671875,-69.0789794921875,9.730993270874023
4640.4052734375,-69.08877563476562,9.743648529052734
4651.171875,-69.02401733398438,9.839735984802246
4661.9384765625,-68.99149322509766,9.764208793640137
4672.705078125,-68.95297241210938,9.736873626708984
4683.4716796875,-68.92169952392578,9.784130096435547
4694.23828125,-68.91781616210938,9.753080368041992
4705.0048828125,-68.88858032226562,9.756667137145996
4715.771484375,-68.89320373535156,9.796894073486328
4726.5380859375,-68.89646911621094,9.75925350189209
4737.3046875,-68.82688903808594,9.81362247467041
4748.0712890625,-68.91019439697266,9.834005355834961
4758.837890625,-68.87582397460938,9.798480987548828
4769.6044921875,-68.83356475830078,9.848492622375488
4780.37109375,-68.84391021728516,9.843626022338867
4791.1376953125,-68.79261779785156,9.857747077941895
4801.904296875,-68.77906799316406,9.89548397064209
4812.6708984375,-68.84890747070312,9.926529884338379
4823.4375,-68.94404602050781,9.919493675231934
4834.2041015625,-68.95146179199219,9.857425689697266
4844.970703125,-68.93878936767578,9.843777656555176
4855.7373046875,-68.94930267333984,9.820589065551758
4866.50390625,-68.94761657714844,9.780552864074707
4877.2705078125,-68.97758483886719,9.735687255859375
4888.037109375,-69.02288818359375,9.768505096435547
4898.8037109375,-68.99052429199219,9.752605438232422
4909.5703125,-69.08554077148438,9.681835174560547
4920.3369140625,-69.16573333740234,9.597532272338867
4931.103515625,-69.1874771118164,9.603580474853516
4941.8701171875,-69.13002014160156,9.731232643127441
4952.63671875,-69.14942169189453,9.743185043334961
4963.4033203125,-69.18585205078125,9.71800708770752
4974.169921875,-69.19921112060547,9.768765449523926
4984.9365234375,-69.21514129638672,9.702909469604492
4995.703125,-69.22428131103516,9.732772827148438
5006.4697265625,-69.16539764404297,9.730595588684082
5017.236328125,-69.11312103271484,9.667344093322754
5028.0029296875,-69.23844146728516,9.663702011108398
5038.76953125,-69.23448944091797,9.767932891845703
5049.5361328125,-69.15263366699219,9.690418243408203
5060.302734375,-69.1746597290039,9.612288475036621
5071.0693359375,-69.10523223876953,9.711009979248047
5081.8359375,-69.09810638427734,9.804168701171875
5092.6025390625,-69.06816864013672,9.806318283081055
5103.369140625,-69.01468658447266,9.783162117004395
5114.1357421875,-68.94831085205078,9.740753173828125
5124.90234375,-68.93252563476562,9.818648338317871
5135.6689453125,-68.91663360595703,9.898238182067871
5146.435546875,-68.85667419433594,9.877252578735352
5157.2021484375,-68.90931701660156,9.835071563720703
5167.96875,-68.89974975585938,9.856943130493164
5178.7353515625,-68.89903259277344,9.861552238464355
5189.501953125,-68.93693542480469,9.824531555175781
5200.2685546875,-68.9429931640625,9.832098007202148
5211.03515625,-68.91716003417969,9.884858131408691
5221.8017578125,-68.99068450927734,9.926738739013672
5232.568359375,-69.07818603515625,9.90750789642334
5243.3349609375,-69.01945495605469,9.89696216583252
5254.1015625,-69.00601959228516,9.968612670898438
5264.8681640625,-69.00379180908203,9.974833488464355
5275.634765625,-68.98681640625,9.888129234313965
5286.4013671875,-69.05480194091797,9.87177848815918
5297.16796875,-69.16144561767578,9.918469429016113
5307.9345703125,-69.14701843261719,9.930279731750488
5318.701171875,-69.1415786743164,9.93315315246582
5329.4677734375,-69.21061706542969,9.876404762268066
5340.234375,-69.21237182617188,9.85545825958252
5351.0009765625,-69.19379425048828,9.894095420837402
5361.767578125,-69.2548599243164,9.918009757995605
5372.5341796875,-69.22528839111328,9.968234062194824
5383.30078125,-69.20266723632812,9.929815292358398
5394.0673828125,-69.31561279296875,9.877948760986328
5404.833984375,-69.26669311523438,9.94487476348877
5415.6005859375,-69.29187774658203,9.851180076599121
5426.3671875,-69.3082275390625,9.786446571350098
5437.1337890625,-69.32099914550781,9.747279167175293
5447.900390625,-69.33275604248047,9.854501724243164
5458.6669921875,-69.36331176757812,9.906209945678711
5469.43359375,-69.41731262207031,9.790329933166504
5480.2001953125,-69.45327758789062,9.827383995056152
5490.966796875,-69.47181701660156,9.939105987548828
5501.7333984375,-69.45691680908203,9.893765449523926
5512.5,-69.4186019897461,9.905801773071289
5523.2666015625,-69.48750305175781,9.872504234313965
5534.033203125,-69.42332458496094,9.889317512512207
5544.7998046875,-69.36465454101562,9.917579650878906
5555.56640625,-69.40098571777344,9.975728034973145
5566.3330078125,-69.4400405883789,9.975177764892578
5577.099609375,-69.5169677734375,9.946844100952148
5587.8662109375,-69.51976013183594,9.95040225982666
5598.6328125,-69.48638916015625,9.985980987548828
5609.3994140625,-69.50555419921875,10.045357704162598
5620.166015625,-69.51497650146484,9.971158027648926
5630.9326171875,-69.56792449951172,9.967334747314453
5641.69921875,-69.59497833251953,9.979348182678223
5652.4658203125,-69.59263610839844,9.983484268188477
5663.232421875,-69.47944641113281,9.922449111938477
5673.9990234375,-69.44668579101562,9.92270278930664
5684.765625,-69.55239868164062,9.927751541137695
5695.5322265625,-69.5749740600586,9.950940132141113
5706.298828125,-69.62139892578125,9.997451782226562
5717.0654296875,-69.62753295898438,9.942288398742676
5727.83203125,-69.63985443115234,10.0287446975708
5738.5986328125,-69.69064331054688,10.01849365234375
5749.365234375,-69.65934753417969,10.031482696533203
5760.1318359375,-69.7483139038086,9.996903419494629
5770.8984375,-69.7359848022461,9.983181953430176
5781.6650390625,-69.74410247802734,9.971619606018066
5792.431640625,-69.72859191894531,10.007046699523926
5803.1982421875,-69.76010131835938,10.038816452026367
5813.96484375,-69.89834594726562,9.979349136352539
5824.7314453125,-69.98192596435547,10.036144256591797
5835.498046875,-69.94705963134766,10.040517807006836
5846.2646484375,-69.92450714111328,9.9562349319458
5857.03125,-69.92186737060547,9.985047340393066
5867.7978515625,-69.93347930908203,9.91408634185791
5878.564453125,-69.90576934814453,9.95887279510498
5889.3310546875,-69.9296646118164,10.05175495147705
5900.09765625,-69.96495819091797,10.005668640136719
5910.8642578125,-70.0074691772461,9.943811416625977
5921.630859375,-69.95413208007812,9.902835845947266
5932.3974609375,-69.9672622680664,9.962653160095215
5943.1640625,-70.07460021972656,9.95683479309082
5953.9306640625,-70.10315704345703,9.973104476928711
5964.697265625,-70.04289245605469,9.963286399841309
5975.4638671875,-70.07776641845703,9.985601425170898
5986.23046875,-70.19084930419922,9.98802375793457
5996.9970703125,-70.15721130371094,9.940946578979492
6007.763671875,-70.1041259765625,9.960232734680176
6018.5302734375,-70.10999298095703,10.044995307922363
6029.296875,-70.11900329589844,10.005480766296387
6040.0634765625,-70.13605499267578,9.969991683959961
6050.830078125,-70.2401123046875,9.855224609375
6061.5966796875,-70.290283203125,9.942625999450684
6072.36328125,-70.33499145507812,9.902653694152832
6083.1298828125,-70.3064956665039,9.909092903137207
6093.896484375,-70.3159408569336,10.034475326538086
6104.6630859375,-70.34476470947266,9.957412719726562
6115.4296875,-70.33279418945312,9.939799308776855
6126.1962890625,-70.4719009399414,9.918893814086914
6136.962890625,-70.53378295898438,9.899368286132812
6147.7294921875,-70.54385375976562,10.00696086883545
6158.49609375,-70.54517364501953,10.090359687805176
6169.2626953125,-70.57918548583984,10.01413345336914
6180.029296875,-70.50151824951172,10.002963066101074
6190.7958984375,-70.55289459228516,9.975958824157715
6201.5625,-70.60000610351562,9.947307586669922
6212.3291015625,-70.60388946533203,9.922106742858887
6223.095703125,-70.55667114257812,9.982126235961914
6233.8623046875,-70.48013305664062,9.900349617004395
6244.62890625,-70.58049011230469,9.905425071716309
6255.3955078125,-70.62493133544922,10.002708435058594
6266.162109375,-70.58384704589844,10.03944206237793
6276.9287109375,-70.6233901977539,9.914504051208496
6287.6953125,-70.69869232177734,9.847464561462402
6298.4619140625,-70.75906372070312,9.963191032409668
6309.228515625,-70.79984283447266,10.08803939819336
6319.9951171875,-70.7219467163086,10.028164863586426
6330.76171875,-70.73948669433594,9.95836067199707
6341.5283203125,-70.746826171875,10.003348350524902
6352.294921875,-70.7175521850586,10.047881126403809
6363.0615234375,-70.71244049072266,10.057305335998535
6373.828125,-70.69436645507812,10.031620979309082
6384.5947265625,-70.68716430664062,10.006528854370117
6395.361328125,-70.71438598632812,10.055258750915527
6406.1279296875,-70.75918579101562,10.048656463623047
6416.89453125,-70.65660095214844,10.04173755645752
6427.6611328125,-70.61626434326172,10.000473976135254
6438.427734375,-70.69389343261719,9.939627647399902
6449.1943359375,-70.81779479980469,10.003815650939941
6459.9609375,-70.87124633789062,10.02698802947998
6470.7275390625,-70.97439575195312,10.00316333770752
6481.494140625,-70.92591857910156,9.922140121459961
6492.2607421875,-70.88548278808594,9.897869110107422
6503.02734375,-70.9645004272461,9.976852416992188
6513.7939453125,-71.05130004882812,9.972517967224121
6524.560546875,-71.1405029296875,9.962029457092285
6535.3271484375,-71.14199829101562,10.04853630065918
6546.09375,-71.09368133544922,9.996448516845703
6556.8603515625,-71.10647583007812,10.0093412399292
6567.626953125,-71.12245178222656,9.984662055969238
6578.3935546875,-71.24502563476562,9.895103454589844
6589.16015625,-71.28659057617188,9.936867713928223
6599.9267578125,-71.3021469116211,9.965710639953613
6610.693359375,-71.382568359375,9.894047737121582
6621.4599609375,-71.43946075439453,9.988923072814941
6632.2265625,-71.44731140136719,10.009434700012207
6642.9931640625,-71.43547058105469,9.959768295288086
6653.759765625,-71.43673706054688,9.93739128112793
6664.5263671875,-71.4930648803711,9.983016967773438
6675.29296875,-71.51952362060547,10.033936500549316
6686.0595703125,-71.47872161865234,9.982600212097168
6696.826171875,-71.46976470947266,9.990839958190918
6707.5927734375,-71.44939422607422,10.022117614746094
6718.359375,-71.50878143310547,9.941263198852539
6729.1259765625,-71.67568969726562,9.983048439025879
6739.892578125,-71.73641967773438,9.964570045471191
6750.6591796875,-71.69972229003906,10.04549503326416
6761.42578125,-71.74838256835938,10.016478538513184
6772.1923828125,-71.72286987304688,10.001508712768555
6782.958984375,-71.7053451538086,10.049214363098145
6793.7255859375,-71.77110290527344,10.053617477416992
6804.4921875,-71.77064514160156,10.040567398071289
6815.2587890625,-71.80046844482422,10.016064643859863
6826.025390625,-71.86884307861328,9.98733139038086
6836.7919921875,-71.84426879882812,9.96642780303955
6847.55859375,-71.83580017089844,9.920339584350586
6858.3251953125,-71.88922119140625,9.832132339477539
6869.091796875,-71.87728881835938,9.85529613494873
6879.8583984375,-71.954833984375,9.897964477539062
6890.625,-72.03549194335938,9.930998802185059
6901.3916015625,-72.09821319580078,9.8878812789917
6912.158203125,-72.13093566894531,9.87777328491211
6922.9248046875,-72.20462799072266,9.99071216583252
6933.69140625,-72.18290710449219,9.953230857849121
6944.4580078125,-72.15615844726562,9.947089195251465
6955.224609375,-72.17737579345703,9.898293495178223
6965.9912109375,-72.25444030761719,9.900334358215332
6976.7578125,-72.30601501464844,9.927094459533691
6987.5244140625,-72.40489959716797,9.90674877166748
6998.291015625,-72.43916320800781,9.94540023803711
7009.0576171875,-72.51471710205078,9.9014310836792
7019.82421875,-72.47235870361328,9.930525779724121
7030.5908203125,-72.47409057617188,9.991663932800293
7041.357421875,-72.50999450683594,9.935896873474121
7052.1240234375,-72.45722198486328,9.956339836120605
7062.890625,-72.5087661743164,9.990660667419434
7073.6572265625,-72.58392333984375,9.916716575622559
7084.423828125,-72.62116241455078,9.87591552734375
7095.1904296875,-72.67353820800781,9.952322006225586
7105.95703125,-72.69109344482422,9.98355770111084
7116.7236328125,-72.67457580566406,9.991247177124023
7127.490234375,-72.7294921875,9.876190185546875
7138.2568359375,-72.81303405761719,9.842192649841309
7149.0234375,-72.77365112304688,9.904327392578125
7159.7900390625,-72.87261962890625,9.937548637390137
7170.556640625,-72.81681823730469,9.91718578338623
7181.3232421875,-72.69932556152344,9.982064247131348
7192.08984375,-72.78169250488281,9.977733612060547
7202.8564453125,-72.82550048828125,10.01144027709961
7213.623046875,-72.91807556152344,9.980120658874512
7224.3896484375,-72.77423858642578,9.977323532104492
7235.15625,-72.72470092773438,10.008138656616211
7245.9228515625,-72.79092407226562,9.99234390258789
7256.689453125,-72.85879516601562,9.997802734375
7267.4560546875,-72.83487701416016,9.978972434997559
7278.22265625,-72.92819213867188,9.952055931091309
7288.9892578125,-72.95391082763672,10.028338432312012
7299.755859375,-72.93382263183594,10.042838096618652
7310.5224609375,-72.9626693725586,10.00629997253418
7321.2890625,-72.97145080566406,10.003935813903809
7332.0556640625,-73.0582275390625,10.024630546569824
7342.822265625,-73.08978271484375,10.00098991394043
7353.5888671875,-73.08698272705078,9.998764038085938
7364.35546875,-73.0368423461914,9.980010986328125
7375.1220703125,-73.11770629882812,9.972451210021973
7385.888671875,-73.16129302978516,10.03512954711914
7396.6552734375,-73.14476013183594,10.008565902709961
7407.421875,-73.19652557373047,10.015623092651367
7418.1884765625,-73.28235626220703,10.039155006408691
7428.955078125,-73.25033569335938,10.04621696472168
7439.7216796875,-73.1760025024414,10.117045402526855
7450.48828125,-73.14620208740234,10.165257453918457
7461.2548828125,-73.1051254272461,10.160593032836914
7472.021484375,-73.20756530761719,10.08297061920166
7482.7880859375,-73.23731994628906,10.120467185974121
7493.5546875,-73.25180053710938,10.10338306427002
7504.3212890625,-73.21894073486328,10.125035285949707
7515.087890625,-73.28652954101562,10.066771507263184
7525.8544921875,-73.3861083984375,10.04669189453125
7536.62109375,-73.4057388305664,10.070430755615234
7547.3876953125,-73.36898803710938,10.200200080871582
7558.154296875,-73.4001235961914,10.24246597290039
7568.9208984375,-73.41171264648438,10.192838668823242
7579.6875,-73.42224884033203,10.167766571044922
7590.4541015625,-73.41724395751953,10.14624309539795
7601.220703125,-73.4747085571289,10.13352108001709
7611.9873046875,-73.58604431152344,10.158035278320312
7622.75390625,-73.47834777832031,10.223591804504395
7633.5205078125,-73.3867416381836,10.174357414245605
7644.287109375,-73.49840545654297,10.236145973205566
7655.0537109375,-73.47061157226562,10.271824836730957
7665.8203125,-73.439697265625,10.21649169921875
7676.5869140625,-73.49837493896484,10.192305564880371
7687.353515625,-73.53910064697266,10.322091102600098
7698.1201171875,-73.46499633789062,10.3875732421875
7708.88671875,-73.53374481201172,10.315954208374023
7719.6533203125,-73.54556274414062,10.283845901489258
7730.419921875,-73.4924087524414,10.280285835266113
7741.1865234375,-73.50735473632812,10.297345161437988
7751.953125,-73.53376770019531,10.330958366394043
7762.7197265625,-73.55008697509766,10.249122619628906
7773.486328125,-73.6071548461914,10.250090599060059
7784.2529296875,-73.65563201904297,10.258283615112305
7795.01953125,-73.7959213256836,10.271391868591309
7805.7861328125,-73.79952239990234,10.220253944396973
7816.552734375,-73.77542114257812,10.222779273986816
7827.3193359375,-73.83854675292969,10.243305206298828
7838.0859375,-73.88488006591797,10.253713607788086
7848.8525390625,-73.94117736816406,10.215508460998535
7859.619140625,-74.02267456054688,10.243216514587402
7870.3857421875,-74.10985565185547,10.264045715332031
7881.15234375,-74.0903549194336,10.243420600891113
7891.9189453125,-74.02239227294922,10.24756145477295
7902.685546875,-74.05123138427734,10.223320007324219
7913.4521484375,-74.12012481689453,10.196697235107422
7924.21875,-74.17440032958984,10.200180053710938
7934.9853515625,-74.18753051757812,10.183713912963867
7945.751953125,-74.16960144042969,10.164264678955078
7956.5185546875,-74.1614761352539,10.155583381652832
7967.28515625,-74.21674346923828,10.186458587646484
7978.0517578125,-74.20679473876953,10.247710227966309
7988.818359375,-74.22245788574219,10.323638916015625
7999.5849609375,-74.28192901611328,10.28907585144043
8010.3515625,-74.26425170898438,10.171587944030762
8021.1181640625,-74.33027648925781,10.160122871398926
8031.884765625,-74.36203002929688,10.254090309143066
8042.6513671875,-74.35457611083984,10.243141174316406
8053.41796875,-74.3412094116211,10.188966751098633
8064.1845703125,-74.40013885498047,10.245041847229004
8074.951171875,-74.43606567382812,10.272513389587402
8085.7177734375,-74.46000671386719,10.2472562789917
8096.484375,-74.47456359863281,10.342121124267578
8107.2509765625,-74.53046417236328,10.36873722076416
8118.017578125,-74.54666137695312,10.183618545532227
8128.7841796875,-74.61449432373047,10.20738697052002
8139.55078125,-74.65652465820312,10.308853149414062
8150.3173828125,-74.65745544433594,10.265096664428711
8161.083984375,-74.62649536132812,10.20776081085205
8171.8505859375,-74.69058227539062,10.223567008972168
8182.6171875,-74.669921875,10.28121566772461
8193.3837890625,-74.64106750488281,10.208290100097656
8204.150390625,-74.74344635009766,10.229637145996094
8214.9169921875,-74.80996704101562,10.297977447509766
8225.68359375,-74.81877136230469,10.324573516845703
8236.4501953125,-74.72772216796875,10.189531326293945
8247.216796875,-74.74327850341797,10.186100959777832
8257.9833984375,-74.85511016845703,10.252824783325195
8268.75,-74.99748992919922,10.261484146118164
8279.5166015625,-74.90357971191406,10.212039947509766
8290.283203125,-74.90341186523438,10.149518013000488
8301.0498046875,-74.9268569946289,10.096064567565918
8311.81640625,-75.04252624511719,10.197330474853516
8322.5830078125,-75.00135040283203,10.246115684509277
8333.349609375,-75.1008071899414,10.25063419342041
8344.1162109375,-75.10888671875,10.241533279418945
8354.8828125,-75.13481903076172,10.241384506225586
8365.6494140625,-75.18099212646484,10.236281394958496
8376.416015625,-75.25533294677734,10.151984214782715
8387.1826171875,-75.18167114257812,10.209657669067383
8397.94921875,-75.14842224121094,10.252885818481445
8408.7158203125,-75.31805419921875,10.244758605957031
8419.482421875,-75.4498291015625,10.284900665283203
8430.2490234375,-75.41758728027344,10.276004791259766
8441.015625,-75.34200286865234,10.163073539733887
8451.7822265625,-75.37969207763672,10.154010772705078
8462.548828125,-75.49137878417969,10.136556625366211
8473.3154296875,-75.43412017822266,10.124245643615723
8484.08203125,-75.47661590576172,10.194976806640625
8494.8486328125,-75.43716430664062,10.208971977233887
8505.615234375,-75.49315643310547,10.256807327270508
8516.3818359375,-75.58119201660156,10.259389877319336
8527.1484375,-75.57793426513672,10.198315620422363
8537.9150390625,-75.59000396728516,10.189067840576172
8548.681640625,-75.61660766601562,10.183929443359375
8559.4482421875,-75.68661499023438,10.150506973266602
8570.21484375,-75.69281005859375,10.1522216796875
8580.9814453125,-75.61790466308594,10.105363845825195
8591.748046875,-75.6781234741211,10.166669845581055
8602.5146484375,-75.74163818359375,10.207371711730957
8613.28125,-75.80260467529297,10.17198371887207
8624.0478515625,-75.74237823486328,10.077174186706543
8634.814453125,-75.73540496826172,10.150455474853516
8645.5810546875,-75.87049865722656,10.223459243774414
8656.34765625,-75.99143981933594,10.22043228149414
8667.1142578125,-75.99798583984375,10.232745170593262
8677.880859375,-75.99143981933594,10.138543128967285
8688.6474609375,-76.08354187011719,10.03724479675293
8699.4140625,-76.10751342773438,10.026718139648438
8710.1806640625,-76.13473510742188,10.069328308105469
8720.947265625,-76.17935180664062,10.065122604370117
8731.7138671875,-76.1569595336914,10.021105766296387
8742.48046875,-76.12919616699219,10.039765357971191
8753.2470703125,-76.24016571044922,10.177739143371582
8764.013671875,-76.16476440429688,10.093245506286621
8774.7802734375,-76.18733978271484,10.080333709716797
8785.546875,-76.27803802490234,10.120701789855957
8796.3134765625,-76.26810455322266,10.16650676727295
8807.080078125,-76.19857788085938,10.195932388305664
8817.8466796875,-76.27973175048828,10.19068717956543
8828.61328125,-76.37885284423828,10.162571907043457
8839.3798828125,-76.47916412353516,10.086523056030273
8850.146484375,-76.44418334960938,10.072535514831543
8860.9130859375,-76.37281799316406,10.00251579284668
8871.6796875,-76.44363403320312,9.991727828979492
8882.4462890625,-76.46393585205078,10.036334991455078
8893.212890625,-76.4680404663086,10.117481231689453
8903.9794921875,-76.59343719482422,10.103394508361816
8914.74609375,-76.61712646484375,10.030817031860352
8925.5126953125,-76.61459350585938,9.95295524597168
8936.279296875,-76.65113067626953,9.948543548583984
8947.0458984375,-76.65403747558594,10.036482810974121
8957.8125,-76.61686706542969,10.054259300231934
8968.5791015625,-76.73162841796875,10.083616256713867
8979.345703125,-76.81289672851562,9.967728614807129
8990.1123046875,-76.85237121582031,10.060591697692871
9000.87890625,-76.92202758789062,10.041438102722168
9011.6455078125,-76.92041778564453,9.919528007507324
9022.412109375,-76.89572143554688,9.89992904663086
9033.1787109375,-76.95095825195312,9.947590827941895
9043.9453125,-77.00959014892578,10.058972358703613
9054.7119140625,-76.98361206054688,10.024703025817871
9065.478515625,-77.01237487792969,9.97269344329834
9076.2451171875,-77.0184326171875,9.986148834228516
9087.01171875,-77.0271987915039,10.021013259887695
9097.7783203125,-77.1438217163086,10.019636154174805
9108.544921875,-77.19092559814453,10.005179405212402
9119.3115234375,-77.14987182617188,9.974442481994629
9130.078125,-77.19007873535156,9.983809471130371
9140.8447265625,-77.30668640136719,10.035194396972656
9151.611328125,-77.25393676757812,10.002689361572266
9162.3779296875,-77.28681182861328,9.985424041748047
9173.14453125,-77.38406372070312,10.015973091125488
9183.9111328125,-77.44186401367188,10.024923324584961
9194.677734375,-77.49063873291016,10.11027717590332
9205.4443359375,-77.47943115234375,10.015409469604492
9216.2109375,-77.57408905029297,9.947020530700684
9226.9775390625,-77.56689453125,9.950940132141113
9237.744140625,-77.56491088867188,9.956477165222168
9248.5107421875,-77.59545135498047,9.957706451416016
9259.27734375,-77.69867706298828,10.022547721862793
9270.0439453125,-77.79013061523438,10.045418739318848
9280.810546875,-77.69580841064453,10.005529403686523
9291.5771484375,-77.70626831054688,10.013803482055664
9302.34375,-77.8835678100586,10.013479232788086
9313.1103515625,-77.87065124511719,9.970199584960938
9323.876953125,-77.87409973144531,9.958142280578613
9334.6435546875,-77.938720703125,10.008198738098145
9345.41015625,-77.98162841796875,10.085455894470215
9356.1767578125,-78.05473327636719,9.987579345703125
9366.943359375,-78.08960723876953,9.951148986816406
9377.7099609375,-78.14908599853516,10.001777648925781
9388.4765625,-78.19918823242188,9.987600326538086
9399.2431640625,-78.16508483886719,10.000507354736328
9410.009765625,-78.20089721679688,10.050338745117188
9420.7763671875,-78.26387786865234,9.968207359313965
9431.54296875,-78.36056518554688,9.963306427001953
9442.3095703125,-78.41741943359375,9.970075607299805
9453.076171875,-78.42010498046875,9.925917625427246
9463.8427734375,-78.42394256591797,9.889862060546875
9474.609375,-78.43485260009766,9.886621475219727
9485.3759765625,-78.47148895263672,9.951582908630371
9496.142578125,-78.59603118896484,9.889256477355957
9506.9091796875,-78.62970733642578,9.966588020324707
9517.67578125,-78.74655151367188,9.95572280883789
9528.4423828125,-78.82717895507812,9.92946720123291
9539.208984375,-78.88286590576172,9.953137397766113
9549.9755859375,-78.84427642822266,10.016921043395996
9560.7421875,-78.84732818603516,10.005905151367188
9571.5087890625,-78.94488525390625,9.934244155883789
9582.275390625,-79.03884887695312,9.842754364013672
9593.0419921875,-79.06897735595703,9.85611343383789
9603.80859375,-79.09771728515625,9.955411911010742
9614.5751953125,-79.2007827758789,10.02228832244873
9625.341796875,-79.23867797851562,9.987279891967773
9636.1083984375,-79.3711929321289,9.945151329040527
9646.875,-79.4164047241211,9.925287246704102
9657.6416015625,-79.47611999511719,9.889673233032227
9668.408203125,-79.52262115478516,9.851269721984863
9679.1748046875,-79.61612701416016,9.912463188171387
9689.94140625,-79.70027923583984,9.902440071105957
9700.7080078125,-79.76859283447266,9.890631675720215
9711.474609375,-79.87367248535156,9.870368957519531
9722.2412109375,-79.88008880615234,9.887184143066406
9733.0078125,-79.92620849609375,9.925605773925781
9743.7744140625,-79.95242309570312,9.953815460205078
9754.541015625,-79.99836730957031,9.966493606567383
9765.3076171875,-80.09779357910156,9.964576721191406
9776.07421875,-80.13459014892578,9.943593978881836
9786.8408203125,-80.24131774902344,9.946283340454102
9797.607421875,-80.39019775390625,9.976607322692871
9808.3740234375,-80.47401428222656,9.994460105895996
9819.140625,-80.58851623535156,9.929630279541016
9829.9072265625,-80.66609191894531,9.957575798034668
9840.673828125,-80.64273071289062,10.058385848999023
9851.4404296875,-80.66085052490234,10.002866744995117
9862.20703125,-80.83657836914062,9.937712669372559
9872.9736328125,-80.97016906738281,9.851622581481934
9883.740234375,-80.99838256835938,9.832103729248047
9894.5068359375,-81.0775146484375,9.920958518981934
9905.2734375,-81.16765594482422,9.92801570892334
9916.0400390625,-81.2282943725586,9.984217643737793
9926.806640625,-81.33577728271484,10.001279830932617
9937.5732421875,-81.41524505615234,9.974467277526855
9948.33984375,-81.50154876708984,9.990718841552734
9959.1064453125,-81.58918762207031,10.025368690490723
9969.873046875,-81.64753723144531,9.992671966552734
9980.6396484375,-81.65203857421875,9.962807655334473
9991.40625,-81.74041748046875,9.965543746948242
10002.1728515625,-81.86212158203125,9.985950469970703
10012.939453125,-82.05952453613281,10.004024505615234
10023.7060546875,-82.1962890625,9.959306716918945
10034.47265625,-82.24103546142578,9.921388626098633
10045.2392578125,-82.2187271118164,9.921525955200195
10056.005859375,-82.41748046875,9.917862892150879
10066.7724609375,-82.49838256835938,9.881128311157227
10077.5390625,-82.44727325439453,9.909395217895508
10088.3056640625,-82.60639190673828,9.924355506896973
10099.072265625,-82.6810073852539,9.911252975463867
10109.8388671875,-82.73944854736328,9.99633502960205
10120.60546875,-82.80754089355469,10.069273948669434
10131.3720703125,-82.9245376586914,10.03111457824707
10142.138671875,-83.04291534423828,9.96569538116455
10152.9052734375,-83.16605377197266,9.917219161987305
10163.671875,-83.2001724243164,9.961544036865234
10174.4384765625,-83.28417205810547,9.961221694946289
10185.205078125,-83.38302612304688,9.979218482971191
10195.9716796875,-83.45474243164062,10.019122123718262
10206.73828125,-83.5940170288086,9.995444297790527
10217.5048828125,-83.71260070800781,10.000638008117676
10228.271484375,-83.75631713867188,9.990187644958496
10239.0380859375,-83.90086364746094,10.015528678894043
10249.8046875,-84.01666259765625,10.001952171325684
10260.5712890625,-84.09410858154297,10.036993026733398
10271.337890625,-84.26880645751953,10.054603576660156
10282.1044921875,-84.38805389404297,10.083529472351074
10292.87109375,-84.47704315185547,10.130721092224121
10303.6376953125,-84.57882690429688,10.085399627685547
10314.404296875,-84.6566390991211,10.049700736999512
10325.1708984375,-84.79914093017578,10.041486740112305
10335.9375,-84.91712188720703,10.103184700012207
10346.7041015625,-85.00680541992188,10.093149185180664
10357.470703125,-85.06698608398438,10.135587692260742
10368.2373046875,-85.18904876708984,10.215256690979004
10379.00390625,-85.3427963256836,10.141209602355957
10389.7705078125,-85.41803741455078,10.059271812438965
10400.537109375,-85.52511596679688,10.09495735168457
10411.3037109375,-85.74918365478516,10.150534629821777
10422.0703125,-85.79011535644531,10.158527374267578
10432.8369140625,-85.87826538085938,10.118151664733887
10443.603515625,-85.95972442626953,10.113401412963867
10454.3701171875,-86.08910369873047,10.11970329284668
10465.13671875,-86.27555084228516,10.105522155761719
10475.9033203125,-86.34457397460938,10.088683128356934
10486.669921875,-86.47293090820312,10.073700904846191
10497.4365234375,-86.61112976074219,10.106522560119629
10508.203125,-86.71814727783203,10.12881851196289
10518.9697265625,-86.85475158691406,10.203790664672852
10529.736328125,-86.89790344238281,10.235089302062988
10540.5029296875,-87.06713104248047,10.1707124710083
10551.26953125,-87.2476577758789,10.115371704101562
10562.0361328125,-87.43893432617188,10.10175609588623
10572.802734375,-87.51921844482422,10.16224479675293
10583.5693359375,-87.56449127197266,10.23550033569336
10594.3359375,-87.7467041015625,10.251504898071289
10605.1025390625,-87.94410705566406,10.252692222595215
10615.869140625,-88.04782104492188,10.302607536315918
10626.6357421875,-88.15204620361328,10.238410949707031
10637.40234375,-88.38151550292969,10.24960708618164
10648.1689453125,-88.47805786132812,10.31561279296875
10658.935546875,-88.57682037353516,10.38238525390625
10669.7021484375,-88.79411315917969,10.409283638000488
10680.46875,-88.9638442993164,10.388790130615234
10691.2353515625,-89.10411834716797,10.418582916259766
10702.001953125,-89.2286376953125,10.428444862365723
10712.7685546875,-89.42047119140625,10.432918548583984
10723.53515625,-89.53186798095703,10.37195110321045
10734.3017578125,-89.70819854736328,10.329758644104004
10745.068359375,-89.85623931884766,10.396483421325684
10755.8349609375,-90.0736083984375,10.419760704040527
10766.6015625,-90.22942352294922,10.419620513916016
10777.3681640625,-90.3639907836914,10.485445976257324
10788.134765625,-90.47333526611328,10.498563766479492
10798.9013671875,-90.66561126708984,10.553387641906738
10809.66796875,-90.79661560058594,10.656277656555176
10820.4345703125,-90.97167205810547,10.669994354248047
10831.201171875,-91.0792007446289,10.599801063537598
10841.9677734375,-91.19292449951172,10.608492851257324
10852.734375,-91.37228393554688,10.59609603881836
10863.5009765625,-91.55933380126953,10.656134605407715
10874.267578125,-91.69937896728516,10.709911346435547
10885.0341796875,-91.84795379638672,10.68453311920166
10895.80078125,-91.9869613647461,10.747841835021973
10906.5673828125,-92.09414672851562,10.824259757995605
10917.333984375,-92.15678405761719,10.82526969909668
10928.1005859375,-92.33074951171875,10.864720344543457
10938.8671875,-92.41471862792969,10.833740234375
10949.6337890625,-92.50884246826172,10.842543601989746
10960.400390625,-92.57714080810547,10.872763633728027
10971.1669921875,-92.66883087158203,10.902716636657715
10981.93359375,-92.7997817993164,10.868590354919434
10992.7001953125,-92.79075622558594,10.82453441619873
11003.466796875,-92.72673034667969,10.868117332458496
11014.2333984375,-92.7685317993164,10.893671989440918
11025.0,-92.80111694335938,10.901487350463867
