clip_id,segment_id,recording_id,recording_date,diel_bin,season,split,duration_s,audio_path,caption,temperature_c,humidity_pct,wind_speed_ms,status
0558_5392_clip001_s000,5392_clip001_s000,5392,2019-09-01,night,spring,train,13.096,resources/site_257_bowra-dry-a/mvp1_all_conditioned_dataset/clips/0558_5392_clip001_s000/audio.wav,"night spring ambient soundscape, Bowra dry woodland, Australia, mild (15C), dry air, light breeze, recorded 2019-09-01, no music, no machinery",15.03,32.72,1.37,ok
0559_5392_clip001_s001,5392_clip001_s001,5392,2019-09-01,night,spring,train,10.24,resources/site_257_bowra-dry-a/mvp1_all_conditioned_dataset/clips/0559_5392_clip001_s001/audio.wav,"night spring ambient soundscape, Bowra dry woodland, Australia, mild (15C), dry air, light breeze, recorded 2019-09-01, no music, no machinery",15.03,32.72,1.37,ok
0560_5392_clip002_s000,5392_clip002_s000,5392,2019-09-01,night,spring,train,11.564,resources/site_257_bowra-dry-a/mvp1_all_conditioned_dataset/clips/0560_5392_clip002_s000/audio.wav,"night spring ambient soundscape, Bowra dry woodland, Australia, mild (15C), dry air, light breeze, recorded 2019-09-01, no music, no machinery",15.03,32.72,1.37,ok
0561_5392_clip002_s001,5392_clip002_s001,5392,2019-09-01,night,spring,train,14.466,resources/site_257_bowra-dry-a/mvp1_all_conditioned_dataset/clips/0561_5392_clip002_s001/audio.wav,"night spring ambient soundscape, Bowra dry woodland, Australia, mild (15C), dry air, light breeze, recorded 2019-09-01, no music, no machinery",15.03,32.72,1.37,ok
0562_5392_clip002_s002,5392_clip002_s002,5392,2019-09-01,night,spring,train,16.138,resources/site_257_bowra-dry-a/mvp1_all_conditioned_dataset/clips/0562_5392_clip002_s002/audio.wav,"night spring ambient soundscape, Bowra dry woodland, Australia, mild (15C), dry air, light breeze, recorded 2019-09-01, no music, no machinery",15.03,32.72,1.37,ok
0563_5392_clip002_s003,5392_clip002_s003,5392,2019-09-01,night,spring,train,10.24,resources/site_257_bowra-dry-a/mvp1_all_conditioned_dataset/clips/0563_5392_clip002_s003/audio.wav,"night spring ambient soundscape, Bowra dry woodland, Australia, mild (15C), dry air, light breeze, recorded 2019-09-01, no music, no machinery",15.03,32.72,1.37,ok
0564_5392_clip003_s000,5392_clip003_s000,5392,2019-09-01,night,spring,train,16.277,resources/site_257_bowra-dry-a/mvp1_all_conditioned_dataset/clips/0564_5392_clip003_s000/audio.wav,"night spring ambient soundscape, Bowra dry woodland, Australia, mild (15C), dry air, light breeze, recorded 2019-09-01, no music, no machinery",15.03,32.72,1.37,ok
0565_5392_clip003_s001,5392_clip003_s001,5392,2019-09-01,night,spring,train,14.095,resources/site_257_bowra-dry-a/mvp1_all_conditioned_dataset/clips/0565_5392_clip003_s001/audio.wav,"night spring ambient soundscape, Bowra dry woodland, Australia, mild (15C), dry air, light breeze, recorded 2019-09-01, no music, no machinery",15.03,32.72,1.37,ok
0566_5392_clip003_s002,5392_clip003_s002,5392,2019-09-01,night,spring,train,13.282,resources/site_257_bowra-dry-a/mvp1_all_conditioned_dataset/clips/0566_5392_clip003_s002/audio.wav,"night spring ambient soundscape, Bowra dry woodland, Australia, mild (15C), dry air, light breeze, recorded 2019-09-01, no music, no machinery",15.03,32.72,1.37,ok
0567_5392_clip003_s003,5392_clip003_s003,5392,2019-09-01,night,spring,train,13.189,resources/site_257_bowra-dry-a/mvp1_all_conditioned_dataset/clips/0567_5392_clip003_s003/audio.wav,"night spring ambient soundscape, Bowra dry woodland, Australia, mild (15C), dry air, light breeze, recorded 2019-09-01, no music, no machinery",15.03,32.72,1.37,ok
0568_5392_clip003_s004,5392_clip003_s004,5392,2019-09-01,night,spring,train,13.142,resources/site_257_bowra-dry-a/mvp1_all_conditioned_dataset/clips/0568_5392_clip003_s004/audio.wav,"night spring ambient soundscape, Bowra dry woodland, Australia, mild (15C), dry air, light breeze, recorded 2019-09-01, no music, no machinery",15.03,32.72,1.37,ok
0569_5392_clip004_s000,5392_clip004_s000,5392,2019-09-01,night,spring,train,10.89,resources/site_257_bowra-dry-a/mvp1_all_conditioned_dataset/clips/0569_5392_clip004_s000/audio.wav,"night spring ambient soundscape, Bowra dry woodland, Australia, mild (15C), dry air, light breeze, recorded 2019-09-01, no music, no machinery",15.03,32.72,1.37,ok
0570_5392_clip005_s000,5392_clip005_s000,5392,2019-09-01,night,spring,train,11.053,resources/site_257_bowra-dry-a/mvp1_all_conditioned_dataset/clips/0570_5392_clip005_s000/audio.wav,"night spring ambient soundscape, Bowra dry woodland, Australia, mild (15C), dry air, light breeze, recorded 2019-09-01, no music, no machinery",15.03,32.72,1.37,ok
0571_5392_clip005_s001,5392_clip005_s001,5392,2019-09-01,night,spring,val,12.26,resources/site_257_bowra-dry-a/mvp1_all_conditioned_dataset/clips/0571_5392_clip005_s001/audio.wav,"night spring ambient soundscape, Bowra dry woodland, Australia, mild (15C), dry air, light breeze, recorded 2019-09-01, no music, no machinery",15.03,32.72,1.37,ok
0572_5392_clip005_s002,5392_clip005_s002,5392,2019-09-01,night,spring,train,10.286,resources/site_257_bowra-dry-a/mvp1_all_conditioned_dataset/clips/0572_5392_clip005_s002/audio.wav,"night spring ambient soundscape, Bowra dry woodland, Australia, mild (15C), dry air, light breeze, recorded 2019-09-01, no music, no machinery",15.03,32.72,1.37,ok
0573_5392_clip006_s000,5392_clip006_s000,5392,2019-09-01,night,spring,train,10.31,resources/site_257_bowra-dry-a/mvp1_all_conditioned_dataset/clips/0573_5392_clip006_s000/audio.wav,"night spring ambient soundscape, Bowra dry woodland, Australia, mild (15C), dry air, light breeze, recorded 2019-09-01, no music, no machinery",15.03,32.72,1.37,ok
0574_5392_clip007_s000,5392_clip007_s000,5392,2019-09-01,night,spring,train,10.612,resources/site_257_bowra-dry-a/mvp1_all_conditioned_dataset/clips/0574_5392_clip007_s000/audio.wav,"night spring ambient soundscape, Bowra dry woodland, Australia, mild (15C), dry air, light breeze, recorded 2019-09-01, no music, no machinery",15.03,32.72,1.37,ok
0575_5392_clip007_s001,5392_clip007_s001,5392,2019-09-01,night,spring,train,10.658,resources/site_257_bowra-dry-a/mvp1_all_conditioned_dataset/clips/0575_5392_clip007_s001/audio.wav,"night spring ambient soundscape, Bowra dry woodland, Australia, mild (15C), dry air, light breeze, recorded 2019-09-01, no music, no machinery",15.03,32.72,1.37,ok
0576_5392_clip007_s002,5392_clip007_s002,5392,2019-09-01,night,spring,train,13.351,resources/site_257_bowra-dry-a/mvp1_all_conditioned_dataset/clips/0576_5392_clip007_s002/audio.wav,"night spring ambient soundscape, Bowra dry woodland, Australia, mild (15C), dry air, light breeze, recorded 2019-09-01, no music, no machinery",15.03,32.72,1.37,ok
0577_5392_clip007_s003,5392_clip007_s003,5392,2019-09-01,night,spring,train,10.472,resources/site_257_bowra-dry-a/mvp1_all_conditioned_dataset/clips/0577_5392_clip007_s003/audio.wav,"night spring ambient soundscape, Bowra dry woodland, Australia, mild (15C), dry air, light breeze, recorded 2019-09-01, no music, no machinery",15.03,32.72,1.37,ok
0578_5392_clip008_s000,5392_clip008_s000,5392,2019-09-01,night,spring,train,14.814,resources/site_257_bowra-dry-a/mvp1_all_conditioned_dataset/clips/0578_5392_clip008_s000/audio.wav,"night spring ambient soundscape, Bowra dry woodland, Australia, mild (15C), dry air, light breeze, recorded 2019-09-01, no music, no machinery",15.03,32.72,1.37,ok
0579_5392_clip008_s001,5392_clip008_s001,5392,2019-09-01,night,spring,val,10.565,resources/site_257_bowra-dry-a/mvp1_all_conditioned_dataset/clips/0579_5392_clip008_s001/audio.wav,"night spring ambient soundscape, Bowra dry woodland, Australia, mild (15C), dry air, light breeze, recorded 2019-09-01, no music, no machinery",15.03,32.72,1.37,ok
0580_5392_clip009_s000,5392_clip009_s000,5392,2019-09-01,night,spring,train,12.353,resources/site_257_bowra-dry-a/mvp1_all_conditioned_dataset/clips/0580_5392_clip009_s000/audio.wav,"night spring ambient soundscape, Bowra dry woodland, Australia, mild (15C), dry air, light breeze, recorded 2019-09-01, no music, no machinery",15.03,32.72,1.37,ok
0581_5392_clip009_s001,5392_clip009_s001,5392,2019-09-01,night,spring,train,17.949,resources/site_257_bowra-dry-a/mvp1_all_conditioned_dataset/clips/0581_5392_clip009_s001/audio.wav,"night spring ambient soundscape, Bowra dry woodland, Australia, mild (15C), dry air, light breeze, recorded 2019-09-01, no music, no machinery",15.03,32.72,1.37,ok
0582_5392_clip009_s002,5392_clip009_s002,5392,2019-09-01,night,spring,train,11.889,resources/site_257_bowra-dry-a/mvp1_all_conditioned_dataset/clips/0582_5392_clip009_s002/audio.wav,"night spring ambient soundscape, Bowra dry woodland, Australia, mild (15C), dry air, light breeze, recorded 2019-09-01, no music, no machinery",15.03,32.72,1.37,ok
0583_5392_clip009_s003,5392_clip009_s003,5392,2019-09-01,night,spring,train,10.17,resources/site_257_bowra-dry-a/mvp1_all_conditioned_dataset/clips/0583_5392_clip009_s003/audio.wav,"night spring ambient soundscape, Bowra dry woodland, Australia, mild (15C), dry air, light breeze, recorded 2019-09-01, no music, no machinery",15.03,32.72,1.37,ok
0584_5392_clip010_s000,5392_clip010_s000,5392,2019-09-01,night,spring,train,14.025,resources/site_257_bowra-dry-a/mvp1_all_conditioned_dataset/clips/0584_5392_clip010_s000/audio.wav,"night spring ambient soundscape, Bowra dry woodland, Australia, mild (15C), dry air, light breeze, recorded 2019-09-01, no music, no machinery",15.03,32.72,1.37,ok
0585_5392_clip010_s001,5392_clip010_s001,5392,2019-09-01,night,spring,train,10.101,resources/site_257_bowra-dry-a/mvp1_all_conditioned_dataset/clips/0585_5392_clip010_s001/audio.wav,"night spring ambient soundscape, Bowra dry woodland, Australia, mild (15C), dry air, light breeze, recorded 2019-09-01, no music, no machinery",15.03,32.72,1.37,ok
0586_5392_clip010_s002,5392_clip010_s002,5392,2019-09-01,night,spring,train,11.262,resources/site_257_bowra-dry-a/mvp1_all_conditioned_dataset/clips/0586_5392_clip010_s002/audio.wav,"night spring ambient soundscape, Bowra dry woodland, Australia, mild (15C), dry air, light breeze, recorded 2019-09-01, no music, no machinery",15.03,32.72,1.37,ok
0587_5392_clip011_s000,5392_clip011_s000,5392,2019-09-01,night,spring,train,13.212,resources/site_257_bowra-dry-a/mvp1_all_conditioned_dataset/clips/0587_5392_clip011_s000/audio.wav,"night spring ambient soundscape, Bowra dry woodland, Australia, mild (15C), dry air, light breeze, recorded 2019-09-01, no music, no machinery",15.03,32.72,1.37,ok
0588_5392_clip012_s000,5392_clip012_s000,5392,2019-09-01,night,spring,train,10.217,resources/site_257_bowra-dry-a/mvp1_all_conditioned_dataset/clips/0588_5392_clip012_s000/audio.wav,"night spring ambient soundscape, Bowra dry woodland, Australia, mild (15C), dry air, light breeze, recorded 2019-09-01, no music, no machinery",15.03,32.72,1.37,ok
0589_5392_clip012_s001,5392_clip012_s001,5392,2019-09-01,night,spring,train,12.26,resources/site_257_bowra-dry-a/mvp1_all_conditioned_dataset/clips/0589_5392_clip012_s001/audio.wav,"night spring ambient soundscape, Bowra dry woodland, Australia, mild (15C), dry air, light breeze, recorded 2019-09-01, no music, no machinery",15.03,32.72,1.37,ok
0590_5392_clip014_s000,5392_clip014_s000,5392,2019-09-01,night,spring,train,11.122,resources/site_257_bowra-dry-a/mvp1_all_conditioned_dataset/clips/0590_5392_clip014_s000/audio.wav,"night spring ambient soundscape, Bowra dry woodland, Australia, mild (15C), dry air, light breeze, recorded 2019-09-01, no music, no machinery",15.03,32.72,1.37,ok
0591_5392_clip015_s000,5392_clip015_s000,5392,2019-09-01,night,spring,train,10.426,resources/site_257_bowra-dry-a/mvp1_all_conditioned_dataset/clips/0591_5392_clip015_s000/audio.wav,"night spring ambient soundscape, Bowra dry woodland, Australia, mild (15C), dry air, light breeze, recorded 2019-09-01, no music, no machinery",15.03,32.72,1.37,ok
0592_5392_clip015_s001,5392_clip015_s001,5392,2019-09-01,night,spring,train,12.074,resources/site_257_bowra-dry-a/mvp1_all_conditioned_dataset/clips/0592_5392_clip015_s001/audio.wav,"night spring ambient soundscape, Bowra dry woodland, Australia, mild (15C), dry air, light breeze, recorded 2019-09-01, no music, no machinery",15.03,32.72,1.37,ok
0593_5392_clip016_s000,5392_clip016_s000,5392,2019-09-01,night,spring,train,11.935,resources/site_257_bowra-dry-a/mvp1_all_conditioned_dataset/clips/0593_5392_clip016_s000/audio.wav,"night spring ambient soundscape, Bowra dry woodland, Australia, mild (15C), dry air, light breeze, recorded 2019-09-01, no music, no machinery",15.03,32.72,1.37,ok
0594_5392_clip016_s001,5392_clip016_s001,5392,2019-09-01,night,spring,train,13.607,resources/site_257_bowra-dry-a/mvp1_all_conditioned_dataset/clips/0594_5392_clip016_s001/audio.wav,"night spring ambient soundscape, Bowra dry woodland, Australia, mild (15C), dry air, light breeze, recorded 2019-09-01, no music, no machinery",15.03,32.72,1.37,ok
0595_5392_clip016_s002,5392_clip016_s002,5392,2019-09-01,night,spring,train,10.426,resources/site_257_bowra-dry-a/mvp1_all_conditioned_dataset/clips/0595_5392_clip016_s002/audio.wav,"night spring ambient soundscape, Bowra dry woodland, Australia, mild (15C), dry air, light breeze, recorded 2019-09-01, no music, no machinery",15.03,32.72,1.37,ok
0596_5392_clip016_s003,5392_clip016_s003,5392,2019-09-01,night,spring,train,13.909,resources/site_257_bowra-dry-a/mvp1_all_conditioned_dataset/clips/0596_5392_clip016_s003/audio.wav,"night spring ambient soundscape, Bowra dry woodland, Australia, mild (15C), dry air, light breeze, recorded 2019-09-01, no music, no machinery",15.03,32.72,1.37,ok
0597_5392_clip017_s000,5392_clip017_s000,5392,2019-09-01,night,spring,train,12.934,resources/site_257_bowra-dry-a/mvp1_all_conditioned_dataset/clips/0597_5392_clip017_s000/audio.wav,"night spring ambient soundscape, Bowra dry woodland, Australia, mild (15C), dry air, light breeze, recorded 2019-09-01, no music, no machinery",15.03,32.72,1.37,ok
0598_5392_clip018_s000,5392_clip018_s000,5392,2019-09-01,night,spring,train,14.257,resources/site_257_bowra-dry-a/mvp1_all_conditioned_dataset/clips/0598_5392_clip018_s000/audio.wav,"night spring ambient soundscape, Bowra dry woodland, Australia, mild (15C), dry air, light breeze, recorded 2019-09-01, no music, no machinery",15.03,32.72,1.37,ok
0599_5392_clip019_s000,5392_clip019_s000,5392,2019-09-01,night,spring,train,11.447,resources/site_257_bowra-dry-a/mvp1_all_conditioned_dataset/clips/0599_5392_clip019_s000/audio.wav,"night spring ambient soundscape, Bowra dry woodland, Australia, mild (15C), dry air, light breeze, recorded 2019-09-01, no music, no machinery",15.03,32.72,1.37,ok
0600_5392_clip020_s000,5392_clip020_s000,5392,2019-09-01,night,spring,train,11.61,resources/site_257_bowra-dry-a/mvp1_all_conditioned_dataset/clips/0600_5392_clip020_s000/audio.wav,"night spring ambient soundscape, Bowra dry woodland, Australia, mild (15C), dry air, light breeze, recorded 2019-09-01, no music, no machinery",15.03,32.72,1.37,ok
0601_5392_clip022_s000,5392_clip022_s000,5392,2019-09-01,night,spring,train,13.839,resources/site_257_bowra-dry-a/mvp1_all_conditioned_dataset/clips/0601_5392_clip022_s000/audio.wav,"night spring ambient soundscape, Bowra dry woodland, Australia, mild (15C), dry air, light breeze, recorded 2019-09-01, no music, no machinery",15.03,32.72,1.37,ok
0602_5392_clip024_s000,5392_clip024_s000,5392,2019-09-01,night,spring,train,10.913,resources/site_257_bowra-dry-a/mvp1_all_conditioned_dataset/clips/0602_5392_clip024_s000/audio.wav,"night spring ambient soundscape, Bowra dry woodland, Australia, mild (15C), dry air, light breeze, recorded 2019-09-01, no music, no machinery",15.03,32.72,1.37,ok
0603_5421_clip006_s000,5421_clip006_s000,5421,2019-09-23,night,spring,train,11.029,resources/site_257_bowra-dry-a/mvp1_all_conditioned_dataset/clips/0603_5421_clip006_s000/audio.wav,"night spring ambient soundscape, Bowra dry woodland, Australia, cold (13C), dry air, moderate wind, recorded 2019-09-23, no music, no machinery",13.07,26.51,2.8,ok
0604_4883_clip001_s000,4883_clip001_s000,4883,2019-10-04,night,spring,train,13.119,resources/site_257_bowra-dry-a/mvp1_all_conditioned_dataset/clips/0604_4883_clip001_s000/audio.wav,"night spring ambient soundscape, Bowra dry woodland, Australia, mild (24C), dry air, light breeze, recorded 2019-10-04, no music, no machinery",23.74,22.54,1.48,ok
0605_4883_clip001_s001,4883_clip001_s001,4883,2019-10-04,night,spring,train,12.005,resources/site_257_bowra-dry-a/mvp1_all_conditioned_dataset/clips/0605_4883_clip001_s001/audio.wav,"night spring ambient soundscape, Bowra dry woodland, Australia, mild (24C), dry air, light breeze, recorded 2019-10-04, no music, no machinery",23.74,22.54,1.48,ok
0606_4883_clip001_s002,4883_clip001_s002,4883,2019-10-04,night,spring,train,11.564,resources/site_257_bowra-dry-a/mvp1_all_conditioned_dataset/clips/0606_4883_clip001_s002/audio.wav,"night spring ambient soundscape, Bowra dry woodland, Australia, mild (24C), dry air, light breeze, recorded 2019-10-04, no music, no machinery",23.74,22.54,1.48,ok
0607_4883_clip001_s003,4883_clip001_s003,4883,2019-10-04,night,spring,train,10.263,resources/site_257_bowra-dry-a/mvp1_all_conditioned_dataset/clips/0607_4883_clip001_s003/audio.wav,"night spring ambient soundscape, Bowra dry woodland, Australia, mild (24C), dry air, light breeze, recorded 2019-10-04, no music, no machinery",23.74,22.54,1.48,ok
0608_4883_clip003_s000,4883_clip003_s000,4883,2019-10-04,night,spring,train,13.351,resources/site_257_bowra-dry-a/mvp1_all_conditioned_dataset/clips/0608_4883_clip003_s000/audio.wav,"night spring ambient soundscape, Bowra dry woodland, Australia, mild (24C), dry air, light breeze, recorded 2019-10-04, no music, no machinery",23.74,22.54,1.48,ok
0609_4883_clip005_s000,4883_clip005_s000,4883,2019-10-04,night,spring,train,10.937,resources/site_257_bowra-dry-a/mvp1_all_conditioned_dataset/clips/0609_4883_clip005_s000/audio.wav,"night spring ambient soundscape, Bowra dry woodland, Australia, mild (24C), dry air, light breeze, recorded 2019-10-04, no music, no machinery",23.74,22.54,1.48,ok
0610_4883_clip008_s000,4883_clip008_s000,4883,2019-10-04,night,spring,val,13.142,resources/site_257_bowra-dry-a/mvp1_all_conditioned_dataset/clips/0610_4883_clip008_s000/audio.wav,"night spring ambient soundscape, Bowra dry woodland, Australia, mild (24C), dry air, light breeze, recorded 2019-10-04, no music, no machinery",23.74,22.54,1.48,ok
0611_4883_clip009_s000,4883_clip009_s000,4883,2019-10-04,night,spring,train,11.215,resources/site_257_bowra-dry-a/mvp1_all_conditioned_dataset/clips/0611_4883_clip009_s000/audio.wav,"night spring ambient soundscape, Bowra dry woodland, Australia, mild (24C), dry air, light breeze, recorded 2019-10-04, no music, no machinery",23.74,22.54,1.48,ok
0612_4883_clip011_s000,4883_clip011_s000,4883,2019-10-04,night,spring,train,10.658,resources/site_257_bowra-dry-a/mvp1_all_conditioned_dataset/clips/0612_4883_clip011_s000/audio.wav,"night spring ambient soundscape, Bowra dry woodland, Australia, mild (24C), dry air, light breeze, recorded 2019-10-04, no music, no machinery",23.74,22.54,1.48,ok
0613_4883_clip012_s000,4883_clip012_s000,4883,2019-10-04,night,spring,train,11.355,resources/site_257_bowra-dry-a/mvp1_all_conditioned_dataset/clips/0613_4883_clip012_s000/audio.wav,"night spring ambient soundscape, Bowra dry woodland, Australia, mild (24C), dry air, light breeze, recorded 2019-10-04, no music, no machinery",23.74,22.54,1.48,ok
0614_4883_clip013_s000,4883_clip013_s000,4883,2019-10-04,night,spring,train,10.635,resources/site_257_bowra-dry-a/mvp1_all_conditioned_dataset/clips/0614_4883_clip013_s000/audio.wav,"night spring ambient soundscape, Bowra dry woodland, Australia, mild (24C), dry air, light breeze, recorded 2019-10-04, no music, no machinery",23.74,22.54,1.48,ok
0615_4883_clip013_s001,4883_clip013_s001,4883,2019-10-04,night,spring,train,12.028,resources/site_257_bowra-dry-a/mvp1_all_conditioned_dataset/clips/0615_4883_clip013_s001/audio.wav,"night spring ambient soundscape, Bowra dry woodland, Australia, mild (24C), dry air, light breeze, recorded 2019-10-04, no music, no machinery",23.74,22.54,1.48,ok
0616_4883_clip014_s000,4883_clip014_s000,4883,2019-10-04,night,spring,train,11.819,resources/site_257_bowra-dry-a/mvp1_all_conditioned_dataset/clips/0616_4883_clip014_s000/audio.wav,"night spring ambient soundscape, Bowra dry woodland, Australia, mild (24C), dry air, light breeze, recorded 2019-10-04, no music, no machinery",23.74,22.54,1.48,ok
0617_4883_clip014_s001,4883_clip014_s001,4883,2019-10-04,night,spring,train,10.379,resources/site_257_bowra-dry-a/mvp1_all_conditioned_dataset/clips/0617_4883_clip014_s001/audio.wav,"night spring ambient soundscape, Bowra dry woodland, Australia, mild (24C), dry air, light breeze, recorded 2019-10-04, no music, no machinery",23.74,22.54,1.48,ok
0618_4883_clip015_s000,4883_clip015_s000,4883,2019-10-04,night,spring,train,10.472,resources/site_257_bowra-dry-a/mvp1_all_conditioned_dataset/clips/0618_4883_clip015_s000/audio.wav,"night spring ambient soundscape, Bowra dry woodland, Australia, mild (24C), dry air, light breeze, recorded 2019-10-04, no music, no machinery",23.74,22.54,1.48,ok
0619_4883_clip015_s001,4883_clip015_s001,4883,2019-10-04,night,spring,train,16.974,resources/site_257_bowra-dry-a/mvp1_all_conditioned_dataset/clips/0619_4883_clip015_s001/audio.wav,"night spring ambient soundscape, Bowra dry woodland, Australia, mild (24C), dry air, light breeze, recorded 2019-10-04, no music, no machinery",23.74,22.54,1.48,ok
0620_4883_clip016_s000,4883_clip016_s000,4883,2019-10-04,night,spring,val,10.217,resources/site_257_bowra-dry-a/mvp1_all_conditioned_dataset/clips/0620_4883_clip016_s000/audio.wav,"night spring ambient soundscape, Bowra dry woodland, Australia, mild (24C), dry air, light breeze, recorded 2019-10-04, no music, no machinery",23.74,22.54,1.48,ok
0621_4883_clip016_s001,4883_clip016_s001,4883,2019-10-04,night,spring,train,10.403,resources/site_257_bowra-dry-a/mvp1_all_conditioned_dataset/clips/0621_4883_clip016_s001/audio.wav,"night spring ambient soundscape, Bowra dry woodland, Australia, mild (24C), dry air, light breeze, recorded 2019-10-04, no music, no machinery",23.74,22.54,1.48,ok
0622_4883_clip017_s000,4883_clip017_s000,4883,2019-10-04,night,spring,train,13.491,resources/site_257_bowra-dry-a/mvp1_all_conditioned_dataset/clips/0622_4883_clip017_s000/audio.wav,"night spring ambient soundscape, Bowra dry woodland, Australia, mild (24C), dry air, light breeze, recorded 2019-10-04, no music, no machinery",23.74,22.54,1.48,ok
0623_4883_clip017_s001,4883_clip017_s001,4883,2019-10-04,night,spring,val,12.098,resources/site_257_bowra-dry-a/mvp1_all_conditioned_dataset/clips/0623_4883_clip017_s001/audio.wav,"night spring ambient soundscape, Bowra dry woodland, Australia, mild (24C), dry air, light breeze, recorded 2019-10-04, no music, no machinery",23.74,22.54,1.48,ok
0624_4883_clip017_s002,4883_clip017_s002,4883,2019-10-04,night,spring,train,10.379,resources/site_257_bowra-dry-a/mvp1_all_conditioned_dataset/clips/0624_4883_clip017_s002/audio.wav,"night spring ambient soundscape, Bowra dry woodland, Australia, mild (24C), dry air, light breeze, recorded 2019-10-04, no music, no machinery",23.74,22.54,1.48,ok
0625_4883_clip018_s000,4883_clip018_s000,4883,2019-10-04,night,spring,train,10.751,resources/site_257_bowra-dry-a/mvp1_all_conditioned_dataset/clips/0625_4883_clip018_s000/audio.wav,"night spring ambient soundscape, Bowra dry woodland, Australia, mild (24C), dry air, light breeze, recorded 2019-10-04, no music, no machinery",23.74,22.54,1.48,ok
0626_4883_clip020_s000,4883_clip020_s000,4883,2019-10-04,night,spring,train,10.286,resources/site_257_bowra-dry-a/mvp1_all_conditioned_dataset/clips/0626_4883_clip020_s000/audio.wav,"night spring ambient soundscape, Bowra dry woodland, Australia, mild (24C), dry air, light breeze, recorded 2019-10-04, no music, no machinery",23.74,22.54,1.48,ok
0627_4883_clip020_s001,4883_clip020_s001,4883,2019-10-04,night,spring,train,15.209,resources/site_257_bowra-dry-a/mvp1_all_conditioned_dataset/clips/0627_4883_clip020_s001/audio.wav,"night spring ambient soundscape, Bowra dry woodland, Australia, mild (24C), dry air, light breeze, recorded 2019-10-04, no music, no machinery",23.74,22.54,1.48,ok
0628_4883_clip020_s002,4883_clip020_s002,4883,2019-10-04,night,spring,train,10.356,resources/site_257_bowra-dry-a/mvp1_all_conditioned_dataset/clips/0628_4883_clip020_s002/audio.wav,"night spring ambient soundscape, Bowra dry woodland, Australia, mild (24C), dry air, light breeze, recorded 2019-10-04, no music, no machinery",23.74,22.54,1.48,ok
0629_4883_clip021_s000,4883_clip021_s000,4883,2019-10-04,night,spring,train,12.19,resources/site_257_bowra-dry-a/mvp1_all_conditioned_dataset/clips/0629_4883_clip021_s000/audio.wav,"night spring ambient soundscape, Bowra dry woodland, Australia, mild (24C), dry air, light breeze, recorded 2019-10-04, no music, no machinery",23.74,22.54,1.48,ok
0630_4883_clip021_s001,4883_clip021_s001,4883,2019-10-04,night,spring,train,14.257,resources/site_257_bowra-dry-a/mvp1_all_conditioned_dataset/clips/0630_4883_clip021_s001/audio.wav,"night spring ambient soundscape, Bowra dry woodland, Australia, mild (24C), dry air, light breeze, recorded 2019-10-04, no music, no machinery",23.74,22.54,1.48,ok
0631_4883_clip021_s002,4883_clip021_s002,4883,2019-10-04,night,spring,train,15.534,resources/site_257_bowra-dry-a/mvp1_all_conditioned_dataset/clips/0631_4883_clip021_s002/audio.wav,"night spring ambient soundscape, Bowra dry woodland, Australia, mild (24C), dry air, light breeze, recorded 2019-10-04, no music, no machinery",23.74,22.54,1.48,ok
0632_4883_clip022_s000,4883_clip022_s000,4883,2019-10-04,night,spring,val,12.121,resources/site_257_bowra-dry-a/mvp1_all_conditioned_dataset/clips/0632_4883_clip022_s000/audio.wav,"night spring ambient soundscape, Bowra dry woodland, Australia, mild (24C), dry air, light breeze, recorded 2019-10-04, no music, no machinery",23.74,22.54,1.48,ok
0633_4883_clip023_s000,4883_clip023_s000,4883,2019-10-04,night,spring,train,10.797,resources/site_257_bowra-dry-a/mvp1_all_conditioned_dataset/clips/0633_4883_clip023_s000/audio.wav,"night spring ambient soundscape, Bowra dry woodland, Australia, mild (24C), dry air, light breeze, recorded 2019-10-04, no music, no machinery",23.74,22.54,1.48,ok
0634_4883_clip023_s001,4883_clip023_s001,4883,2019-10-04,night,spring,train,11.935,resources/site_257_bowra-dry-a/mvp1_all_conditioned_dataset/clips/0634_4883_clip023_s001/audio.wav,"night spring ambient soundscape, Bowra dry woodland, Australia, mild (24C), dry air, light breeze, recorded 2019-10-04, no music, no machinery",23.74,22.54,1.48,ok
0635_4883_clip023_s002,4883_clip023_s002,4883,2019-10-04,night,spring,train,14.002,resources/site_257_bowra-dry-a/mvp1_all_conditioned_dataset/clips/0635_4883_clip023_s002/audio.wav,"night spring ambient soundscape, Bowra dry woodland, Australia, mild (24C), dry air, light breeze, recorded 2019-10-04, no music, no machinery",23.74,22.54,1.48,ok
0636_4883_clip023_s003,4883_clip023_s003,4883,2019-10-04,night,spring,train,10.194,resources/site_257_bowra-dry-a/mvp1_all_conditioned_dataset/clips/0636_4883_clip023_s003/audio.wav,"night spring ambient soundscape, Bowra dry woodland, Australia, mild (24C), dry air, light breeze, recorded 2019-10-04, no music, no machinery",23.74,22.54,1.48,ok
0637_4883_clip023_s004,4883_clip023_s004,4883,2019-10-04,night,spring,train,11.564,resources/site_257_bowra-dry-a/mvp1_all_conditioned_dataset/clips/0637_4883_clip023_s004/audio.wav,"night spring ambient soundscape, Bowra dry woodland, Australia, mild (24C), dry air, light breeze, recorded 2019-10-04, no music, no machinery",23.74,22.54,1.48,ok
0638_4883_clip024_s000,4883_clip024_s000,4883,2019-10-04,night,spring,train,14.211,resources/site_257_bowra-dry-a/mvp1_all_conditioned_dataset/clips/0638_4883_clip024_s000/audio.wav,"night spring ambient soundscape, Bowra dry woodland, Australia, mild (24C), dry air, light breeze, recorded 2019-10-04, no music, no machinery",23.74,22.54,1.48,ok
0639_214518_clip001_s000,214518_clip001_s000,214518,2019-10-22,night,spring,train,10.101,resources/site_257_bowra-dry-a/mvp1_all_conditioned_dataset/clips/0639_214518_clip001_s000/audio.wav,"night spring ambient soundscape, Bowra dry woodland, Australia, mild (24C), dry air, light breeze, recorded 2019-10-22, no music, no machinery",23.72,24.78,1.83,ok
0640_214518_clip003_s000,214518_clip003_s000,214518,2019-10-22,night,spring,train,11.146,resources/site_257_bowra-dry-a/mvp1_all_conditioned_dataset/clips/0640_214518_clip003_s000/audio.wav,"night spring ambient soundscape, Bowra dry woodland, Australia, mild (24C), dry air, light breeze, recorded 2019-10-22, no music, no machinery",23.72,24.78,1.83,ok
0641_214518_clip003_s001,214518_clip003_s001,214518,2019-10-22,night,spring,train,10.147,resources/site_257_bowra-dry-a/mvp1_all_conditioned_dataset/clips/0641_214518_clip003_s001/audio.wav,"night spring ambient soundscape, Bowra dry woodland, Australia, mild (24C), dry air, light breeze, recorded 2019-10-22, no music, no machinery",23.72,24.78,1.83,ok
0642_214518_clip005_s000,214518_clip005_s000,214518,2019-10-22,night,spring,train,10.426,resources/site_257_bowra-dry-a/mvp1_all_conditioned_dataset/clips/0642_214518_clip005_s000/audio.wav,"night spring ambient soundscape, Bowra dry woodland, Australia, mild (24C), dry air, light breeze, recorded 2019-10-22, no music, no machinery",23.72,24.78,1.83,ok
0643_214518_clip007_s000,214518_clip007_s000,214518,2019-10-22,night,spring,train,15.302,resources/site_257_bowra-dry-a/mvp1_all_conditioned_dataset/clips/0643_214518_clip007_s000/audio.wav,"night spring ambient soundscape, Bowra dry woodland, Australia, mild (24C), dry air, light breeze, recorded 2019-10-22, no music, no machinery",23.72,24.78,1.83,ok
0644_214518_clip010_s000,214518_clip010_s000,214518,2019-10-22,night,spring,train,11.703,resources/site_257_bowra-dry-a/mvp1_all_conditioned_dataset/clips/0644_214518_clip010_s000/audio.wav,"night spring ambient soundscape, Bowra dry woodland, Australia, mild (24C), dry air, light breeze, recorded 2019-10-22, no music, no machinery",23.72,24.78,1.83,ok
0645_214518_clip012_s000,214518_clip012_s000,214518,2019-10-22,night,spring,train,12.376,resources/site_257_bowra-dry-a/mvp1_all_conditioned_dataset/clips/0645_214518_clip012_s000/audio.wav,"night spring ambient soundscape, Bowra dry woodland, Australia, mild (24C), dry air, light breeze, recorded 2019-10-22, no music, no machinery",23.72,24.78,1.83,ok
0646_214518_clip019_s000,214518_clip019_s000,214518,2019-10-22,night,spring,val,13.584,resources/site_257_bowra-dry-a/mvp1_all_conditioned_dataset/clips/0646_214518_clip019_s000/audio.wav,"night spring ambient soundscape, Bowra dry woodland, Australia, mild (24C), dry air, light breeze, recorded 2019-10-22, no music, no machinery",23.72,24.78,1.83,ok
0647_214518_clip020_s000,214518_clip020_s000,214518,2019-10-22,night,spring,train,10.728,resources/site_257_bowra-dry-a/mvp1_all_conditioned_dataset/clips/0647_214518_clip020_s000/audio.wav,"night spring ambient soundscape, Bowra dry woodland, Australia, mild (24C), dry air, light breeze, recorded 2019-10-22, no music, no machinery",23.72,24.78,1.83,ok
0648_214518_clip021_s000,214518_clip021_s000,214518,2019-10-22,night,spring,val,11.796,resources/site_257_bowra-dry-a/mvp1_all_conditioned_dataset/clips/0648_214518_clip021_s000/audio.wav,"night spring ambient soundscape, Bowra dry woodland, Australia, mild (24C), dry air, light breeze, recorded 2019-10-22, no music, no machinery",23.72,24.78,1.83,ok
0649_214665_clip001_s000,214665_clip001_s000,214665,2019-11-03,night,spring,train,10.542,resources/site_257_bowra-dry-a/mvp1_all_conditioned_dataset/clips/0649_214665_clip001_s000/audio.wav,"night spring ambient soundscape, Bowra dry woodland, Australia, mild (18C), humid air, light breeze, recorded 2019-11-03, no music, no machinery",17.71,91.18,0.82,ok
0650_214665_clip004_s000,214665_clip004_s000,214665,2019-11-03,night,spring,train,11.169,resources/site_257_bowra-dry-a/mvp1_all_conditioned_dataset/clips/0650_214665_clip004_s000/audio.wav,"night spring ambient soundscape, Bowra dry woodland, Australia, mild (18C), humid air, light breeze, recorded 2019-11-03, no music, no machinery",17.71,91.18,0.82,ok
0651_214665_clip011_s000,214665_clip011_s000,214665,2019-11-03,night,spring,train,10.124,resources/site_257_bowra-dry-a/mvp1_all_conditioned_dataset/clips/0651_214665_clip011_s000/audio.wav,"night spring ambient soundscape, Bowra dry woodland, Australia, mild (18C), humid air, light breeze, recorded 2019-11-03, no music, no machinery",17.71,91.18,0.82,ok
0652_214665_clip011_s001,214665_clip011_s001,214665,2019-11-03,night,spring,val,13.793,resources/site_257_bowra-dry-a/mvp1_all_conditioned_dataset/clips/0652_214665_clip011_s001/audio.wav,"night spring ambient soundscape, Bowra dry woodland, Australia, mild (18C), humid air, light breeze, recorded 2019-11-03, no music, no machinery",17.71,91.18,0.82,ok
0653_214665_clip014_s000,214665_clip014_s000,214665,2019-11-03,night,spring,train,11.099,resources/site_257_bowra-dry-a/mvp1_all_conditioned_dataset/clips/0653_214665_clip014_s000/audio.wav,"night spring ambient soundscape, Bowra dry woodland, Australia, mild (18C), humid air, light breeze, recorded 2019-11-03, no music, no machinery",17.71,91.18,0.82,ok
0654_214665_clip014_s001,214665_clip014_s001,214665,2019-11-03,night,spring,train,12.167,resources/site_257_bowra-dry-a/mvp1_all_conditioned_dataset/clips/0654_214665_clip014_s001/audio.wav,"night spring ambient soundscape, Bowra dry woodland, Australia, mild (18C), humid air, light breeze, recorded 2019-11-03, no music, no machinery",17.71,91.18,0.82,ok
0655_214665_clip015_s000,214665_clip015_s000,214665,2019-11-03,night,spring,val,10.704,resources/site_257_bowra-dry-a/mvp1_all_conditioned_dataset/clips/0655_214665_clip015_s000/audio.wav,"night spring ambient soundscape, Bowra dry woodland, Australia, mild (18C), humid air, light breeze, recorded 2019-11-03, no music, no machinery",17.71,91.18,0.82,ok
0656_214665_clip015_s001,214665_clip015_s001,214665,2019-11-03,night,spring,train,10.797,resources/site_257_bowra-dry-a/mvp1_all_conditioned_dataset/clips/0656_214665_clip015_s001/audio.wav,"night spring ambient soundscape, Bowra dry woodland, Australia, mild (18C), humid air, light breeze, recorded 2019-11-03, no music, no machinery",17.71,91.18,0.82,ok
0657_214665_clip016_s000,214665_clip016_s000,214665,2019-11-03,night,spring,train,12.655,resources/site_257_bowra-dry-a/mvp1_all_conditioned_dataset/clips/0657_214665_clip016_s000/audio.wav,"night spring ambient soundscape, Bowra dry woodland, Australia, mild (18C), humid air, light breeze, recorded 2019-11-03, no music, no machinery",17.71,91.18,0.82,ok
