snippet_id,event_type,species_common_name,species_scientific_name,audio_event_id,audio_path,score,quality_score,diel_bin,season,duration_s,recording_id,event_start_seconds,event_end_seconds,source_manifest,verdict,notes
horsfields_bronze_cuckoo_ref58_23635897,horsfields_bronze_cuckoo,Horsfield's Bronze-cuckoo,Chrysococcyx basalis,23635897,resources/site_257_bowra-dry-a/layer_c_smoke_fairywren_robin_bellbird/bronze_cuckoo_natural_core_v1/quality_v1_relaxed/crops/horsfields_bronze_cuckoo/audioevent_23635897_crop_0.50s.wav,0.9980,11.096118,morning,summer,7.000,1402712,2025.000,2031.000,resources/site_257_bowra-dry-a/layer_c_smoke_fairywren_robin_bellbird/bronze_cuckoo_natural_core_v1/manual_audit_horsfields_bronze_cuckoo_pass24_trainset.csv,Pass,
horsfields_bronze_cuckoo_ref15_18696395,horsfields_bronze_cuckoo,Horsfield's Bronze-cuckoo,Chrysococcyx basalis,18696395,resources/site_257_bowra-dry-a/layer_c_smoke_fairywren_robin_bellbird/bronze_cuckoo_natural_core_v1/quality_v1_relaxed/crops/horsfields_bronze_cuckoo/audioevent_18696395_crop_0.50s.wav,0.9974,5.665393,dawn,winter,4.000,1539219,1638.000,1641.000,resources/site_257_bowra-dry-a/layer_c_smoke_fairywren_robin_bellbird/bronze_cuckoo_natural_core_v1/manual_audit_horsfields_bronze_cuckoo_pass24_trainset.csv,Pass,
horsfields_bronze_cuckoo_ref78_1519148,horsfields_bronze_cuckoo,Horsfield's Bronze-cuckoo,Chrysococcyx basalis,1519148,resources/site_257_bowra-dry-a/layer_c_smoke_fairywren_robin_bellbird/bronze_cuckoo_natural_core_v1/quality_v1_relaxed/crops/horsfields_bronze_cuckoo/audioevent_1519148_crop_0.50s.wav,0.9696,5.156224,morning,winter,7.000,1675755,3093.000,3099.000,resources/site_257_bowra-dry-a/layer_c_smoke_fairywren_robin_bellbird/bronze_cuckoo_natural_core_v1/manual_audit_horsfields_bronze_cuckoo_pass24_trainset.csv,Pass,
horsfields_bronze_cuckoo_ref50_13395066,horsfields_bronze_cuckoo,Horsfield's Bronze-cuckoo,Chrysococcyx basalis,13395066,resources/site_257_bowra-dry-a/layer_c_smoke_fairywren_robin_bellbird/bronze_cuckoo_natural_core_v1/quality_v1_relaxed/crops/horsfields_bronze_cuckoo/audioevent_13395066_crop_0.50s.wav,0.9996,4.942894,morning,winter,7.000,1539500,1074.000,1080.000,resources/site_257_bowra-dry-a/layer_c_smoke_fairywren_robin_bellbird/bronze_cuckoo_natural_core_v1/manual_audit_horsfields_bronze_cuckoo_pass24_trainset.csv,Pass,
horsfields_bronze_cuckoo_ref66_18693695,horsfields_bronze_cuckoo,Horsfield's Bronze-cuckoo,Chrysococcyx basalis,18693695,resources/site_257_bowra-dry-a/layer_c_smoke_fairywren_robin_bellbird/bronze_cuckoo_natural_core_v1/quality_v1_relaxed/crops/horsfields_bronze_cuckoo/audioevent_18693695_crop_0.50s.wav,0.9954,4.933436,morning,summer,4.000,1681879,1794.000,1797.000,resources/site_257_bowra-dry-a/layer_c_smoke_fairywren_robin_bellbird/bronze_cuckoo_natural_core_v1/manual_audit_horsfields_bronze_cuckoo_pass24_trainset.csv,Pass,
horsfields_bronze_cuckoo_ref2_10030361,horsfields_bronze_cuckoo,Horsfield's Bronze-cuckoo,Chrysococcyx basalis,10030361,resources/site_257_bowra-dry-a/layer_c_smoke_fairywren_robin_bellbird/bronze_cuckoo_natural_core_v1/quality_v1_relaxed/crops/horsfields_bronze_cuckoo/audioevent_10030361_crop_0.50s.wav,0.9998,4.854007,dawn,spring,4.000,1677414,4650.000,4653.000,resources/site_257_bowra-dry-a/layer_c_smoke_fairywren_robin_bellbird/bronze_cuckoo_natural_core_v1/manual_audit_horsfields_bronze_cuckoo_pass24_trainset.csv,Pass,
horsfields_bronze_cuckoo_ref11_13821609,horsfields_bronze_cuckoo,Horsfield's Bronze-cuckoo,Chrysococcyx basalis,13821609,resources/site_257_bowra-dry-a/layer_c_smoke_fairywren_robin_bellbird/bronze_cuckoo_natural_core_v1/quality_v1_relaxed/crops/horsfields_bronze_cuckoo/audioevent_13821609_crop_0.50s.wav,0.9986,3.995286,dawn,summer,7.000,1402222,168.000,174.000,resources/site_257_bowra-dry-a/layer_c_smoke_fairywren_robin_bellbird/bronze_cuckoo_natural_core_v1/manual_audit_horsfields_bronze_cuckoo_pass24_trainset.csv,Pass,
horsfields_bronze_cuckoo_ref51_9480305,horsfields_bronze_cuckoo,Horsfield's Bronze-cuckoo,Chrysococcyx basalis,9480305,resources/site_257_bowra-dry-a/layer_c_smoke_fairywren_robin_bellbird/bronze_cuckoo_natural_core_v1/quality_v1_relaxed/crops/horsfields_bronze_cuckoo/audioevent_9480305_crop_0.50s.wav,0.9995,3.427159,morning,winter,4.000,1539151,1827.000,1830.000,resources/site_257_bowra-dry-a/layer_c_smoke_fairywren_robin_bellbird/bronze_cuckoo_natural_core_v1/manual_audit_horsfields_bronze_cuckoo_pass24_trainset.csv,Pass,
horsfields_bronze_cuckoo_ref59_13308905,horsfields_bronze_cuckoo,Horsfield's Bronze-cuckoo,Chrysococcyx basalis,13308905,resources/site_257_bowra-dry-a/layer_c_smoke_fairywren_robin_bellbird/bronze_cuckoo_natural_core_v1/quality_v1_relaxed/crops/horsfields_bronze_cuckoo/audioevent_13308905_crop_0.50s.wav,0.9971,3.397809,morning,summer,4.000,1402594,6678.000,6681.000,resources/site_257_bowra-dry-a/layer_c_smoke_fairywren_robin_bellbird/bronze_cuckoo_natural_core_v1/manual_audit_horsfields_bronze_cuckoo_pass24_trainset.csv,Pass,
horsfields_bronze_cuckoo_ref7_6606841,horsfields_bronze_cuckoo,Horsfield's Bronze-cuckoo,Chrysococcyx basalis,6606841,resources/site_257_bowra-dry-a/layer_c_smoke_fairywren_robin_bellbird/bronze_cuckoo_natural_core_v1/quality_v1_relaxed/crops/horsfields_bronze_cuckoo/audioevent_6606841_crop_0.50s.wav,0.9994,3.127475,dawn,summer,7.000,1402608,3732.000,3738.000,resources/site_257_bowra-dry-a/layer_c_smoke_fairywren_robin_bellbird/bronze_cuckoo_natural_core_v1/manual_audit_horsfields_bronze_cuckoo_pass24_trainset.csv,Pass,
horsfields_bronze_cuckoo_ref55_6066203,horsfields_bronze_cuckoo,Horsfield's Bronze-cuckoo,Chrysococcyx basalis,6066203,resources/site_257_bowra-dry-a/layer_c_smoke_fairywren_robin_bellbird/bronze_cuckoo_natural_core_v1/quality_v1_relaxed/crops/horsfields_bronze_cuckoo/audioevent_6066203_crop_0.50s.wav,0.9985,3.088683,morning,autumn,4.000,216261,1407.000,1410.000,resources/site_257_bowra-dry-a/layer_c_smoke_fairywren_robin_bellbird/bronze_cuckoo_natural_core_v1/manual_audit_horsfields_bronze_cuckoo_pass24_trainset.csv,Pass,
horsfields_bronze_cuckoo_ref19_6385636,horsfields_bronze_cuckoo,Horsfield's Bronze-cuckoo,Chrysococcyx basalis,6385636,resources/site_257_bowra-dry-a/layer_c_smoke_fairywren_robin_bellbird/bronze_cuckoo_natural_core_v1/quality_v1_relaxed/crops/horsfields_bronze_cuckoo/audioevent_6385636_crop_0.50s.wav,0.9961,2.237592,dawn,winter,4.000,1539248,1332.000,1335.000,resources/site_257_bowra-dry-a/layer_c_smoke_fairywren_robin_bellbird/bronze_cuckoo_natural_core_v1/manual_audit_horsfields_bronze_cuckoo_pass24_trainset.csv,Pass,
horsfields_bronze_cuckoo_ref5_6143357,horsfields_bronze_cuckoo,Horsfield's Bronze-cuckoo,Chrysococcyx basalis,6143357,resources/site_257_bowra-dry-a/layer_c_smoke_fairywren_robin_bellbird/bronze_cuckoo_natural_core_v1/quality_v1_relaxed/crops/horsfields_bronze_cuckoo/audioevent_6143357_crop_0.50s.wav,0.9995,1.885208,dawn,summer,4.000,1679151,3480.000,3483.000,resources/site_257_bowra-dry-a/layer_c_smoke_fairywren_robin_bellbird/bronze_cuckoo_natural_core_v1/manual_audit_horsfields_bronze_cuckoo_pass24_trainset.csv,Pass,
horsfields_bronze_cuckoo_ref12_882412,horsfields_bronze_cuckoo,Horsfield's Bronze-cuckoo,Chrysococcyx basalis,882412,resources/site_257_bowra-dry-a/layer_c_smoke_fairywren_robin_bellbird/bronze_cuckoo_natural_core_v1/quality_v1_relaxed/crops/horsfields_bronze_cuckoo/audioevent_882412_crop_0.50s.wav,0.9986,1.642456,dawn,winter,4.000,1535930,609.000,612.000,resources/site_257_bowra-dry-a/layer_c_smoke_fairywren_robin_bellbird/bronze_cuckoo_natural_core_v1/manual_audit_horsfields_bronze_cuckoo_pass24_trainset.csv,Pass,
horsfields_bronze_cuckoo_ref63_5717704,horsfields_bronze_cuckoo,Horsfield's Bronze-cuckoo,Chrysococcyx basalis,5717704,resources/site_257_bowra-dry-a/layer_c_smoke_fairywren_robin_bellbird/bronze_cuckoo_natural_core_v1/quality_v1_relaxed/crops/horsfields_bronze_cuckoo/audioevent_5717704_crop_0.50s.wav,0.9962,0.794195,morning,spring,4.000,1680769,555.000,558.000,resources/site_257_bowra-dry-a/layer_c_smoke_fairywren_robin_bellbird/bronze_cuckoo_natural_core_v1/manual_audit_horsfields_bronze_cuckoo_pass24_trainset.csv,Pass,
horsfields_bronze_cuckoo_ref16_3840998,horsfields_bronze_cuckoo,Horsfield's Bronze-cuckoo,Chrysococcyx basalis,3840998,resources/site_257_bowra-dry-a/layer_c_smoke_fairywren_robin_bellbird/bronze_cuckoo_natural_core_v1/quality_v1_relaxed/crops/horsfields_bronze_cuckoo/audioevent_3840998_crop_0.50s.wav,0.9973,0.668231,dawn,spring,4.000,1678493,1341.000,1344.000,resources/site_257_bowra-dry-a/layer_c_smoke_fairywren_robin_bellbird/bronze_cuckoo_natural_core_v1/manual_audit_horsfields_bronze_cuckoo_pass24_trainset.csv,Pass,
horsfields_bronze_cuckoo_ref60_4549369,horsfields_bronze_cuckoo,Horsfield's Bronze-cuckoo,Chrysococcyx basalis,4549369,resources/site_257_bowra-dry-a/layer_c_smoke_fairywren_robin_bellbird/bronze_cuckoo_natural_core_v1/quality_v1_relaxed/crops/horsfields_bronze_cuckoo/audioevent_4549369_crop_0.50s.wav,0.9970,0.380845,morning,winter,4.000,1535932,4965.000,4968.000,resources/site_257_bowra-dry-a/layer_c_smoke_fairywren_robin_bellbird/bronze_cuckoo_natural_core_v1/manual_audit_horsfields_bronze_cuckoo_pass24_trainset.csv,Pass,
horsfields_bronze_cuckoo_ref4_23534163,horsfields_bronze_cuckoo,Horsfield's Bronze-cuckoo,Chrysococcyx basalis,23534163,resources/site_257_bowra-dry-a/layer_c_smoke_fairywren_robin_bellbird/bronze_cuckoo_natural_core_v1/quality_v1_relaxed/crops/horsfields_bronze_cuckoo/audioevent_23534163_crop_0.50s.wav,0.9997,-0.215998,dawn,autumn,4.000,1671719,6036.000,6039.000,resources/site_257_bowra-dry-a/layer_c_smoke_fairywren_robin_bellbird/bronze_cuckoo_natural_core_v1/manual_audit_horsfields_bronze_cuckoo_pass24_trainset.csv,Pass,
horsfields_bronze_cuckoo_ref74_23844269,horsfields_bronze_cuckoo,Horsfield's Bronze-cuckoo,Chrysococcyx basalis,23844269,resources/site_257_bowra-dry-a/layer_c_smoke_fairywren_robin_bellbird/bronze_cuckoo_natural_core_v1/quality_v1_relaxed/crops/horsfields_bronze_cuckoo/audioevent_23844269_crop_0.50s.wav,0.9839,-1.320476,morning,summer,4.000,1402662,15.000,18.000,resources/site_257_bowra-dry-a/layer_c_smoke_fairywren_robin_bellbird/bronze_cuckoo_natural_core_v1/manual_audit_horsfields_bronze_cuckoo_pass24_trainset.csv,Pass,
horsfields_bronze_cuckoo_ref80_22638191,horsfields_bronze_cuckoo,Horsfield's Bronze-cuckoo,Chrysococcyx basalis,22638191,resources/site_257_bowra-dry-a/layer_c_smoke_fairywren_robin_bellbird/bronze_cuckoo_natural_core_v1/quality_v1_relaxed/crops/horsfields_bronze_cuckoo/audioevent_22638191_crop_0.50s.wav,0.9583,-1.383704,morning,winter,4.000,1536789,678.000,681.000,resources/site_257_bowra-dry-a/layer_c_smoke_fairywren_robin_bellbird/bronze_cuckoo_natural_core_v1/manual_audit_horsfields_bronze_cuckoo_pass24_trainset.csv,Pass,
horsfields_bronze_cuckoo_ref73_20598228,horsfields_bronze_cuckoo,Horsfield's Bronze-cuckoo,Chrysococcyx basalis,20598228,resources/site_257_bowra-dry-a/layer_c_smoke_fairywren_robin_bellbird/bronze_cuckoo_natural_core_v1/quality_v1_relaxed/crops/horsfields_bronze_cuckoo/audioevent_20598228_crop_0.50s.wav,0.9859,-3.443154,morning,winter,4.000,1672183,162.000,165.000,resources/site_257_bowra-dry-a/layer_c_smoke_fairywren_robin_bellbird/bronze_cuckoo_natural_core_v1/manual_audit_horsfields_bronze_cuckoo_pass24_trainset.csv,Pass,
horsfields_bronze_cuckoo_ref36_7672803,horsfields_bronze_cuckoo,Horsfield's Bronze-cuckoo,Chrysococcyx basalis,7672803,resources/site_257_bowra-dry-a/layer_c_smoke_fairywren_robin_bellbird/bronze_cuckoo_natural_core_v1/quality_v1_relaxed/crops/horsfields_bronze_cuckoo/audioevent_7672803_crop_0.50s.wav,0.9559,-5.551660,dawn,summer,4.000,1401636,1137.000,1140.000,resources/site_257_bowra-dry-a/layer_c_smoke_fairywren_robin_bellbird/bronze_cuckoo_natural_core_v1/manual_audit_horsfields_bronze_cuckoo_pass24_trainset.csv,Pass,
horsfields_bronze_cuckoo_ref52_11250378,horsfields_bronze_cuckoo,Horsfield's Bronze-cuckoo,Chrysococcyx basalis,11250378,resources/site_257_bowra-dry-a/layer_c_smoke_fairywren_robin_bellbird/bronze_cuckoo_natural_core_v1/quality_v1_relaxed/crops/horsfields_bronze_cuckoo/audioevent_11250378_crop_0.50s.wav,0.9992,-5.750840,morning,summer,7.000,1402704,3360.000,3366.000,resources/site_257_bowra-dry-a/layer_c_smoke_fairywren_robin_bellbird/bronze_cuckoo_natural_core_v1/manual_audit_horsfields_bronze_cuckoo_pass24_trainset.csv,Pass,
horsfields_bronze_cuckoo_ref48_18703153,horsfields_bronze_cuckoo,Horsfield's Bronze-cuckoo,Chrysococcyx basalis,18703153,resources/site_257_bowra-dry-a/layer_c_smoke_fairywren_robin_bellbird/bronze_cuckoo_natural_core_v1/quality_v1_relaxed/crops/horsfields_bronze_cuckoo/audioevent_18703153_crop_0.50s.wav,0.9998,-7.314961,morning,winter,4.000,1681511,5709.000,5712.000,resources/site_257_bowra-dry-a/layer_c_smoke_fairywren_robin_bellbird/bronze_cuckoo_natural_core_v1/manual_audit_horsfields_bronze_cuckoo_pass24_trainset.csv,Pass,
splendid_fairywren_natural1_13404993,splendid_fairywren,Splendid Fairywren,Malurus splendens,13404993,resources/site_257_bowra-dry-a/layer_c_smoke_fairywren_robin_bellbird/quality_v2_relaxed/crops/splendid_fairywren/audioevent_13404993_crop_0.50s.wav,0.9850,16.857355,dawn,winter,6.000,1536304,318.000,324.000,resources/site_257_bowra-dry-a/layer_c_smoke_fairywren_robin_bellbird/natural_core_v1/manual_audit_splendid_fairywren_natural_core_top55.csv,Pass,
splendid_fairywren_natural2_5745720,splendid_fairywren,Splendid Fairywren,Malurus splendens,5745720,resources/site_257_bowra-dry-a/layer_c_smoke_fairywren_robin_bellbird/quality_v2_relaxed/crops/splendid_fairywren/audioevent_5745720_crop_0.50s.wav,0.9563,12.529019,dawn,autumn,6.000,216491,315.000,321.000,resources/site_257_bowra-dry-a/layer_c_smoke_fairywren_robin_bellbird/natural_core_v1/manual_audit_splendid_fairywren_natural_core_top55.csv,Pass,
splendid_fairywren_natural3_13845957,splendid_fairywren,Splendid Fairywren,Malurus splendens,13845957,resources/site_257_bowra-dry-a/layer_c_smoke_fairywren_robin_bellbird/quality_v2_relaxed/crops/splendid_fairywren/audioevent_13845957_crop_0.50s.wav,0.9184,17.075697,dawn,spring,6.000,1678678,3738.000,3744.000,resources/site_257_bowra-dry-a/layer_c_smoke_fairywren_robin_bellbird/natural_core_v1/manual_audit_splendid_fairywren_natural_core_top55.csv,Pass,
splendid_fairywren_natural4_18788757,splendid_fairywren,Splendid Fairywren,Malurus splendens,18788757,resources/site_257_bowra-dry-a/layer_c_smoke_fairywren_robin_bellbird/quality_v2_relaxed/crops/splendid_fairywren/audioevent_18788757_crop_0.50s.wav,0.9703,7.501431,dawn,spring,6.000,1677069,4524.000,4530.000,resources/site_257_bowra-dry-a/layer_c_smoke_fairywren_robin_bellbird/natural_core_v1/manual_audit_splendid_fairywren_natural_core_top55.csv,Pass,
splendid_fairywren_natural5_23761524,splendid_fairywren,Splendid Fairywren,Malurus splendens,23761524,resources/site_257_bowra-dry-a/layer_c_smoke_fairywren_robin_bellbird/quality_v2_relaxed/crops/splendid_fairywren/audioevent_23761524_crop_0.50s.wav,0.9891,6.464093,dawn,summer,3.000,1677520,4119.000,4122.000,resources/site_257_bowra-dry-a/layer_c_smoke_fairywren_robin_bellbird/natural_core_v1/manual_audit_splendid_fairywren_natural_core_top55.csv,Pass,
splendid_fairywren_natural6_23826720,splendid_fairywren,Splendid Fairywren,Malurus splendens,23826720,resources/site_257_bowra-dry-a/layer_c_smoke_fairywren_robin_bellbird/quality_v2_relaxed/crops/splendid_fairywren/audioevent_23826720_crop_0.50s.wav,0.9748,22.002473,dawn,spring,6.000,1536133,7173.000,7179.000,resources/site_257_bowra-dry-a/layer_c_smoke_fairywren_robin_bellbird/natural_core_v1/manual_audit_splendid_fairywren_natural_core_top55.csv,Pass,
splendid_fairywren_natural7_16425656,splendid_fairywren,Splendid Fairywren,Malurus splendens,16425656,resources/site_257_bowra-dry-a/layer_c_smoke_fairywren_robin_bellbird/quality_v2_relaxed/crops/splendid_fairywren/audioevent_16425656_crop_0.50s.wav,0.9443,13.843533,dawn,summer,3.000,1402213,3705.000,3708.000,resources/site_257_bowra-dry-a/layer_c_smoke_fairywren_robin_bellbird/natural_core_v1/manual_audit_splendid_fairywren_natural_core_top55.csv,Pass,
splendid_fairywren_natural8_6904411,splendid_fairywren,Splendid Fairywren,Malurus splendens,6904411,resources/site_257_bowra-dry-a/layer_c_smoke_fairywren_robin_bellbird/quality_v2_relaxed/crops/splendid_fairywren/audioevent_6904411_crop_0.50s.wav,0.9925,18.882419,dawn,summer,3.000,1402591,4278.000,4281.000,resources/site_257_bowra-dry-a/layer_c_smoke_fairywren_robin_bellbird/natural_core_v1/manual_audit_splendid_fairywren_natural_core_top55.csv,Pass,
splendid_fairywren_natural9_15251544,splendid_fairywren,Splendid Fairywren,Malurus splendens,15251544,resources/site_257_bowra-dry-a/layer_c_smoke_fairywren_robin_bellbird/quality_v2_relaxed/crops/splendid_fairywren/audioevent_15251544_crop_0.50s.wav,0.9925,4.514412,dawn,summer,3.000,1679222,3753.000,3756.000,resources/site_257_bowra-dry-a/layer_c_smoke_fairywren_robin_bellbird/natural_core_v1/manual_audit_splendid_fairywren_natural_core_top55.csv,Pass,
splendid_fairywren_natural10_3797024,splendid_fairywren,Splendid Fairywren,Malurus splendens,3797024,resources/site_257_bowra-dry-a/layer_c_smoke_fairywren_robin_bellbird/quality_v2_relaxed/crops/splendid_fairywren/audioevent_3797024_crop_0.50s.wav,0.9967,23.341146,dawn,autumn,3.000,1535461,534.000,537.000,resources/site_257_bowra-dry-a/layer_c_smoke_fairywren_robin_bellbird/natural_core_v1/manual_audit_splendid_fairywren_natural_core_top55.csv,Pass,
splendid_fairywren_natural11_15431194,splendid_fairywren,Splendid Fairywren,Malurus splendens,15431194,resources/site_257_bowra-dry-a/layer_c_smoke_fairywren_robin_bellbird/quality_v2_relaxed/crops/splendid_fairywren/audioevent_15431194_crop_0.50s.wav,0.9863,5.107195,dawn,summer,3.000,1402246,3681.000,3684.000,resources/site_257_bowra-dry-a/layer_c_smoke_fairywren_robin_bellbird/natural_core_v1/manual_audit_splendid_fairywren_natural_core_top55.csv,Pass,
splendid_fairywren_natural12_24065199,splendid_fairywren,Splendid Fairywren,Malurus splendens,24065199,resources/site_257_bowra-dry-a/layer_c_smoke_fairywren_robin_bellbird/quality_v2_relaxed/crops/splendid_fairywren/audioevent_24065199_crop_0.50s.wav,0.9901,13.348132,dawn,summer,3.000,1401800,6585.000,6588.000,resources/site_257_bowra-dry-a/layer_c_smoke_fairywren_robin_bellbird/natural_core_v1/manual_audit_splendid_fairywren_natural_core_top55.csv,Pass,
splendid_fairywren_natural13_13490756,splendid_fairywren,Splendid Fairywren,Malurus splendens,13490756,resources/site_257_bowra-dry-a/layer_c_smoke_fairywren_robin_bellbird/quality_v2_relaxed/crops/splendid_fairywren/audioevent_13490756_crop_0.50s.wav,0.9851,25.675880,dawn,spring,3.000,445539,678.000,681.000,resources/site_257_bowra-dry-a/layer_c_smoke_fairywren_robin_bellbird/natural_core_v1/manual_audit_splendid_fairywren_natural_core_top55.csv,Pass,
splendid_fairywren_natural14_2247215,splendid_fairywren,Splendid Fairywren,Malurus splendens,2247215,resources/site_257_bowra-dry-a/layer_c_smoke_fairywren_robin_bellbird/quality_v2_relaxed/crops/splendid_fairywren/audioevent_2247215_crop_0.50s.wav,0.9902,17.980453,dawn,summer,3.000,1676758,3825.000,3828.000,resources/site_257_bowra-dry-a/layer_c_smoke_fairywren_robin_bellbird/natural_core_v1/manual_audit_splendid_fairywren_natural_core_top55.csv,Pass,
splendid_fairywren_natural15_4549431,splendid_fairywren,Splendid Fairywren,Malurus splendens,4549431,resources/site_257_bowra-dry-a/layer_c_smoke_fairywren_robin_bellbird/quality_v2_relaxed/crops/splendid_fairywren/audioevent_4549431_crop_0.50s.wav,0.9752,9.238706,morning,winter,6.000,1535932,6264.000,6270.000,resources/site_257_bowra-dry-a/layer_c_smoke_fairywren_robin_bellbird/natural_core_v1/manual_audit_splendid_fairywren_natural_core_top55.csv,Pass,
splendid_fairywren_natural16_1207427,splendid_fairywren,Splendid Fairywren,Malurus splendens,1207427,resources/site_257_bowra-dry-a/layer_c_smoke_fairywren_robin_bellbird/quality_v2_relaxed/crops/splendid_fairywren/audioevent_1207427_crop_0.50s.wav,0.9968,6.310271,dawn,summer,3.000,1401651,6141.000,6144.000,resources/site_257_bowra-dry-a/layer_c_smoke_fairywren_robin_bellbird/natural_core_v1/manual_audit_splendid_fairywren_natural_core_top55.csv,Pass,
splendid_fairywren_natural17_15189123,splendid_fairywren,Splendid Fairywren,Malurus splendens,15189123,resources/site_257_bowra-dry-a/layer_c_smoke_fairywren_robin_bellbird/quality_v2_relaxed/crops/splendid_fairywren/audioevent_15189123_crop_0.50s.wav,0.9979,21.138480,dawn,spring,3.000,1677472,3360.000,3363.000,resources/site_257_bowra-dry-a/layer_c_retrieval_cuckoo_fairywren/fairywren/retrieval_pool_v3_target30/manual_audit_splendid_fairywren_target30_supplement14.csv,Pass,selected to expand Fairywren retrieval pool to 30; pending human audit
splendid_fairywren_natural18_374366,splendid_fairywren,Splendid Fairywren,Malurus splendens,374366,resources/site_257_bowra-dry-a/layer_c_smoke_fairywren_robin_bellbird/quality_v2_relaxed/crops/splendid_fairywren/audioevent_374366_crop_0.50s.wav,0.9865,21.900955,dawn,summer,3.000,1679728,3999.000,4002.000,resources/site_257_bowra-dry-a/layer_c_retrieval_cuckoo_fairywren/fairywren/retrieval_pool_v3_target30/manual_audit_splendid_fairywren_target30_supplement14.csv,Pass,selected to expand Fairywren retrieval pool to 30; pending human audit
splendid_fairywren_natural19_4326983,splendid_fairywren,Splendid Fairywren,Malurus splendens,4326983,resources/site_257_bowra-dry-a/layer_c_smoke_fairywren_robin_bellbird/quality_v2_relaxed/crops/splendid_fairywren/audioevent_4326983_crop_0.50s.wav,0.9960,12.988512,dawn,spring,3.000,1401013,6318.000,6321.000,resources/site_257_bowra-dry-a/layer_c_retrieval_cuckoo_fairywren/fairywren/retrieval_pool_v3_target30/manual_audit_splendid_fairywren_target30_supplement14.csv,Pass,selected to expand Fairywren retrieval pool to 30; pending human audit
splendid_fairywren_natural20_24116609,splendid_fairywren,Splendid Fairywren,Malurus splendens,24116609,resources/site_257_bowra-dry-a/layer_c_smoke_fairywren_robin_bellbird/quality_v2_relaxed/crops/splendid_fairywren/audioevent_24116609_crop_0.50s.wav,0.9964,2.759839,dawn,spring,3.000,1682419,5682.000,5685.000,resources/site_257_bowra-dry-a/layer_c_retrieval_cuckoo_fairywren/fairywren/retrieval_pool_v3_target30/manual_audit_splendid_fairywren_target30_supplement14.csv,Pass,selected to expand Fairywren retrieval pool to 30; pending human audit
splendid_fairywren_natural21_8023212,splendid_fairywren,Splendid Fairywren,Malurus splendens,8023212,resources/site_257_bowra-dry-a/layer_c_smoke_fairywren_robin_bellbird/quality_v2_relaxed/crops/splendid_fairywren/audioevent_8023212_crop_0.50s.wav,0.9969,0.487212,dawn,spring,3.000,1399627,468.000,471.000,resources/site_257_bowra-dry-a/layer_c_retrieval_cuckoo_fairywren/fairywren/retrieval_pool_v3_target30/manual_audit_splendid_fairywren_target30_supplement14.csv,Pass,selected to expand Fairywren retrieval pool to 30; pending human audit
splendid_fairywren_natural22_4716425,splendid_fairywren,Splendid Fairywren,Malurus splendens,4716425,resources/site_257_bowra-dry-a/layer_c_smoke_fairywren_robin_bellbird/quality_v2_relaxed/crops/splendid_fairywren/audioevent_4716425_crop_0.50s.wav,0.9943,0.470836,dawn,summer,3.000,1402663,3978.000,3981.000,resources/site_257_bowra-dry-a/layer_c_retrieval_cuckoo_fairywren/fairywren/retrieval_pool_v3_target30/manual_audit_splendid_fairywren_target30_supplement14.csv,Pass,selected to expand Fairywren retrieval pool to 30; pending human audit
splendid_fairywren_natural23_5016886,splendid_fairywren,Splendid Fairywren,Malurus splendens,5016886,resources/site_257_bowra-dry-a/layer_c_smoke_fairywren_robin_bellbird/quality_v2_relaxed/crops/splendid_fairywren/audioevent_5016886_crop_0.50s.wav,0.9953,0.499139,dawn,spring,3.000,1399690,258.000,261.000,resources/site_257_bowra-dry-a/layer_c_retrieval_cuckoo_fairywren/fairywren/retrieval_pool_v3_target30/manual_audit_splendid_fairywren_target30_supplement14.csv,Pass,selected to expand Fairywren retrieval pool to 30; pending human audit
